"row_id","abundance","scenario","rep_id","n_sites","lambda_true_med","ncam_mean","ncam_med","ncam_q99","ncam_max","ncam_draw_max","frac_site_gt50","frac_site_gt200"
541,"bobcat_like","null",1,705,0.113748224571343,0.445123581560284,0.1645,3.34007,5.154375,22,0,0
542,"bobcat_like","null",2,705,0.113748224571343,0.348496985815603,0.108,2.864635,3.51725,24,0,0
543,"bobcat_like","null",3,705,0.113748224571343,0.397474290780142,0.146375,2.476285,3.375875,70,0,0
544,"bobcat_like","null",4,705,0.113748224571343,0.434049822695035,0.181875,2.65520500000001,3.6385,22,0,0
545,"bobcat_like","null",5,705,0.113748224571343,0.332363120567376,0.125,2.21126,2.94975,15,0,0
546,"bobcat_like","null",6,705,0.113748224571343,0.393534219858156,0.1075,2.82048,4.460125,27,0,0
547,"bobcat_like","null",7,705,0.113748224571343,0.370552304964539,0.160125,2.48193,3.768125,20,0,0
548,"bobcat_like","null",8,705,0.113748224571343,0.31101524822695,0.107375,1.98595,3.2625,20,0,0
549,"bobcat_like","null",9,705,0.113748224571343,0.328021808510638,0.1135,2.25597,3.150625,18,0,0
550,"bobcat_like","null",10,705,0.113748224571343,0.37278634751773,0.10725,3.076415,4.389375,22,0,0
551,"bobcat_like","null",11,705,0.113748224571343,0.371439539007092,0.11975,2.398085,3.175375,20,0,0
552,"bobcat_like","null",12,705,0.113748224571343,0.384187234042553,0.111875,2.8407,3.867375,27,0,0
553,"bobcat_like","null",13,705,0.113748224571343,0.699636879432624,0.138,10.026725,15.300125,104,0,0
554,"bobcat_like","null",14,705,0.113748224571343,0.312964184397163,0.094375,2.37633,2.927125,15,0,0
555,"bobcat_like","null",15,705,0.113748224571343,0.401375709219858,0.106125,3.179995,4.380375,21,0,0
556,"bobcat_like","null",16,705,0.113748224571343,0.353730496453901,0.141,2.39797000000001,3.279625,16,0,0
557,"bobcat_like","null",17,705,0.113748224571343,0.289012056737589,0.086125,2.623835,3.308125,21,0,0
558,"bobcat_like","null",18,705,0.113748224571343,0.380631382978723,0.106,2.55342000000001,4.200875,27,0,0
559,"bobcat_like","null",19,705,0.113748224571343,0.351329787234043,0.12275,2.162205,3.03125,17,0,0
560,"bobcat_like","null",20,705,0.113748224571343,0.27782109929078,0.087875,1.83595,2.918,16,0,0
561,"bobcat_like","null",21,705,0.113748224571343,0.376089184397163,0.180125,2.396695,4.18375,21,0,0
562,"bobcat_like","null",22,705,0.113748224571343,0.246757624113475,0.0855,1.83685,2.49375,15,0,0
563,"bobcat_like","null",23,705,0.113748224571343,0.359987943262411,0.128125,2.555645,4.5985,23,0,0
564,"bobcat_like","null",24,705,0.113748224571343,0.293495212765957,0.087625,1.988055,2.4245,13,0,0
565,"bobcat_like","null",25,705,0.113748224571343,0.332706028368794,0.096375,2.21786,3.1665,17,0,0
566,"bobcat_like","null",26,705,0.113748224571343,0.399956914893617,0.1905,2.68908,3.562375,29,0,0
567,"bobcat_like","null",27,705,0.113748224571343,0.374272517730496,0.13225,2.78114000000001,4.39375,22,0,0
568,"bobcat_like","null",28,705,0.113748224571343,0.284193262411348,0.088875,1.92695,2.86425,11,0,0
569,"bobcat_like","null",29,705,0.113748224571343,0.398345567375887,0.115625,2.97776000000002,4.323,54,0,0
570,"bobcat_like","null",30,705,0.113748224571343,0.346988829787234,0.062625,3.31075,8.02025,53,0,0
571,"bobcat_like","varying",1,705,0.113748224571343,0.333709929078014,0.117125,1.942745,4.381375,42,0,0
572,"bobcat_like","varying",2,705,0.113748224571343,0.242020567375887,0.056375,1.77878,2.8455,14,0,0
573,"bobcat_like","varying",3,705,0.113748224571343,0.45366719858156,0.162,2.884875,4.12,26,0,0
574,"bobcat_like","varying",4,705,0.113748224571343,0.353650354609929,0.116,2.716505,3.191875,16,0,0
575,"bobcat_like","varying",5,705,0.113748224571343,0.388337056737589,0.12775,2.72249,3.809875,28,0,0
576,"bobcat_like","varying",6,705,0.113748224571343,0.293677836879433,0.095875,2.01018000000001,3.18925,22,0,0
577,"bobcat_like","varying",7,705,0.113748224571343,0.326371808510638,0.118,1.82293,2.336375,12,0,0
578,"bobcat_like","varying",8,705,0.113748224571343,0.41472890070922,0.0915,3.903335,5.286375,27,0,0
579,"bobcat_like","varying",9,705,0.113748224571343,0.420503014184397,0.1395,2.85677500000001,7.986875,60,0,0
580,"bobcat_like","varying",10,705,0.113748224571343,0.326926773049645,0.114625,2.26526,3.288,20,0,0
581,"bobcat_like","varying",11,705,0.113748224571343,0.469980673758865,0.232875,2.46864,3.1485,13,0,0
582,"bobcat_like","varying",12,705,0.113748224571343,0.444743439716312,0.1295,3.23908,4.79275,22,0,0
583,"bobcat_like","varying",13,705,0.113748224571343,0.328156205673759,0.082875,2.533275,3.35375,15,0,0
584,"bobcat_like","varying",14,705,0.113748224571343,0.409640425531915,0.08375,4.09699500000001,7.58825,133,0,0
585,"bobcat_like","varying",15,705,0.113748224571343,0.403215957446808,0.169375,2.23264,6.277,31,0,0
586,"bobcat_like","varying",16,705,0.113748224571343,0.369316312056738,0.11375,3.21331000000002,3.983,145,0,0
587,"bobcat_like","varying",17,705,0.113748224571343,0.405019326241135,0.15025,2.58442500000001,3.796875,26,0,0
588,"bobcat_like","varying",18,705,0.113748224571343,0.498731560283688,0.15025,3.369155,5.296,41,0,0
589,"bobcat_like","varying",19,705,0.113748224571343,0.251145390070922,0.0755,1.79328,2.62375,20,0,0
590,"bobcat_like","varying",20,705,0.113748224571343,0.58252890070922,0.236,3.312755,4.281625,29,0,0
591,"bobcat_like","varying",21,705,0.113748224571343,0.404828368794326,0.1215,2.766055,3.86925,19,0,0
592,"bobcat_like","varying",22,705,0.113748224571343,0.407513120567376,0.193125,2.464405,3.14825,22,0,0
593,"bobcat_like","varying",23,705,0.113748224571343,0.469772340425532,0.22375,2.71044000000001,3.529375,18,0,0
594,"bobcat_like","varying",24,705,0.113748224571343,0.357690602836879,0.150375,1.98094,3.2485,21,0,0
595,"bobcat_like","varying",25,705,0.113748224571343,0.279425,0.060125,2.424875,3.406875,19,0,0
596,"bobcat_like","varying",26,705,0.113748224571343,0.351618085106383,0.106125,2.69366000000001,4.400625,17,0,0
597,"bobcat_like","varying",27,705,0.113748224571343,0.347334219858156,0.16275,2.104865,2.502125,19,0,0
598,"bobcat_like","varying",28,705,0.113748224571343,0.393691843971631,0.130375,2.50836,5.07675,78,0,0
599,"bobcat_like","varying",29,705,0.113748224571343,0.372727304964539,0.13775,2.21079,3.627625,14,0,0
600,"bobcat_like","varying",30,705,0.113748224571343,0.363291489361702,0.171625,2.2951,3.526,19,0,0
601,"deer_like","null",1,705,0.509784174831746,1.19316028368794,0.90675,4.25791000000001,5.64875,19,0,0
602,"deer_like","null",2,705,0.509784174831746,1.90666276595745,1.6085,6.25357,6.805,38,0,0
603,"deer_like","null",3,705,0.509784174831746,1.06225283687943,0.7705,3.752975,5.11075,18,0,0
604,"deer_like","null",4,705,0.509784174831746,1.35759361702128,1.001875,4.87992000000001,5.396875,24,0,0
605,"deer_like","null",5,705,0.509784174831746,1.53189680851064,1.203,5.81199500000002,7.09875,30,0,0
606,"deer_like","null",6,705,0.509784174831746,1.16054414893617,0.7535,4.02884,5.816375,20,0,0
607,"deer_like","null",7,705,0.509784174831746,1.33933617021277,1.098125,5.19482000000001,5.88925,24,0,0
608,"deer_like","null",8,705,0.509784174831746,0.982145212765957,0.658375,3.740325,5.5825,21,0,0
609,"deer_like","null",9,705,0.509784174831746,1.41262960992908,1.051875,6.40689000000001,7.13425,26,0,0
610,"deer_like","null",10,705,0.509784174831746,1.22975372340426,0.80425,5.56161000000001,7.364375,25,0,0
611,"deer_like","null",11,705,0.509784174831746,1.21743031914894,0.917,4.73394,5.70275,26,0,0
612,"deer_like","null",12,705,0.509784174831746,1.74960212765957,1.624375,4.42439,5.12075,26,0,0
613,"deer_like","null",13,705,0.509784174831746,1.17912765957447,0.81275,4.391415,5.644875,32,0,0
614,"deer_like","null",14,705,0.509784174831746,1.20469468085106,0.855875,3.905655,5.06125,22,0,0
615,"deer_like","null",15,705,0.509784174831746,1.53822677304965,1.23075,5.322875,6.6805,29,0,0
616,"deer_like","null",16,705,0.509784174831746,1.74040195035461,1.500875,4.86802,5.925125,34,0,0
617,"deer_like","null",17,705,0.509784174831746,1.23672996453901,1.018125,5.57629000000001,7.041125,30,0,0
618,"deer_like","null",18,705,0.509784174831746,1.59929255319149,1.156375,6.72348500000001,7.8175,39,0,0
619,"deer_like","null",19,705,0.509784174831746,1.16340921985816,0.72625,4.47962,8.738,50,0,0
620,"deer_like","null",20,705,0.509784174831746,1.31606737588652,0.9445,4.76654,5.560875,23,0,0
621,"deer_like","null",21,705,0.509784174831746,1.28624982269504,0.873875,5.60215,8.498,31,0,0
622,"deer_like","null",22,705,0.509784174831746,1.23257340425532,0.919375,4.091615,5.12675,24,0,0
623,"deer_like","null",23,705,0.509784174831746,1.08867535460993,0.755375,4.177945,6.577625,24,0,0
624,"deer_like","null",24,705,0.509784174831746,1.16540053191489,0.7585,4.86803500000001,6.41625,27,0,0
625,"deer_like","null",25,705,0.509784174831746,1.30466081560284,1.040125,5.245955,6.30875,24,0,0
626,"deer_like","null",26,705,0.509784174831746,1.23112960992908,1.068625,4.056695,5.373875,22,0,0
627,"deer_like","null",27,705,0.509784174831746,1.20065567375887,0.952,4.14018,4.883875,25,0,0
628,"deer_like","null",28,705,0.509784174831746,1.19399627659574,0.7065,5.06009,6.6515,28,0,0
629,"deer_like","null",29,705,0.509784174831746,1.58373368794326,1.39525,4.8536,5.988875,23,0,0
630,"deer_like","null",30,705,0.509784174831746,1.19124290780142,0.692375,4.948885,7.314625,36,0,0
631,"deer_like","varying",1,705,0.509784174831746,1.11744893617021,0.8425,3.3969,4.370375,16,0,0
632,"deer_like","varying",2,705,0.509784174831746,1.14922872340426,0.890125,4.10190000000001,6.737375,24,0,0
633,"deer_like","varying",3,705,0.509784174831746,0.998922163120567,0.627875,3.553845,5.008,21,0,0
634,"deer_like","varying",4,705,0.509784174831746,1.56252056737589,1.31275,5.874225,7.114375,30,0,0
635,"deer_like","varying",5,705,0.509784174831746,1.38532890070922,1.151875,3.94503,4.577125,21,0,0
636,"deer_like","varying",6,705,0.509784174831746,1.42570053191489,1.01975,6.160465,7.685625,41,0,0
637,"deer_like","varying",7,705,0.509784174831746,1.54914503546099,1.100375,5.45014,7.10875,39,0,0
638,"deer_like","varying",8,705,0.509784174831746,1.24652606382979,1.041375,3.993715,4.468,21,0,0
639,"deer_like","varying",9,705,0.509784174831746,1.08284503546099,0.81875,3.460005,4.138875,17,0,0
640,"deer_like","varying",10,705,0.509784174831746,1.28492269503546,0.767125,5.73218000000002,7.7175,29,0,0
641,"deer_like","varying",11,705,0.509784174831746,1.16779680851064,0.859,3.94231500000001,5.922125,25,0,0
642,"deer_like","varying",12,705,0.509784174831746,1.36540868794326,1.106875,5.64618000000002,6.83425,35,0,0
643,"deer_like","varying",13,705,0.509784174831746,1.50211170212766,1.33775,4.37207,5.290125,20,0,0
644,"deer_like","varying",14,705,0.509784174831746,1.32076578014184,0.931375,4.342165,7.226375,26,0,0
645,"deer_like","varying",15,705,0.509784174831746,1.69891294326241,1.210875,7.759825,9.6005,41,0,0
646,"deer_like","varying",16,705,0.509784174831746,1.24838723404255,1.120875,4.155005,4.75725,26,0,0
647,"deer_like","varying",17,705,0.509784174831746,1.43884397163121,1.222375,4.61193,5.79925,22,0,0
648,"deer_like","varying",18,705,0.509784174831746,1.64643617021277,1.250875,7.21130500000001,9.161375,45,0,0
649,"deer_like","varying",19,705,0.509784174831746,1.22986010638298,0.98475,4.52544,5.61025,21,0,0
650,"deer_like","varying",20,705,0.509784174831746,1.64940921985816,1.227375,7.10050000000001,9.32675,38,0,0
651,"deer_like","varying",21,705,0.509784174831746,1.38043581560284,1.0205,4.983155,10.334125,35,0,0
652,"deer_like","varying",22,705,0.509784174831746,1.33685425531915,0.8575,5.05375000000001,6.23025,29,0,0
653,"deer_like","varying",23,705,0.509784174831746,1.22544379432624,0.74425,6.303455,6.841625,31,0,0
654,"deer_like","varying",24,705,0.509784174831746,1.26418670212766,1.036875,4.87145500000001,6.519875,26,0,0
655,"deer_like","varying",25,705,0.509784174831746,1.23363634751773,1.0925,4.222215,5.7455,21,0,0
656,"deer_like","varying",26,705,0.509784174831746,1.42242482269504,1.198125,4.9876,6.50775,24,0,0
657,"deer_like","varying",27,705,0.509784174831746,1.17472340425532,0.8335,3.800455,5.499375,19,0,0
658,"deer_like","varying",28,705,0.509784174831746,1.48122907801418,1.15075,7.25613000000001,9.716875,33,0,0
659,"deer_like","varying",29,705,0.509784174831746,0.952795567375887,0.561375,3.898845,5.005875,20,0,0
660,"deer_like","varying",30,705,0.509784174831746,1.57090017730496,1.16475,6.781025,8.953125,35,0,0
661,"intermediate","null",1,705,0.240804993307195,0.632814716312057,0.281625,3.1287,3.798875,25,0,0
662,"intermediate","null",2,705,0.240804993307195,1.20687943262411,0.781875,6.19837,9.25975,38,0,0
663,"intermediate","null",3,705,0.240804993307195,0.793890780141844,0.354625,4.73538,5.909,25,0,0
664,"intermediate","null",4,705,0.240804993307195,0.754765070921986,0.358125,4.073445,5.884375,24,0,0
665,"intermediate","null",5,705,0.240804993307195,0.733751063829787,0.410875,3.17842500000001,4.204875,22,0,0
666,"intermediate","null",6,705,0.240804993307195,0.768093794326241,0.327375,4.07104500000001,5.557875,30,0,0
667,"intermediate","null",7,705,0.240804993307195,0.877139716312057,0.476125,4.01642,5.113,28,0,0
668,"intermediate","null",8,705,0.240804993307195,0.710810460992908,0.397625,4.36380500000001,6.776,30,0,0
669,"intermediate","null",9,705,0.240804993307195,0.664140780141844,0.326,3.73844500000001,4.889125,23,0,0
670,"intermediate","null",10,705,0.240804993307195,0.68383634751773,0.306625,3.513525,4.447,23,0,0
671,"intermediate","null",11,705,0.240804993307195,0.681427836879433,0.27075,3.53547,6.676,31,0,0
672,"intermediate","null",12,705,0.240804993307195,0.615181382978723,0.276,3.377955,4.91025,19,0,0
673,"intermediate","null",13,705,0.240804993307195,0.700984397163121,0.2985,3.7981,5.0655,24,0,0
674,"intermediate","null",14,705,0.240804993307195,0.805514361702128,0.467625,3.41032,5.00425,20,0,0
675,"intermediate","null",15,705,0.240804993307195,0.723978014184397,0.342375,3.89656000000001,6.653375,24,0,0
676,"intermediate","null",16,705,0.240804993307195,0.893086170212766,0.55875,3.619325,4.593,24,0,0
677,"intermediate","null",17,705,0.240804993307195,0.770075531914894,0.347875,4.541545,6.402,34,0,0
678,"intermediate","null",18,705,0.240804993307195,0.559106914893617,0.26575,2.84058,3.93575,19,0,0
679,"intermediate","null",19,705,0.240804993307195,0.772762411347518,0.3445,3.925255,5.807125,24,0,0
680,"intermediate","null",20,705,0.240804993307195,0.672443971631206,0.345125,3.36469,4.744,28,0,0
681,"intermediate","null",21,705,0.240804993307195,0.494629255319149,0.198375,3.19592500000001,4.119375,17,0,0
682,"intermediate","null",22,705,0.240804993307195,0.575417375886525,0.242625,2.736615,3.5705,18,0,0
683,"intermediate","null",23,705,0.240804993307195,0.945809929078014,0.644625,3.839175,4.458,24,0,0
684,"intermediate","null",24,705,0.240804993307195,1.03174414893617,0.62425,5.4418,7.77325,46,0,0
685,"intermediate","null",25,705,0.240804993307195,0.683612943262411,0.364625,3.38738,4.23375,17,0,0
686,"intermediate","null",26,705,0.240804993307195,1.05028244680851,0.379375,9.23147500000002,12.662875,47,0,0
687,"intermediate","null",27,705,0.240804993307195,0.715779255319149,0.367,3.681275,4.549,21,0,0
688,"intermediate","null",28,705,0.240804993307195,0.633768262411348,0.2985,3.15457,3.969625,15,0,0
689,"intermediate","null",29,705,0.240804993307195,0.696479078014184,0.322625,3.29803,3.9305,20,0,0
690,"intermediate","null",30,705,0.240804993307195,0.78232890070922,0.3755,4.04725000000001,7.1515,34,0,0
691,"intermediate","varying",1,705,0.240804993307195,0.661806205673759,0.180875,4.399815,7.34525,38,0,0
692,"intermediate","varying",2,705,0.240804993307195,0.77540195035461,0.44125,4.023355,5.419875,25,0,0
693,"intermediate","varying",3,705,0.240804993307195,0.599908333333333,0.294375,3.009695,3.863625,21,0,0
694,"intermediate","varying",4,705,0.240804993307195,0.881619326241135,0.55825,3.53012,4.973875,27,0,0
695,"intermediate","varying",5,705,0.240804993307195,1.00121187943262,0.642375,4.575095,5.2645,27,0,0
696,"intermediate","varying",6,705,0.240804993307195,0.662398581560284,0.31025,3.57122,6.30925,26,0,0
697,"intermediate","varying",7,705,0.240804993307195,0.788129609929078,0.4755,3.333155,4.44675,26,0,0
698,"intermediate","varying",8,705,0.240804993307195,0.880534574468085,0.488625,4.805495,7.631375,41,0,0
699,"intermediate","varying",9,705,0.240804993307195,0.800747872340426,0.387375,4.60677500000001,6.3535,27,0,0
700,"intermediate","varying",10,705,0.240804993307195,0.762286879432624,0.399625,3.47321,6.972375,39,0,0
701,"intermediate","varying",11,705,0.240804993307195,0.891909397163121,0.402375,5.27900500000001,7.020625,28,0,0
702,"intermediate","varying",12,705,0.240804993307195,0.87708670212766,0.49925,4.29970500000001,6.192625,33,0,0
703,"intermediate","varying",13,705,0.240804993307195,0.55568085106383,0.210625,2.974425,3.95525,17,0,0
704,"intermediate","varying",14,705,0.240804993307195,0.751481737588652,0.351375,4.41062500000001,5.500125,22,0,0
705,"intermediate","varying",15,705,0.240804993307195,0.774487056737589,0.386125,5.30515500000002,9.681125,62,0,0
706,"intermediate","varying",16,705,0.240804993307195,0.569809397163121,0.156125,3.42838,4.182375,17,0,0
707,"intermediate","varying",17,705,0.240804993307195,0.720935992907801,0.356875,3.56770500000001,5.1485,24,0,0
708,"intermediate","varying",18,705,0.240804993307195,0.676264539007092,0.31525,3.295115,5.534,24,0,0
709,"intermediate","varying",19,705,0.240804993307195,0.747892730496454,0.315,4.88162500000002,8.07275,32,0,0
710,"intermediate","varying",20,705,0.240804993307195,0.661980319148936,0.324625,3.709515,4.9115,23,0,0
711,"intermediate","varying",21,705,0.240804993307195,0.770200531914894,0.404875,3.935985,4.81725,26,0,0
712,"intermediate","varying",22,705,0.240804993307195,0.669884042553191,0.32125,3.028785,4.158,16,0,0
713,"intermediate","varying",23,705,0.240804993307195,0.970552659574468,0.40625,8.96960000000002,10.607,46,0,0
714,"intermediate","varying",24,705,0.240804993307195,0.93319414893617,0.64475,3.914915,4.78475,24,0,0
715,"intermediate","varying",25,705,0.240804993307195,0.486793085106383,0.185,2.831985,4.0575,16,0,0
716,"intermediate","varying",26,705,0.240804993307195,0.761461170212766,0.425375,3.40153500000001,3.81375,24,0,0
717,"intermediate","varying",27,705,0.240804993307195,0.647315602836879,0.33975,3.04923000000001,4.08075,17,0,0
718,"intermediate","varying",28,705,0.240804993307195,0.638229255319149,0.324,3.135735,3.7895,19,0,0
719,"intermediate","varying",29,705,0.240804993307195,0.700657978723404,0.398125,2.791445,3.918375,23,0,0
720,"intermediate","varying",30,705,0.240804993307195,0.719729255319149,0.275875,5.102395,6.68025,30,0,0
