"model","chain","n_draws","n_chunks","param","rhat_all_chunks","rhat_resumed_only"
"moose_v1fix_national_scalar","1",50000,5,"MCMT_tau",1.03083718325785,1.00039472256696
"moose_v1fix_national_scalar","1",50000,5,"MWMT_tau",1.0316130085998,1.00101452881206
"moose_v1fix_national_scalar","1",50000,5,"det_intercept",1.02971474777881,1.02249280525146
"moose_v1fix_national_scalar","1",50000,5,"intercept_tau",1.0323218822272,1.00187555416513
"moose_v1fix_national_scalar","1",50000,5,"occ_beta[1]",1.20736250729495,1.21599411844864
"moose_v1fix_national_scalar","1",50000,5,"occ_beta[2]",1.02252065809291,1.02973661027895
"moose_v1fix_national_scalar","1",50000,5,"occ_beta[3]",1.09387090060533,1.0881712147601
"moose_v1fix_national_scalar","1",50000,5,"occ_beta[4]",1.01880340114441,1.00634080279979
"moose_v1fix_national_scalar","1",50000,5,"occ_beta[5]",1.02736587099493,1.03565541663926
"moose_v1fix_national_scalar","1",50000,5,"occ_beta[6]",1.12839349330551,1.15130926714841
"moose_v1fix_national_scalar","1",50000,5,"occ_beta[7]",1.05895088119108,1.07685580871256
"moose_v1fix_national_scalar","1",50000,5,"occ_beta[8]",1.1666369185163,1.08182683760562
"moose_v1fix_national_scalar","1",50000,5,"occ_beta[9]",1.14009556348701,1.15757519179661
"moose_v1fix_national_scalar","1",50000,5,"occ_beta[10]",1.20356200326413,1.1163510907196
"moose_v1fix_national_scalar","1",50000,5,"overdisp_inat",1.0518429443508,1.02280814958524
"moose_v1fix_national_scalar","1",50000,5,"p_beta[1]",1.00354394233753,1.00360917371486
"moose_v1fix_national_scalar","1",50000,5,"p_beta[2]",1.00585645995021,1.00444226515913
"moose_v1fix_national_scalar","1",50000,5,"p_beta[3]",1.00350618257018,1.00164907335199
"moose_v1fix_national_scalar","1",50000,5,"p_beta[4]",1.00598691040737,1.00297674982503
"moose_v1fix_national_scalar","1",50000,5,"theta0",1.14697450452669,1.04922279740023
"moose_v1fix_national_scalar","1",50000,5,"theta1",1.12327807578063,1.07825330254522
"moose_v1fix_national_scalar","1",50000,5,"total_var_beta",1.04513815220173,1.03404643875502
"moose_v1fix_national_scalar","1",50000,5,"trend_robust_indicator",1.00111312071039,1.00058007278287
"moose_v1fix_national_scalar","1",50000,5,"year_beta",1.01967365836503,1.02785118399582
"moose_v1fix_national_scalar","1",50000,5,"year_var",1.01339086262587,1.00492704148685
"moose_v1fix_national_scalar","2",50000,5,"MCMT_tau",1.03134729271839,1.00090302092479
"moose_v1fix_national_scalar","2",50000,5,"MWMT_tau",1.03143777367632,1.00086184414408
"moose_v1fix_national_scalar","2",50000,5,"det_intercept",1.01418102506189,1.00702297598727
"moose_v1fix_national_scalar","2",50000,5,"intercept_tau",1.03141819669656,1.00083601154822
"moose_v1fix_national_scalar","2",50000,5,"occ_beta[1]",1.09318556744674,1.10891723335161
"moose_v1fix_national_scalar","2",50000,5,"occ_beta[2]",1.01738596689182,1.02069669830386
"moose_v1fix_national_scalar","2",50000,5,"occ_beta[3]",1.01683997490192,1.0235780130326
"moose_v1fix_national_scalar","2",50000,5,"occ_beta[4]",1.0333876170055,1.03213216238456
"moose_v1fix_national_scalar","2",50000,5,"occ_beta[5]",1.04183122565134,1.05469060417096
"moose_v1fix_national_scalar","2",50000,5,"occ_beta[6]",1.0778260522011,1.09353463820545
"moose_v1fix_national_scalar","2",50000,5,"occ_beta[7]",1.01167750615595,1.01665248576988
"moose_v1fix_national_scalar","2",50000,5,"occ_beta[8]",1.16160025202473,1.21821518285403
"moose_v1fix_national_scalar","2",50000,5,"occ_beta[9]",1.06788335540645,1.082076904123
"moose_v1fix_national_scalar","2",50000,5,"occ_beta[10]",1.16006444799308,1.22035749091099
"moose_v1fix_national_scalar","2",50000,5,"overdisp_inat",1.03458884934366,1.00261420128955
"moose_v1fix_national_scalar","2",50000,5,"p_beta[1]",1.00320678047721,1.002699171196
"moose_v1fix_national_scalar","2",50000,5,"p_beta[2]",1.00989998712676,1.01096545050451
"moose_v1fix_national_scalar","2",50000,5,"p_beta[3]",1.00101653632288,1.00066002343982
"moose_v1fix_national_scalar","2",50000,5,"p_beta[4]",1.00757740521839,1.00630238333517
"moose_v1fix_national_scalar","2",50000,5,"theta0",1.18210553848834,1.20702018489679
"moose_v1fix_national_scalar","2",50000,5,"theta1",1.16222217394953,1.14644700679085
"moose_v1fix_national_scalar","2",50000,5,"total_var_beta",1.03052906667855,1.03280089029056
"moose_v1fix_national_scalar","2",50000,5,"trend_robust_indicator",1.00202885021626,1.00278721929649
"moose_v1fix_national_scalar","2",50000,5,"year_beta",1.0224289902854,1.02505198448166
"moose_v1fix_national_scalar","2",50000,5,"year_var",1.00326674615279,1.00455353956118
"moose_v1fix_national_scalar","3",50000,5,"MCMT_tau",1.03111989675713,1.00075851080418
"moose_v1fix_national_scalar","3",50000,5,"MWMT_tau",1.0324242502913,1.00210861819963
"moose_v1fix_national_scalar","3",50000,5,"det_intercept",1.0106151585228,1.00150960478208
"moose_v1fix_national_scalar","3",50000,5,"intercept_tau",1.03100143105438,1.00056134666008
"moose_v1fix_national_scalar","3",50000,5,"occ_beta[1]",1.00491534345781,1.00644738543168
"moose_v1fix_national_scalar","3",50000,5,"occ_beta[2]",1.02253230592527,1.02639726157541
"moose_v1fix_national_scalar","3",50000,5,"occ_beta[3]",1.01558487528177,1.01650234951078
"moose_v1fix_national_scalar","3",50000,5,"occ_beta[4]",1.02206291272285,1.02758522121664
"moose_v1fix_national_scalar","3",50000,5,"occ_beta[5]",1.00854367125563,1.00697420786266
"moose_v1fix_national_scalar","3",50000,5,"occ_beta[6]",1.00937001411624,1.00869703393775
"moose_v1fix_national_scalar","3",50000,5,"occ_beta[7]",1.00456251212243,1.00621355211084
"moose_v1fix_national_scalar","3",50000,5,"occ_beta[8]",1.06138693228672,1.03806765069476
"moose_v1fix_national_scalar","3",50000,5,"occ_beta[9]",1.03787206997059,1.0396617846704
"moose_v1fix_national_scalar","3",50000,5,"occ_beta[10]",1.05836327757041,1.03444137081152
"moose_v1fix_national_scalar","3",50000,5,"overdisp_inat",1.0348546165798,1.00405290415399
"moose_v1fix_national_scalar","3",50000,5,"p_beta[1]",1.00350780396391,1.00323731393782
"moose_v1fix_national_scalar","3",50000,5,"p_beta[2]",1.00323817278751,1.00355923046639
"moose_v1fix_national_scalar","3",50000,5,"p_beta[3]",1.00214315461203,1.00062915175441
"moose_v1fix_national_scalar","3",50000,5,"p_beta[4]",1.00220508307192,1.0010217526274
"moose_v1fix_national_scalar","3",50000,5,"theta0",1.0732021143983,1.02695629402684
"moose_v1fix_national_scalar","3",50000,5,"theta1",1.04943862033816,1.02265768753778
"moose_v1fix_national_scalar","3",50000,5,"total_var_beta",1.04003270362626,1.04287309190568
"moose_v1fix_national_scalar","3",50000,5,"trend_robust_indicator",1.00128451911051,1.00062276416545
"moose_v1fix_national_scalar","3",50000,5,"year_beta",1.00720222653785,1.00842193999945
"moose_v1fix_national_scalar","3",50000,5,"year_var",1.01125371696032,1.01310386104191
"moose_v1fix_ecoregion","1",50000,5,"MCMT_tau",1.0316167656407,1.00115612717554
"moose_v1fix_ecoregion","1",50000,5,"MWMT_tau",1.03075477384299,1.00009326736316
"moose_v1fix_ecoregion","1",50000,5,"det_intercept",1.01454170102326,1.00865819804097
"moose_v1fix_ecoregion","1",50000,5,"intercept_tau",1.03070507426075,1.0002503979647
"moose_v1fix_ecoregion","1",50000,5,"occ_beta[1]",1.0253154576905,1.02946311143973
"moose_v1fix_ecoregion","1",50000,5,"occ_beta[2]",1.00764790987196,1.01015962642718
"moose_v1fix_ecoregion","1",50000,5,"occ_beta[3]",1.03316418428142,1.04042314832437
"moose_v1fix_ecoregion","1",50000,5,"occ_beta[4]",1.01407465808278,1.00830463453529
"moose_v1fix_ecoregion","1",50000,5,"occ_beta[5]",1.01394930843271,1.0099656157851
"moose_v1fix_ecoregion","1",50000,5,"occ_beta[6]",1.0233030022511,1.02993948447
"moose_v1fix_ecoregion","1",50000,5,"occ_beta[7]",1.00319581747268,1.00413217958037
"moose_v1fix_ecoregion","1",50000,5,"occ_beta[8]",1.15488169610834,1.15820821721878
"moose_v1fix_ecoregion","1",50000,5,"occ_beta[9]",1.04826765065885,1.06272040459298
"moose_v1fix_ecoregion","1",50000,5,"occ_beta[10]",1.15307087529066,1.15002642858597
"moose_v1fix_ecoregion","1",50000,5,"overdisp_inat",1.03264954898577,1.00054304316742
"moose_v1fix_ecoregion","1",50000,5,"p_beta[1]",1.00250406718144,1.00216308951468
"moose_v1fix_ecoregion","1",50000,5,"p_beta[2]",1.00706409220946,1.00738135875767
"moose_v1fix_ecoregion","1",50000,5,"p_beta[3]",1.0020203413581,1.00259340217017
"moose_v1fix_ecoregion","1",50000,5,"p_beta[4]",1.00759204876601,1.00572259824184
"moose_v1fix_ecoregion","1",50000,5,"sigma_region",1.00791100232382,1.00993795155673
"moose_v1fix_ecoregion","1",50000,5,"theta0",1.16155371553229,1.11693758276071
"moose_v1fix_ecoregion","1",50000,5,"theta1",1.10255795485097,1.04704813671357
"moose_v1fix_ecoregion","1",50000,5,"total_var_beta",1.01588510667506,1.00347156036392
"moose_v1fix_ecoregion","1",50000,5,"trend_robust_indicator",1.00553311871916,1.00355314691665
"moose_v1fix_ecoregion","1",50000,5,"year_beta",1.01554508595093,1.01288121762517
"moose_v1fix_ecoregion","1",50000,5,"year_region[1]",1.0089593288637,1.00859581226832
"moose_v1fix_ecoregion","1",50000,5,"year_region[2]",1.00708365319915,1.00923751171381
"moose_v1fix_ecoregion","1",50000,5,"year_region[3]",1.00082730873338,1.00073553883055
"moose_v1fix_ecoregion","1",50000,5,"year_region[4]",1.00194512316517,1.00318182486515
"moose_v1fix_ecoregion","1",50000,5,"year_region[5]",1.0111038027222,1.0167043072607
"moose_v1fix_ecoregion","1",50000,5,"year_region[6]",1.00748666638391,1.01045280992673
"moose_v1fix_ecoregion","1",50000,5,"year_region[7]",1.00834608761816,1.01113419640609
"moose_v1fix_ecoregion","1",50000,5,"year_region[8]",1.00604672286657,1.00975704330894
"moose_v1fix_ecoregion","1",50000,5,"year_var",1.00266173951049,1.00252167726849
"moose_v1fix_ecoregion","2",50000,5,"MCMT_tau",1.03205675894161,1.00162690610414
"moose_v1fix_ecoregion","2",50000,5,"MWMT_tau",1.03092516759293,1.00025591975141
"moose_v1fix_ecoregion","2",50000,5,"det_intercept",1.01576898677236,1.00778827239939
"moose_v1fix_ecoregion","2",50000,5,"intercept_tau",1.03146869526436,1.00095541851506
"moose_v1fix_ecoregion","2",50000,5,"occ_beta[1]",1.0667341349048,1.08229382005139
"moose_v1fix_ecoregion","2",50000,5,"occ_beta[2]",1.01446454564735,1.02082011603111
"moose_v1fix_ecoregion","2",50000,5,"occ_beta[3]",1.11273506756685,1.05511405969486
"moose_v1fix_ecoregion","2",50000,5,"occ_beta[4]",1.01913986125308,1.01949248558925
"moose_v1fix_ecoregion","2",50000,5,"occ_beta[5]",1.04449669575652,1.05521129653564
"moose_v1fix_ecoregion","2",50000,5,"occ_beta[6]",1.03707124363246,1.04504120492101
"moose_v1fix_ecoregion","2",50000,5,"occ_beta[7]",1.01955807231484,1.02116097416954
"moose_v1fix_ecoregion","2",50000,5,"occ_beta[8]",1.55344052516821,1.31382551304244
"moose_v1fix_ecoregion","2",50000,5,"occ_beta[9]",1.1623915499321,1.10034009884672
"moose_v1fix_ecoregion","2",50000,5,"occ_beta[10]",1.59147765601817,1.34315148224536
"moose_v1fix_ecoregion","2",50000,5,"overdisp_inat",1.03706345933971,1.00406875718447
"moose_v1fix_ecoregion","2",50000,5,"p_beta[1]",1.00299563499815,1.00109682596528
"moose_v1fix_ecoregion","2",50000,5,"p_beta[2]",1.00741764258445,1.00600867001408
"moose_v1fix_ecoregion","2",50000,5,"p_beta[3]",1.0040029568904,1.00221594195453
"moose_v1fix_ecoregion","2",50000,5,"p_beta[4]",1.01010058874159,1.00750471864573
"moose_v1fix_ecoregion","2",50000,5,"sigma_region",1.02308771729538,1.02997778810683
"moose_v1fix_ecoregion","2",50000,5,"theta0",1.41650276002638,1.22045755277255
"moose_v1fix_ecoregion","2",50000,5,"theta1",1.19897689293069,1.14454642664003
"moose_v1fix_ecoregion","2",50000,5,"total_var_beta",1.04815363296224,1.03536303242432
"moose_v1fix_ecoregion","2",50000,5,"trend_robust_indicator",1.0037125343193,1.00482665917432
"moose_v1fix_ecoregion","2",50000,5,"year_beta",1.00900860526822,1.01337860204445
"moose_v1fix_ecoregion","2",50000,5,"year_region[1]",1.0093736953336,1.01477209213798
"moose_v1fix_ecoregion","2",50000,5,"year_region[2]",1.00598041107482,1.00901998866491
"moose_v1fix_ecoregion","2",50000,5,"year_region[3]",1.0088460166831,1.01367089216246
"moose_v1fix_ecoregion","2",50000,5,"year_region[4]",1.00711701391697,1.01123228440384
"moose_v1fix_ecoregion","2",50000,5,"year_region[5]",1.00743582389645,1.01154868350703
"moose_v1fix_ecoregion","2",50000,5,"year_region[6]",1.00988399105904,1.01537183807067
"moose_v1fix_ecoregion","2",50000,5,"year_region[7]",1.00640683130532,1.00987029685363
"moose_v1fix_ecoregion","2",50000,5,"year_region[8]",1.00647939621747,1.0091932367124
"moose_v1fix_ecoregion","2",50000,5,"year_var",1.05291044431602,1.05738026005019
"moose_v1fix_ecoregion","3",50000,5,"MCMT_tau",1.03121206797759,1.00092618245495
"moose_v1fix_ecoregion","3",50000,5,"MWMT_tau",1.03177902852032,1.0013383521894
"moose_v1fix_ecoregion","3",50000,5,"det_intercept",1.00999542532961,1.00314656594936
"moose_v1fix_ecoregion","3",50000,5,"intercept_tau",1.030983797385,1.00037148929584
"moose_v1fix_ecoregion","3",50000,5,"occ_beta[1]",1.03111519865698,1.00506182546651
"moose_v1fix_ecoregion","3",50000,5,"occ_beta[2]",1.04008672885639,1.05764534794092
"moose_v1fix_ecoregion","3",50000,5,"occ_beta[3]",1.06588124595881,1.03873037681627
"moose_v1fix_ecoregion","3",50000,5,"occ_beta[4]",1.06266484542529,1.05061264047207
"moose_v1fix_ecoregion","3",50000,5,"occ_beta[5]",1.06433274622998,1.09451530881081
"moose_v1fix_ecoregion","3",50000,5,"occ_beta[6]",1.0339477237358,1.04140606644562
"moose_v1fix_ecoregion","3",50000,5,"occ_beta[7]",1.00948996805255,1.00578985954193
"moose_v1fix_ecoregion","3",50000,5,"occ_beta[8]",1.26724406256553,1.09204461492496
"moose_v1fix_ecoregion","3",50000,5,"occ_beta[9]",1.10415265187012,1.05051752206046
"moose_v1fix_ecoregion","3",50000,5,"occ_beta[10]",1.27826742569719,1.09801276448252
"moose_v1fix_ecoregion","3",50000,5,"overdisp_inat",1.03156047123446,1.00027696747375
"moose_v1fix_ecoregion","3",50000,5,"p_beta[1]",1.00641723440326,1.00174990729031
"moose_v1fix_ecoregion","3",50000,5,"p_beta[2]",1.00458122660631,1.00415863391833
"moose_v1fix_ecoregion","3",50000,5,"p_beta[3]",1.00313501296566,1.00068117545943
"moose_v1fix_ecoregion","3",50000,5,"p_beta[4]",1.00559168274119,1.00321355297634
"moose_v1fix_ecoregion","3",50000,5,"sigma_region",1.02430467185883,1.03282758981299
"moose_v1fix_ecoregion","3",50000,5,"theta0",1.25498664530897,1.08721451169311
"moose_v1fix_ecoregion","3",50000,5,"theta1",1.16335028621616,1.08617994102807
"moose_v1fix_ecoregion","3",50000,5,"total_var_beta",1.03008062590275,1.03244107903158
"moose_v1fix_ecoregion","3",50000,5,"trend_robust_indicator",1.00167424265422,1.00181132459341
"moose_v1fix_ecoregion","3",50000,5,"year_beta",1.01681720239703,1.02248457110477
"moose_v1fix_ecoregion","3",50000,5,"year_region[1]",1.01778714831114,1.02533709581545
"moose_v1fix_ecoregion","3",50000,5,"year_region[2]",1.00714976284044,1.00721370764762
"moose_v1fix_ecoregion","3",50000,5,"year_region[3]",1.01307768261711,1.01578264686379
"moose_v1fix_ecoregion","3",50000,5,"year_region[4]",1.01269626732133,1.01943738774644
"moose_v1fix_ecoregion","3",50000,5,"year_region[5]",1.01212725042149,1.01919013585116
"moose_v1fix_ecoregion","3",50000,5,"year_region[6]",1.02187932242925,1.03199614747342
"moose_v1fix_ecoregion","3",50000,5,"year_region[7]",1.0236842040358,1.02070643373181
"moose_v1fix_ecoregion","3",50000,5,"year_region[8]",1.00880192500277,1.01341252503743
"moose_v1fix_ecoregion","3",50000,5,"year_var",1.00580965313842,1.0031795226849
"bobcat_v1fix_national_scalar","1",50000,5,"MCMT_tau",1.03226245791299,0.999993115361914
"bobcat_v1fix_national_scalar","1",50000,5,"MWMT_tau",1.03261574294876,1.00053658889902
"bobcat_v1fix_national_scalar","1",50000,5,"det_intercept",1.02520433106079,1.0085122026718
"bobcat_v1fix_national_scalar","1",50000,5,"intercept_tau",1.03272482785223,1.00062173258211
"bobcat_v1fix_national_scalar","1",50000,5,"occ_beta[1]",1.02044047367074,1.01479289556242
"bobcat_v1fix_national_scalar","1",50000,5,"occ_beta[2]",1.02838766821453,1.03170543580092
"bobcat_v1fix_national_scalar","1",50000,5,"occ_beta[3]",1.03026768577075,1.00709820547985
"bobcat_v1fix_national_scalar","1",50000,5,"occ_beta[4]",1.02851691148392,1.00779115963065
"bobcat_v1fix_national_scalar","1",50000,5,"occ_beta[5]",1.02971806229068,1.00830273841202
"bobcat_v1fix_national_scalar","1",50000,5,"occ_beta[6]",1.01450038085011,1.00843370878273
"bobcat_v1fix_national_scalar","1",50000,5,"occ_beta[7]",1.00470562461844,1.00185004338197
"bobcat_v1fix_national_scalar","1",50000,5,"occ_beta[8]",1.05204895437839,1.04189213600331
"bobcat_v1fix_national_scalar","1",50000,5,"occ_beta[9]",1.04097286734978,1.01875111940848
"bobcat_v1fix_national_scalar","1",50000,5,"occ_beta[10]",1.05937885136631,1.03855887139529
"bobcat_v1fix_national_scalar","1",50000,5,"overdisp_inat",1.04110506348673,1.00868772079981
"bobcat_v1fix_national_scalar","1",50000,5,"p_beta[1]",1.04950673180568,1.03714395777379
"bobcat_v1fix_national_scalar","1",50000,5,"p_beta[2]",1.07492744019243,1.06632357387496
"bobcat_v1fix_national_scalar","1",50000,5,"p_beta[3]",1.01393059734948,1.01435121029486
"bobcat_v1fix_national_scalar","1",50000,5,"p_beta[4]",1.01344619527732,1.0043651724239
"bobcat_v1fix_national_scalar","1",50000,5,"theta0",1.08385902962109,1.06949422473575
"bobcat_v1fix_national_scalar","1",50000,5,"theta1",1.1055962392193,1.09370215168802
"bobcat_v1fix_national_scalar","1",50000,5,"total_var_beta",1.19833678112731,1.19112979793733
"bobcat_v1fix_national_scalar","1",50000,5,"trend_robust_indicator",1.14631414472073,1.13286021165284
"bobcat_v1fix_national_scalar","1",50000,5,"year_beta",1.04389681926859,1.04160632210228
"bobcat_v1fix_national_scalar","1",50000,5,"year_var",1.19077398933565,1.1916410377968
"bobcat_v1fix_national_scalar","2",50000,5,"MCMT_tau",1.03253211727978,1.00032795586837
"bobcat_v1fix_national_scalar","2",50000,5,"MWMT_tau",1.0322251186439,1.00003818072834
"bobcat_v1fix_national_scalar","2",50000,5,"det_intercept",1.02712361496214,1.00747441695481
"bobcat_v1fix_national_scalar","2",50000,5,"intercept_tau",1.03216457053755,1.0000705357472
"bobcat_v1fix_national_scalar","2",50000,5,"occ_beta[1]",1.03895440920401,1.03859245050619
"bobcat_v1fix_national_scalar","2",50000,5,"occ_beta[2]",1.01497312472755,1.01505404927221
"bobcat_v1fix_national_scalar","2",50000,5,"occ_beta[3]",1.02777487671193,1.002482920083
"bobcat_v1fix_national_scalar","2",50000,5,"occ_beta[4]",1.0258165222488,1.00557380540704
"bobcat_v1fix_national_scalar","2",50000,5,"occ_beta[5]",1.02181218680698,1.00637831077848
"bobcat_v1fix_national_scalar","2",50000,5,"occ_beta[6]",1.01123725593742,1.00895370630065
"bobcat_v1fix_national_scalar","2",50000,5,"occ_beta[7]",1.0029887098232,1.00086166328904
"bobcat_v1fix_national_scalar","2",50000,5,"occ_beta[8]",1.09601757283314,1.09122166251169
"bobcat_v1fix_national_scalar","2",50000,5,"occ_beta[9]",1.06076462435435,1.04381645710557
"bobcat_v1fix_national_scalar","2",50000,5,"occ_beta[10]",1.09440600863907,1.07788416388964
"bobcat_v1fix_national_scalar","2",50000,5,"overdisp_inat",1.0348974089803,1.00226645477022
"bobcat_v1fix_national_scalar","2",50000,5,"p_beta[1]",1.07741052042524,1.06909908958565
"bobcat_v1fix_national_scalar","2",50000,5,"p_beta[2]",1.1115847599783,1.10807443147464
"bobcat_v1fix_national_scalar","2",50000,5,"p_beta[3]",1.00490106002513,1.00369665053524
"bobcat_v1fix_national_scalar","2",50000,5,"p_beta[4]",1.01182907146832,1.00208261356401
"bobcat_v1fix_national_scalar","2",50000,5,"theta0",1.12740214537613,1.12209760368695
"bobcat_v1fix_national_scalar","2",50000,5,"theta1",1.12766241736974,1.12317571201328
"bobcat_v1fix_national_scalar","2",50000,5,"total_var_beta",1.14008504037616,1.13632042242573
"bobcat_v1fix_national_scalar","2",50000,5,"trend_robust_indicator",1.29319106612416,1.29312659687101
"bobcat_v1fix_national_scalar","2",50000,5,"year_beta",1.00977698981164,1.00643606700085
"bobcat_v1fix_national_scalar","2",50000,5,"year_var",1.0934180599379,1.09813786143829
"bobcat_v1fix_national_scalar","3",50000,5,"MCMT_tau",1.03224770011606,1.00000287910965
"bobcat_v1fix_national_scalar","3",50000,5,"MWMT_tau",1.03243115452791,1.00035672683226
"bobcat_v1fix_national_scalar","3",50000,5,"det_intercept",1.03568652423278,1.0195108530749
"bobcat_v1fix_national_scalar","3",50000,5,"intercept_tau",1.03264522658086,1.00038915584866
"bobcat_v1fix_national_scalar","3",50000,5,"occ_beta[1]",1.08856653654903,1.08464170416356
"bobcat_v1fix_national_scalar","3",50000,5,"occ_beta[2]",1.02380468262888,1.02269335395457
"bobcat_v1fix_national_scalar","3",50000,5,"occ_beta[3]",1.05744495307535,1.036599462925
"bobcat_v1fix_national_scalar","3",50000,5,"occ_beta[4]",1.03808942335776,1.01557979347486
"bobcat_v1fix_national_scalar","3",50000,5,"occ_beta[5]",1.04271214968454,1.02289708278351
"bobcat_v1fix_national_scalar","3",50000,5,"occ_beta[6]",1.01313417672196,1.00445085800622
"bobcat_v1fix_national_scalar","3",50000,5,"occ_beta[7]",1.00316737520159,1.00220526892573
"bobcat_v1fix_national_scalar","3",50000,5,"occ_beta[8]",1.17870839277563,1.18239617364938
"bobcat_v1fix_national_scalar","3",50000,5,"occ_beta[9]",1.11592069241316,1.10488824001642
"bobcat_v1fix_national_scalar","3",50000,5,"occ_beta[10]",1.16005997127124,1.15393020443694
"bobcat_v1fix_national_scalar","3",50000,5,"overdisp_inat",1.04208266189853,1.00897088726464
"bobcat_v1fix_national_scalar","3",50000,5,"p_beta[1]",1.05918983740008,1.05855763646964
"bobcat_v1fix_national_scalar","3",50000,5,"p_beta[2]",1.07011673717394,1.07017057219949
"bobcat_v1fix_national_scalar","3",50000,5,"p_beta[3]",1.02097934785597,1.01733459792385
"bobcat_v1fix_national_scalar","3",50000,5,"p_beta[4]",1.0095139200986,1.00130312571674
"bobcat_v1fix_national_scalar","3",50000,5,"theta0",1.06785035300964,1.05114965418702
"bobcat_v1fix_national_scalar","3",50000,5,"theta1",1.0828472253966,1.06928727575121
"bobcat_v1fix_national_scalar","3",50000,5,"total_var_beta",1.09823716297743,1.07971196776747
"bobcat_v1fix_national_scalar","3",50000,5,"trend_robust_indicator",1.28021988552042,1.29443989135164
"bobcat_v1fix_national_scalar","3",50000,5,"year_beta",1.02646521805641,1.02569420778987
"bobcat_v1fix_national_scalar","3",50000,5,"year_var",1.08941669812467,1.07781506541013
"bobcat_v1fix_ecoregion","1",50000,5,"MCMT_tau",1.03241324497895,1.00019172711935
"bobcat_v1fix_ecoregion","1",50000,5,"MWMT_tau",1.03280528069607,1.00061022288717
"bobcat_v1fix_ecoregion","1",50000,5,"det_intercept",1.04882724430147,1.03606526787611
"bobcat_v1fix_ecoregion","1",50000,5,"intercept_tau",1.03319602155989,1.00125161566644
"bobcat_v1fix_ecoregion","1",50000,5,"occ_beta[1]",1.04310603982681,1.04284895893315
"bobcat_v1fix_ecoregion","1",50000,5,"occ_beta[2]",1.01046169302973,1.00344585864914
"bobcat_v1fix_ecoregion","1",50000,5,"occ_beta[3]",1.02249794726808,1.00250084392504
"bobcat_v1fix_ecoregion","1",50000,5,"occ_beta[4]",1.01805752234121,1.00395442536833
"bobcat_v1fix_ecoregion","1",50000,5,"occ_beta[5]",1.0240972324309,1.00561976444551
"bobcat_v1fix_ecoregion","1",50000,5,"occ_beta[6]",1.0081111810305,1.00474815267382
"bobcat_v1fix_ecoregion","1",50000,5,"occ_beta[7]",1.00203769391619,1.00149506668935
"bobcat_v1fix_ecoregion","1",50000,5,"occ_beta[8]",1.14328786110898,1.13862569375476
"bobcat_v1fix_ecoregion","1",50000,5,"occ_beta[9]",1.11092411396807,1.0961171440666
"bobcat_v1fix_ecoregion","1",50000,5,"occ_beta[10]",1.13450297781728,1.11906101993351
"bobcat_v1fix_ecoregion","1",50000,5,"overdisp_inat",1.03489032840857,1.00191174876812
"bobcat_v1fix_ecoregion","1",50000,5,"p_beta[1]",1.09881001479898,1.09973960877978
"bobcat_v1fix_ecoregion","1",50000,5,"p_beta[2]",1.11082776037337,1.11045887361398
"bobcat_v1fix_ecoregion","1",50000,5,"p_beta[3]",1.0099641512874,1.01068718481931
"bobcat_v1fix_ecoregion","1",50000,5,"p_beta[4]",1.01263858531415,1.00330066827978
"bobcat_v1fix_ecoregion","1",50000,5,"sigma_region",1.01369185521882,1.01289574445074
"bobcat_v1fix_ecoregion","1",50000,5,"theta0",1.06335478515098,1.0572356185797
"bobcat_v1fix_ecoregion","1",50000,5,"theta1",1.05641768464761,1.05466979149241
"bobcat_v1fix_ecoregion","1",50000,5,"total_var_beta",1.03062576910862,1.02602020347208
"bobcat_v1fix_ecoregion","1",50000,5,"trend_robust_indicator",1.00171586042705,1.00196715743378
"bobcat_v1fix_ecoregion","1",50000,5,"year_beta",1.01112889651079,1.00958354037943
"bobcat_v1fix_ecoregion","1",50000,5,"year_region[1]",1.01232256381618,1.01171746289509
"bobcat_v1fix_ecoregion","1",50000,5,"year_region[2]",1.02004134844835,1.01671721092208
"bobcat_v1fix_ecoregion","1",50000,5,"year_region[3]",1.008939896607,1.00760124821699
"bobcat_v1fix_ecoregion","1",50000,5,"year_region[4]",1.04284638723856,1.03148955696845
"bobcat_v1fix_ecoregion","1",50000,5,"year_region[5]",1.0236307976402,1.01762948803394
"bobcat_v1fix_ecoregion","1",50000,5,"year_region[6]",1.00746875195876,1.00823436961418
"bobcat_v1fix_ecoregion","1",50000,5,"year_region[7]",1.01177975715829,1.01312389196614
"bobcat_v1fix_ecoregion","1",50000,5,"year_region[8]",1.00377517520359,1.00407592769528
"bobcat_v1fix_ecoregion","1",50000,5,"year_var",1.02915039702431,1.02846987254689
"bobcat_v1fix_ecoregion","2",50000,5,"MCMT_tau",1.03241038708445,1.00030592545504
"bobcat_v1fix_ecoregion","2",50000,5,"MWMT_tau",1.03237840993461,1.00026618673678
"bobcat_v1fix_ecoregion","2",50000,5,"det_intercept",1.02455944559157,1.00739764963594
"bobcat_v1fix_ecoregion","2",50000,5,"intercept_tau",1.033055310736,1.00096759187089
"bobcat_v1fix_ecoregion","2",50000,5,"occ_beta[1]",1.018915229508,1.01832006960013
"bobcat_v1fix_ecoregion","2",50000,5,"occ_beta[2]",1.01343451263325,1.01090490412498
"bobcat_v1fix_ecoregion","2",50000,5,"occ_beta[3]",1.04451643147921,1.02727946919396
"bobcat_v1fix_ecoregion","2",50000,5,"occ_beta[4]",1.04296536385039,1.02668894193732
"bobcat_v1fix_ecoregion","2",50000,5,"occ_beta[5]",1.03621850197109,1.02841833915824
"bobcat_v1fix_ecoregion","2",50000,5,"occ_beta[6]",1.01540350748547,1.01147190913173
"bobcat_v1fix_ecoregion","2",50000,5,"occ_beta[7]",1.00311120997056,1.00213915172414
"bobcat_v1fix_ecoregion","2",50000,5,"occ_beta[8]",1.13444612797321,1.13693866810574
"bobcat_v1fix_ecoregion","2",50000,5,"occ_beta[9]",1.09560728464597,1.0836263602363
"bobcat_v1fix_ecoregion","2",50000,5,"occ_beta[10]",1.1260427432987,1.11522884497981
"bobcat_v1fix_ecoregion","2",50000,5,"overdisp_inat",1.04843108231323,1.01717876954603
"bobcat_v1fix_ecoregion","2",50000,5,"p_beta[1]",1.01351400493019,1.0023116819464
"bobcat_v1fix_ecoregion","2",50000,5,"p_beta[2]",1.01793871124938,1.01042369868847
"bobcat_v1fix_ecoregion","2",50000,5,"p_beta[3]",1.02086579611019,1.02077134310437
"bobcat_v1fix_ecoregion","2",50000,5,"p_beta[4]",1.00831857909821,1.00128146631659
"bobcat_v1fix_ecoregion","2",50000,5,"sigma_region",1.26122072778813,1.26923303345215
"bobcat_v1fix_ecoregion","2",50000,5,"theta0",1.17737293739095,1.17325065043211
"bobcat_v1fix_ecoregion","2",50000,5,"theta1",1.20910159909692,1.20903542383054
"bobcat_v1fix_ecoregion","2",50000,5,"total_var_beta",1.03669508084072,1.04383239682575
"bobcat_v1fix_ecoregion","2",50000,5,"trend_robust_indicator",1.01508494210562,1.01073217385054
"bobcat_v1fix_ecoregion","2",50000,5,"year_beta",1.01025726219595,1.01340957247378
"bobcat_v1fix_ecoregion","2",50000,5,"year_region[1]",1.28379072553447,1.29049368552384
"bobcat_v1fix_ecoregion","2",50000,5,"year_region[2]",1.22623735968805,1.24622630758285
"bobcat_v1fix_ecoregion","2",50000,5,"year_region[3]",1.20769737864477,1.22457655022861
"bobcat_v1fix_ecoregion","2",50000,5,"year_region[4]",1.23027829257871,1.23576722239705
"bobcat_v1fix_ecoregion","2",50000,5,"year_region[5]",1.0620707614667,1.07802901200057
"bobcat_v1fix_ecoregion","2",50000,5,"year_region[6]",1.12911218769127,1.13800466699771
"bobcat_v1fix_ecoregion","2",50000,5,"year_region[7]",1.28689384967347,1.29152155581993
"bobcat_v1fix_ecoregion","2",50000,5,"year_region[8]",1.25599853452199,1.26825311608396
"bobcat_v1fix_ecoregion","2",50000,5,"year_var",1.03597985770698,1.04250756023153
"bobcat_v1fix_ecoregion","3",50000,5,"MCMT_tau",1.03224893716721,1.00005993486477
"bobcat_v1fix_ecoregion","3",50000,5,"MWMT_tau",1.03252071386108,1.00044143779565
"bobcat_v1fix_ecoregion","3",50000,5,"det_intercept",1.04934872482413,1.03558051771865
"bobcat_v1fix_ecoregion","3",50000,5,"intercept_tau",1.03222038550102,1.00011736769052
"bobcat_v1fix_ecoregion","3",50000,5,"occ_beta[1]",1.06318231260454,1.06858036649957
"bobcat_v1fix_ecoregion","3",50000,5,"occ_beta[2]",1.02391268193057,1.02060923181775
"bobcat_v1fix_ecoregion","3",50000,5,"occ_beta[3]",1.03605044434174,1.01581399062161
"bobcat_v1fix_ecoregion","3",50000,5,"occ_beta[4]",1.02796462997015,1.00250166130659
"bobcat_v1fix_ecoregion","3",50000,5,"occ_beta[5]",1.0314340601887,1.01312563684071
"bobcat_v1fix_ecoregion","3",50000,5,"occ_beta[6]",1.01156193912095,1.00149366923787
"bobcat_v1fix_ecoregion","3",50000,5,"occ_beta[7]",1.00331074334567,1.00042184572512
"bobcat_v1fix_ecoregion","3",50000,5,"occ_beta[8]",1.10710274319129,1.11448246017467
"bobcat_v1fix_ecoregion","3",50000,5,"occ_beta[9]",1.04355437984906,1.03122762743005
"bobcat_v1fix_ecoregion","3",50000,5,"occ_beta[10]",1.08160930027676,1.06966151583436
"bobcat_v1fix_ecoregion","3",50000,5,"overdisp_inat",1.03798777845292,1.00429964049614
"bobcat_v1fix_ecoregion","3",50000,5,"p_beta[1]",1.03757496222964,1.03050452075518
"bobcat_v1fix_ecoregion","3",50000,5,"p_beta[2]",1.06086498941622,1.05516663778688
"bobcat_v1fix_ecoregion","3",50000,5,"p_beta[3]",1.01354125809828,1.01123239062103
"bobcat_v1fix_ecoregion","3",50000,5,"p_beta[4]",1.01003676983416,1.00079941540359
"bobcat_v1fix_ecoregion","3",50000,5,"sigma_region",1.05240646702729,1.03746246428416
"bobcat_v1fix_ecoregion","3",50000,5,"theta0",1.08781268757919,1.06972321276999
"bobcat_v1fix_ecoregion","3",50000,5,"theta1",1.09639379121467,1.07936760318043
"bobcat_v1fix_ecoregion","3",50000,5,"total_var_beta",1.12051893431813,1.12791435756379
"bobcat_v1fix_ecoregion","3",50000,5,"trend_robust_indicator",1.06231366743962,1.08101682312098
"bobcat_v1fix_ecoregion","3",50000,5,"year_beta",1.01315932513287,1.01215125570818
"bobcat_v1fix_ecoregion","3",50000,5,"year_region[1]",1.08010577391466,1.07223358151068
"bobcat_v1fix_ecoregion","3",50000,5,"year_region[2]",1.08204798057789,1.08456475818025
"bobcat_v1fix_ecoregion","3",50000,5,"year_region[3]",1.05713859688244,1.05398234691186
"bobcat_v1fix_ecoregion","3",50000,5,"year_region[4]",1.08079441231857,1.06693035424801
"bobcat_v1fix_ecoregion","3",50000,5,"year_region[5]",1.09733124548209,1.10098145712897
"bobcat_v1fix_ecoregion","3",50000,5,"year_region[6]",1.05389306005254,1.0521127186416
"bobcat_v1fix_ecoregion","3",50000,5,"year_region[7]",1.08992238365933,1.08086488125707
"bobcat_v1fix_ecoregion","3",50000,5,"year_region[8]",1.04969984485428,1.04935968396712
"bobcat_v1fix_ecoregion","3",50000,5,"year_var",1.10335554947991,1.11652495642944
"white-tailed_deer_v1fix_national_scalar","1",50000,5,"MCMT_tau",1.03299293670282,1.00058305505041
"white-tailed_deer_v1fix_national_scalar","1",50000,5,"MWMT_tau",1.03637232175827,1.00495101569505
"white-tailed_deer_v1fix_national_scalar","1",50000,5,"det_intercept",1.06782533742572,1.05308637699116
"white-tailed_deer_v1fix_national_scalar","1",50000,5,"intercept_tau",1.04053753561393,1.01173126845731
"white-tailed_deer_v1fix_national_scalar","1",50000,5,"occ_beta[1]",1.03083306043886,1.01100936369225
"white-tailed_deer_v1fix_national_scalar","1",50000,5,"occ_beta[2]",1.03126539535503,1.01134947511337
"white-tailed_deer_v1fix_national_scalar","1",50000,5,"occ_beta[3]",1.04379406416054,1.02053610514372
"white-tailed_deer_v1fix_national_scalar","1",50000,5,"occ_beta[4]",1.00750156449311,1.00622389699114
"white-tailed_deer_v1fix_national_scalar","1",50000,5,"occ_beta[5]",1.04537898662606,1.01816680380295
"white-tailed_deer_v1fix_national_scalar","1",50000,5,"occ_beta[6]",1.01146596495754,1.00719024095214
"white-tailed_deer_v1fix_national_scalar","1",50000,5,"occ_beta[7]",1.00417758502348,1.00135134432556
"white-tailed_deer_v1fix_national_scalar","1",50000,5,"occ_beta[8]",1.03458608775393,1.0182981627644
"white-tailed_deer_v1fix_national_scalar","1",50000,5,"occ_beta[9]",1.01582319233113,1.00606481033001
"white-tailed_deer_v1fix_national_scalar","1",50000,5,"occ_beta[10]",1.0324854751038,1.0179703947582
"white-tailed_deer_v1fix_national_scalar","1",50000,5,"overdisp_inat",1.03503248141681,1.00222726877881
"white-tailed_deer_v1fix_national_scalar","1",50000,5,"p_beta[1]",1.03482765767995,1.02887824825836
"white-tailed_deer_v1fix_national_scalar","1",50000,5,"p_beta[2]",1.04951946355805,1.03968864736355
"white-tailed_deer_v1fix_national_scalar","1",50000,5,"p_beta[3]",1.00412404135432,1.00266257686304
"white-tailed_deer_v1fix_national_scalar","1",50000,5,"p_beta[4]",1.00274299243419,1.00068480522504
"white-tailed_deer_v1fix_national_scalar","1",50000,5,"theta0",1.12991000095618,1.02083888948461
"white-tailed_deer_v1fix_national_scalar","1",50000,5,"theta1",1.11754681296511,1.01863050413572
"white-tailed_deer_v1fix_national_scalar","1",50000,5,"total_var_beta",1.04881248031037,1.00921102615622
"white-tailed_deer_v1fix_national_scalar","1",50000,5,"trend_robust_indicator",1.00721635185235,1.00119424179421
"white-tailed_deer_v1fix_national_scalar","1",50000,5,"year_beta",1.03844406517825,1.02844777515052
"white-tailed_deer_v1fix_national_scalar","1",50000,5,"year_var",1.0581160985994,1.06242037943736
"white-tailed_deer_v1fix_national_scalar","2",50000,5,"MCMT_tau",1.03320890830703,1.00049392763274
"white-tailed_deer_v1fix_national_scalar","2",50000,5,"MWMT_tau",1.03349369119935,1.00178393696306
"white-tailed_deer_v1fix_national_scalar","2",50000,5,"det_intercept",1.04275776708053,1.01724874529062
"white-tailed_deer_v1fix_national_scalar","2",50000,5,"intercept_tau",1.0449652579109,1.01687817843006
"white-tailed_deer_v1fix_national_scalar","2",50000,5,"occ_beta[1]",1.02622683297439,1.00800952765212
"white-tailed_deer_v1fix_national_scalar","2",50000,5,"occ_beta[2]",1.03067117779269,1.01270740411208
"white-tailed_deer_v1fix_national_scalar","2",50000,5,"occ_beta[3]",1.04073648189295,1.00859352035655
"white-tailed_deer_v1fix_national_scalar","2",50000,5,"occ_beta[4]",1.01388381763459,1.01885626471403
"white-tailed_deer_v1fix_national_scalar","2",50000,5,"occ_beta[5]",1.03806103917817,1.01771319820769
"white-tailed_deer_v1fix_national_scalar","2",50000,5,"occ_beta[6]",1.03244857344278,1.01566218226528
"white-tailed_deer_v1fix_national_scalar","2",50000,5,"occ_beta[7]",1.00229221125335,1.00157763374803
"white-tailed_deer_v1fix_national_scalar","2",50000,5,"occ_beta[8]",1.10072248117208,1.09451628016979
"white-tailed_deer_v1fix_national_scalar","2",50000,5,"occ_beta[9]",1.0770173001901,1.08126595204076
"white-tailed_deer_v1fix_national_scalar","2",50000,5,"occ_beta[10]",1.09853547385305,1.09428962626786
"white-tailed_deer_v1fix_national_scalar","2",50000,5,"overdisp_inat",1.03531888609094,1.00315616007616
"white-tailed_deer_v1fix_national_scalar","2",50000,5,"p_beta[1]",1.03732479384935,1.01938655227607
"white-tailed_deer_v1fix_national_scalar","2",50000,5,"p_beta[2]",1.05888882037097,1.04016177133202
"white-tailed_deer_v1fix_national_scalar","2",50000,5,"p_beta[3]",1.02670500265338,1.01977303130036
"white-tailed_deer_v1fix_national_scalar","2",50000,5,"p_beta[4]",1.00705354635333,1.00325246310436
"white-tailed_deer_v1fix_national_scalar","2",50000,5,"theta0",1.14957156751871,1.07668993352665
"white-tailed_deer_v1fix_national_scalar","2",50000,5,"theta1",1.13035091179152,1.06194288732469
"white-tailed_deer_v1fix_national_scalar","2",50000,5,"total_var_beta",1.05536747547648,1.02568781722991
"white-tailed_deer_v1fix_national_scalar","2",50000,5,"trend_robust_indicator",1.01617986948704,1.00395279367837
"white-tailed_deer_v1fix_national_scalar","2",50000,5,"year_beta",1.02674211144941,1.03081856757107
"white-tailed_deer_v1fix_national_scalar","2",50000,5,"year_var",1.05673500181749,1.04192084091888
"white-tailed_deer_v1fix_national_scalar","3",50000,5,"MCMT_tau",1.03551724352172,1.00340652830017
"white-tailed_deer_v1fix_national_scalar","3",50000,5,"MWMT_tau",1.03313070748011,1.00122324670222
"white-tailed_deer_v1fix_national_scalar","3",50000,5,"det_intercept",1.0377510598058,1.01194080577239
"white-tailed_deer_v1fix_national_scalar","3",50000,5,"intercept_tau",1.03452321473357,1.00465400404354
"white-tailed_deer_v1fix_national_scalar","3",50000,5,"occ_beta[1]",1.02652161342235,1.00822542284372
"white-tailed_deer_v1fix_national_scalar","3",50000,5,"occ_beta[2]",1.02490982614611,1.00446504715209
"white-tailed_deer_v1fix_national_scalar","3",50000,5,"occ_beta[3]",1.05719814628791,1.01347510821848
"white-tailed_deer_v1fix_national_scalar","3",50000,5,"occ_beta[4]",1.01969833793257,1.01465463080757
"white-tailed_deer_v1fix_national_scalar","3",50000,5,"occ_beta[5]",1.03480642918053,1.0087539693992
"white-tailed_deer_v1fix_national_scalar","3",50000,5,"occ_beta[6]",1.02232570225741,1.00682257550085
"white-tailed_deer_v1fix_national_scalar","3",50000,5,"occ_beta[7]",1.0054654638301,1.00488455935759
"white-tailed_deer_v1fix_national_scalar","3",50000,5,"occ_beta[8]",1.06897853373707,1.04975527822336
"white-tailed_deer_v1fix_national_scalar","3",50000,5,"occ_beta[9]",1.03992603622521,1.03282478399988
"white-tailed_deer_v1fix_national_scalar","3",50000,5,"occ_beta[10]",1.06538085500048,1.05107847563183
"white-tailed_deer_v1fix_national_scalar","3",50000,5,"overdisp_inat",1.03562999764993,1.00301094680168
"white-tailed_deer_v1fix_national_scalar","3",50000,5,"p_beta[1]",1.10985705605862,1.11347531168297
"white-tailed_deer_v1fix_national_scalar","3",50000,5,"p_beta[2]",1.10127861704738,1.09740047207476
"white-tailed_deer_v1fix_national_scalar","3",50000,5,"p_beta[3]",1.02088660828488,1.02033825178012
"white-tailed_deer_v1fix_national_scalar","3",50000,5,"p_beta[4]",1.03906301533979,1.02795855903934
"white-tailed_deer_v1fix_national_scalar","3",50000,5,"theta0",1.13353652955897,1.04628172991024
"white-tailed_deer_v1fix_national_scalar","3",50000,5,"theta1",1.1124755483872,1.02611548226832
"white-tailed_deer_v1fix_national_scalar","3",50000,5,"total_var_beta",1.05077086524004,1.02331986631982
"white-tailed_deer_v1fix_national_scalar","3",50000,5,"trend_robust_indicator",1.00036941847518,1.000170777915
"white-tailed_deer_v1fix_national_scalar","3",50000,5,"year_beta",1.04816730967388,1.02041547167051
"white-tailed_deer_v1fix_national_scalar","3",50000,5,"year_var",1.0287581337181,1.03421550905757
"white-tailed_deer_v1fix_ecoregion","1",50000,5,"MCMT_tau",1.03316762124834,1.00068202556034
"white-tailed_deer_v1fix_ecoregion","1",50000,5,"MWMT_tau",1.03687737510652,1.00584309353513
"white-tailed_deer_v1fix_ecoregion","1",50000,5,"det_intercept",1.08051029234678,1.06443158792768
"white-tailed_deer_v1fix_ecoregion","1",50000,5,"intercept_tau",1.0365735932812,1.007056579371
"white-tailed_deer_v1fix_ecoregion","1",50000,5,"occ_beta[1]",1.02827394005368,1.01270219329431
"white-tailed_deer_v1fix_ecoregion","1",50000,5,"occ_beta[2]",1.06022981597876,1.04334886101942
"white-tailed_deer_v1fix_ecoregion","1",50000,5,"occ_beta[3]",1.03877738936892,1.02150228595688
"white-tailed_deer_v1fix_ecoregion","1",50000,5,"occ_beta[4]",1.04510823873321,1.05355894322572
"white-tailed_deer_v1fix_ecoregion","1",50000,5,"occ_beta[5]",1.04955290419698,1.02804027459472
"white-tailed_deer_v1fix_ecoregion","1",50000,5,"occ_beta[6]",1.04324529853492,1.03146235614959
"white-tailed_deer_v1fix_ecoregion","1",50000,5,"occ_beta[7]",1.0047196637759,1.00217601543416
"white-tailed_deer_v1fix_ecoregion","1",50000,5,"occ_beta[8]",1.05243365446366,1.04248637372665
"white-tailed_deer_v1fix_ecoregion","1",50000,5,"occ_beta[9]",1.0494354396411,1.0448172670841
"white-tailed_deer_v1fix_ecoregion","1",50000,5,"occ_beta[10]",1.05279035581433,1.04116680810471
"white-tailed_deer_v1fix_ecoregion","1",50000,5,"overdisp_inat",1.06531467508605,1.03861036139283
"white-tailed_deer_v1fix_ecoregion","1",50000,5,"p_beta[1]",1.12151926309393,1.13082008842392
"white-tailed_deer_v1fix_ecoregion","1",50000,5,"p_beta[2]",1.14455366399381,1.1533772365774
"white-tailed_deer_v1fix_ecoregion","1",50000,5,"p_beta[3]",1.02734843814844,1.02868763023117
"white-tailed_deer_v1fix_ecoregion","1",50000,5,"p_beta[4]",1.03417111255606,1.04013486298067
"white-tailed_deer_v1fix_ecoregion","1",50000,5,"sigma_region",3.01218522314994,3.11000571064619
"white-tailed_deer_v1fix_ecoregion","1",50000,5,"theta0",1.15694406264383,1.09100060348549
"white-tailed_deer_v1fix_ecoregion","1",50000,5,"theta1",1.14994686156156,1.08662584449192
"white-tailed_deer_v1fix_ecoregion","1",50000,5,"total_var_beta",4.17842325785121,4.44485307126026
"white-tailed_deer_v1fix_ecoregion","1",50000,5,"trend_robust_indicator",1.16420982113704,1.21268552119371
"white-tailed_deer_v1fix_ecoregion","1",50000,5,"year_beta",1.12435353630443,1.13891419180608
"white-tailed_deer_v1fix_ecoregion","1",50000,5,"year_region[1]",4.17706975744584,4.43849502327285
"white-tailed_deer_v1fix_ecoregion","1",50000,5,"year_region[2]",4.18261111366732,4.44892441361403
"white-tailed_deer_v1fix_ecoregion","1",50000,5,"year_region[3]",2.80898854509404,2.9079222148098
"white-tailed_deer_v1fix_ecoregion","1",50000,5,"year_region[4]",1.26444324132396,1.26402835483044
"white-tailed_deer_v1fix_ecoregion","1",50000,5,"year_region[5]",3.81946424377855,4.06275629580008
"white-tailed_deer_v1fix_ecoregion","1",50000,5,"year_region[6]",3.81422696156147,4.04821687681844
"white-tailed_deer_v1fix_ecoregion","1",50000,5,"year_region[7]",4.12350589588692,4.41884533795422
"white-tailed_deer_v1fix_ecoregion","1",50000,5,"year_region[8]",3.80381618707694,4.05957219522673
"white-tailed_deer_v1fix_ecoregion","1",50000,5,"year_var",4.23614929933534,4.50776002389797
"white-tailed_deer_v1fix_ecoregion","2",50000,5,"MCMT_tau",1.03356734486892,1.00104935590531
"white-tailed_deer_v1fix_ecoregion","2",50000,5,"MWMT_tau",1.03631289476857,1.00526091595864
"white-tailed_deer_v1fix_ecoregion","2",50000,5,"det_intercept",1.05972131377378,1.04119442368984
"white-tailed_deer_v1fix_ecoregion","2",50000,5,"intercept_tau",1.03872649479777,1.00962818427302
"white-tailed_deer_v1fix_ecoregion","2",50000,5,"occ_beta[1]",1.01917317850707,1.00403977554652
"white-tailed_deer_v1fix_ecoregion","2",50000,5,"occ_beta[2]",1.03169886595627,1.01496932974632
"white-tailed_deer_v1fix_ecoregion","2",50000,5,"occ_beta[3]",1.05519326483726,1.03053324590266
"white-tailed_deer_v1fix_ecoregion","2",50000,5,"occ_beta[4]",1.02304229932375,1.01583176679959
"white-tailed_deer_v1fix_ecoregion","2",50000,5,"occ_beta[5]",1.0334758192217,1.01114778838873
"white-tailed_deer_v1fix_ecoregion","2",50000,5,"occ_beta[6]",1.04461684269799,1.02465719602493
"white-tailed_deer_v1fix_ecoregion","2",50000,5,"occ_beta[7]",1.00279550097926,1.0027334171001
"white-tailed_deer_v1fix_ecoregion","2",50000,5,"occ_beta[8]",1.06909152988057,1.05174278962341
"white-tailed_deer_v1fix_ecoregion","2",50000,5,"occ_beta[9]",1.03217208336977,1.03036983719118
"white-tailed_deer_v1fix_ecoregion","2",50000,5,"occ_beta[10]",1.06924291201646,1.05906658599264
"white-tailed_deer_v1fix_ecoregion","2",50000,5,"overdisp_inat",1.036139703555,1.00415164430267
"white-tailed_deer_v1fix_ecoregion","2",50000,5,"p_beta[1]",1.14604518136893,1.1594062483903
"white-tailed_deer_v1fix_ecoregion","2",50000,5,"p_beta[2]",1.14096185174303,1.14486967349583
"white-tailed_deer_v1fix_ecoregion","2",50000,5,"p_beta[3]",1.00490637587118,1.00369611926543
"white-tailed_deer_v1fix_ecoregion","2",50000,5,"p_beta[4]",1.01178934740103,1.00886660188666
"white-tailed_deer_v1fix_ecoregion","2",50000,5,"sigma_region",1.0189038437546,1.00696474807115
"white-tailed_deer_v1fix_ecoregion","2",50000,5,"theta0",1.09805813951025,1.02980286597268
"white-tailed_deer_v1fix_ecoregion","2",50000,5,"theta1",1.09094897149184,1.02361392933296
"white-tailed_deer_v1fix_ecoregion","2",50000,5,"total_var_beta",1.04591936380083,1.04453126274928
"white-tailed_deer_v1fix_ecoregion","2",50000,5,"trend_robust_indicator",1.00259516886392,1.00362270044459
"white-tailed_deer_v1fix_ecoregion","2",50000,5,"year_beta",1.00894731476934,1.0022948129232
"white-tailed_deer_v1fix_ecoregion","2",50000,5,"year_region[1]",1.02350140638266,1.02902478698788
"white-tailed_deer_v1fix_ecoregion","2",50000,5,"year_region[2]",1.02345785611059,1.02673093442014
"white-tailed_deer_v1fix_ecoregion","2",50000,5,"year_region[3]",1.02085926906853,1.00531944234661
"white-tailed_deer_v1fix_ecoregion","2",50000,5,"year_region[4]",1.00594653656512,1.00200738066757
"white-tailed_deer_v1fix_ecoregion","2",50000,5,"year_region[5]",1.0135969988743,1.01086420891789
"white-tailed_deer_v1fix_ecoregion","2",50000,5,"year_region[6]",1.01199468162828,1.01286380133258
"white-tailed_deer_v1fix_ecoregion","2",50000,5,"year_region[7]",1.01212784285903,1.0066860865182
"white-tailed_deer_v1fix_ecoregion","2",50000,5,"year_region[8]",1.01813267234611,1.00641891704919
"white-tailed_deer_v1fix_ecoregion","2",50000,5,"year_var",1.03386076063473,1.03712747538173
"white-tailed_deer_v1fix_ecoregion","3",50000,5,"MCMT_tau",1.0334040239089,1.00093153039856
"white-tailed_deer_v1fix_ecoregion","3",50000,5,"MWMT_tau",1.03560890725991,1.00423816258234
"white-tailed_deer_v1fix_ecoregion","3",50000,5,"det_intercept",1.10222342869991,1.08681952883411
"white-tailed_deer_v1fix_ecoregion","3",50000,5,"intercept_tau",1.03623226204011,1.00676149739027
"white-tailed_deer_v1fix_ecoregion","3",50000,5,"occ_beta[1]",1.03087755333736,1.01801698001139
"white-tailed_deer_v1fix_ecoregion","3",50000,5,"occ_beta[2]",1.03589923864076,1.01546170276331
"white-tailed_deer_v1fix_ecoregion","3",50000,5,"occ_beta[3]",1.0537803962056,1.01616492440901
"white-tailed_deer_v1fix_ecoregion","3",50000,5,"occ_beta[4]",1.01626151661734,1.01223419319757
"white-tailed_deer_v1fix_ecoregion","3",50000,5,"occ_beta[5]",1.03144928621692,1.00740854086739
"white-tailed_deer_v1fix_ecoregion","3",50000,5,"occ_beta[6]",1.02076806115871,1.0095291120056
"white-tailed_deer_v1fix_ecoregion","3",50000,5,"occ_beta[7]",1.00427159795583,1.00151722182304
"white-tailed_deer_v1fix_ecoregion","3",50000,5,"occ_beta[8]",1.05999328622053,1.04335227248655
"white-tailed_deer_v1fix_ecoregion","3",50000,5,"occ_beta[9]",1.02663801955401,1.02142829515257
"white-tailed_deer_v1fix_ecoregion","3",50000,5,"occ_beta[10]",1.05654865649312,1.04591751910454
"white-tailed_deer_v1fix_ecoregion","3",50000,5,"overdisp_inat",1.03477566631944,1.00214280432521
"white-tailed_deer_v1fix_ecoregion","3",50000,5,"p_beta[1]",1.19100256895168,1.19196615228473
"white-tailed_deer_v1fix_ecoregion","3",50000,5,"p_beta[2]",1.15741587960021,1.15144911174628
"white-tailed_deer_v1fix_ecoregion","3",50000,5,"p_beta[3]",1.09979266914443,1.11609811019263
"white-tailed_deer_v1fix_ecoregion","3",50000,5,"p_beta[4]",1.10133697214136,1.1032188447738
"white-tailed_deer_v1fix_ecoregion","3",50000,5,"sigma_region",1.60309115564228,1.60929566670554
"white-tailed_deer_v1fix_ecoregion","3",50000,5,"theta0",1.16607815786447,1.08021026834794
"white-tailed_deer_v1fix_ecoregion","3",50000,5,"theta1",1.15336422374488,1.07114533246864
"white-tailed_deer_v1fix_ecoregion","3",50000,5,"total_var_beta",1.72196585331982,1.75605766636864
"white-tailed_deer_v1fix_ecoregion","3",50000,5,"trend_robust_indicator",1.04962991325342,1.03555201408808
"white-tailed_deer_v1fix_ecoregion","3",50000,5,"year_beta",1.02557698210228,1.02123657087616
"white-tailed_deer_v1fix_ecoregion","3",50000,5,"year_region[1]",1.71685996852692,1.74449611807605
"white-tailed_deer_v1fix_ecoregion","3",50000,5,"year_region[2]",1.71501396779641,1.74509875418086
"white-tailed_deer_v1fix_ecoregion","3",50000,5,"year_region[3]",1.54984028510458,1.55422565528817
"white-tailed_deer_v1fix_ecoregion","3",50000,5,"year_region[4]",1.24083947484843,1.24379987135936
"white-tailed_deer_v1fix_ecoregion","3",50000,5,"year_region[5]",1.66161729744263,1.691613019605
"white-tailed_deer_v1fix_ecoregion","3",50000,5,"year_region[6]",1.69067544963409,1.71583893418147
"white-tailed_deer_v1fix_ecoregion","3",50000,5,"year_region[7]",1.72050117689235,1.76618688274836
"white-tailed_deer_v1fix_ecoregion","3",50000,5,"year_region[8]",1.61272457580831,1.64360202191568
"white-tailed_deer_v1fix_ecoregion","3",50000,5,"year_var",1.72298250133663,1.75484812481762
"moose_v2b_national_scalar","1",30000,3,"MCMT_tau",1.10998094857502,1.00498580759178
"moose_v2b_national_scalar","1",30000,3,"MWMT_tau",1.10913980914718,1.00389759250778
"moose_v2b_national_scalar","1",30000,3,"det_intercept",1.04131761724667,1.01200420876304
"moose_v2b_national_scalar","1",30000,3,"intercept_tau",1.10747802309853,1.00024961428358
"moose_v2b_national_scalar","1",30000,3,"occ_beta[1]",1.04894818445864,1.02571989270621
"moose_v2b_national_scalar","1",30000,3,"occ_beta[2]",1.05926952698141,1.0400314089743
"moose_v2b_national_scalar","1",30000,3,"occ_beta[3]",1.01768451573333,1.01008437782476
"moose_v2b_national_scalar","1",30000,3,"occ_beta[4]",1.00322046923634,1.00282382083018
"moose_v2b_national_scalar","1",30000,3,"occ_beta[5]",1.07366918400014,1.02924997405785
"moose_v2b_national_scalar","1",30000,3,"occ_beta[6]",1.04565006208156,1.00271709428636
"moose_v2b_national_scalar","1",30000,3,"occ_beta[7]",1.00443203056476,1.00264989144612
"moose_v2b_national_scalar","1",30000,3,"occ_beta[8]",1.01175375180312,1.00643671723867
"moose_v2b_national_scalar","1",30000,3,"occ_beta[9]",1.00718852365145,1.0111115768225
"moose_v2b_national_scalar","1",30000,3,"overdisp_inat",1.10551345734534,1.00089256862058
"moose_v2b_national_scalar","1",30000,3,"p_beta[1]",1.00270237723354,1.00257905101783
"moose_v2b_national_scalar","1",30000,3,"p_beta[2]",1.0079934862296,1.00110153178705
"moose_v2b_national_scalar","1",30000,3,"p_beta[3]",1.00071744093365,1.00080788706931
"moose_v2b_national_scalar","1",30000,3,"p_beta[4]",1.01217330344049,1.00331165768417
"moose_v2b_national_scalar","1",30000,3,"theta0",1.24670536892769,1.15374587384369
"moose_v2b_national_scalar","1",30000,3,"theta1",1.23011666277467,1.15176730894966
"moose_v2b_national_scalar","1",30000,3,"total_var_beta",1.02534928408669,1.00871673812151
"moose_v2b_national_scalar","1",30000,3,"trend_robust_indicator",1.00055533786366,1.00123941736983
"moose_v2b_national_scalar","1",30000,3,"year_beta",1.00335398001701,1.00981796666636
"moose_v2b_national_scalar","1",30000,3,"year_var",1.00779698277561,1.0108849615362
"moose_v2b_national_scalar","2",30000,3,"MCMT_tau",1.10960160367839,1.00395665123802
"moose_v2b_national_scalar","2",30000,3,"MWMT_tau",1.1075811941584,1.0003077617259
"moose_v2b_national_scalar","2",30000,3,"det_intercept",1.04982425098341,1.00641611237894
"moose_v2b_national_scalar","2",30000,3,"intercept_tau",1.10875172932751,1.00225216265745
"moose_v2b_national_scalar","2",30000,3,"occ_beta[1]",1.03760500351429,1.00840642040263
"moose_v2b_national_scalar","2",30000,3,"occ_beta[2]",1.01990646564603,1.00815578475291
"moose_v2b_national_scalar","2",30000,3,"occ_beta[3]",1.00531186818057,1.00154952657855
"moose_v2b_national_scalar","2",30000,3,"occ_beta[4]",1.02528238126816,1.06344530500617
"moose_v2b_national_scalar","2",30000,3,"occ_beta[5]",1.01513264172272,1.00974384993568
"moose_v2b_national_scalar","2",30000,3,"occ_beta[6]",1.02521476359458,1.01196559189548
"moose_v2b_national_scalar","2",30000,3,"occ_beta[7]",1.00984928321442,1.00312655323103
"moose_v2b_national_scalar","2",30000,3,"occ_beta[8]",1.00299856788121,1.00290863840318
"moose_v2b_national_scalar","2",30000,3,"occ_beta[9]",1.01702763833377,1.0018954138966
"moose_v2b_national_scalar","2",30000,3,"overdisp_inat",1.10614541897574,1.00531838064229
"moose_v2b_national_scalar","2",30000,3,"p_beta[1]",1.00418153181807,1.00198809121911
"moose_v2b_national_scalar","2",30000,3,"p_beta[2]",1.00413091239712,1.00001615292465
"moose_v2b_national_scalar","2",30000,3,"p_beta[3]",1.0012963612313,1.00019656225613
"moose_v2b_national_scalar","2",30000,3,"p_beta[4]",1.01617937355405,1.00901465520241
"moose_v2b_national_scalar","2",30000,3,"theta0",1.14885904699138,1.0095889958057
"moose_v2b_national_scalar","2",30000,3,"theta1",1.16011403385518,1.07127075167791
"moose_v2b_national_scalar","2",30000,3,"total_var_beta",1.01863871064546,1.00012649605124
"moose_v2b_national_scalar","2",30000,3,"trend_robust_indicator",1.00157856430324,1.00355021519307
"moose_v2b_national_scalar","2",30000,3,"year_beta",1.00808845796586,1.01776043272336
"moose_v2b_national_scalar","2",30000,3,"year_var",1.02017459023044,1.035402861654
"moose_v2b_national_scalar","3",30000,3,"MCMT_tau",1.10776153882957,1.00166139686166
"moose_v2b_national_scalar","3",30000,3,"MWMT_tau",1.107005727498,1.0000828922536
"moose_v2b_national_scalar","3",30000,3,"det_intercept",1.03160152074268,1.00559474377201
"moose_v2b_national_scalar","3",30000,3,"intercept_tau",1.10781683922721,1.0002066544618
"moose_v2b_national_scalar","3",30000,3,"occ_beta[1]",1.02974828975885,1.0017278494996
"moose_v2b_national_scalar","3",30000,3,"occ_beta[2]",1.04965123921127,1.01233943929511
"moose_v2b_national_scalar","3",30000,3,"occ_beta[3]",1.00514227055383,1.00188098908799
"moose_v2b_national_scalar","3",30000,3,"occ_beta[4]",1.06308608366854,1.11699895204573
"moose_v2b_national_scalar","3",30000,3,"occ_beta[5]",1.05245175771401,1.02128599304693
"moose_v2b_national_scalar","3",30000,3,"occ_beta[6]",1.06200920322569,1.06534431730988
"moose_v2b_national_scalar","3",30000,3,"occ_beta[7]",1.01201844767779,1.01633664040249
"moose_v2b_national_scalar","3",30000,3,"occ_beta[8]",1.00766206707762,1.00088504072644
"moose_v2b_national_scalar","3",30000,3,"occ_beta[9]",1.00144936585971,1.00182280046699
"moose_v2b_national_scalar","3",30000,3,"overdisp_inat",1.10504069418106,1.00503316192351
"moose_v2b_national_scalar","3",30000,3,"p_beta[1]",1.00346194798014,1.00046543041979
"moose_v2b_national_scalar","3",30000,3,"p_beta[2]",1.00834800724825,1.00552018391002
"moose_v2b_national_scalar","3",30000,3,"p_beta[3]",1.00161337161963,1.0010099011971
"moose_v2b_national_scalar","3",30000,3,"p_beta[4]",1.00649784316089,1.00407640342207
"moose_v2b_national_scalar","3",30000,3,"theta0",1.10047157328701,1.0005909614783
"moose_v2b_national_scalar","3",30000,3,"theta1",1.08896548855514,0.999970697396153
"moose_v2b_national_scalar","3",30000,3,"total_var_beta",1.0011506732002,1.00195162357555
"moose_v2b_national_scalar","3",30000,3,"trend_robust_indicator",1.0006526273087,1.0004867272871
"moose_v2b_national_scalar","3",30000,3,"year_beta",1.00415104668339,1.00320783478656
"moose_v2b_national_scalar","3",30000,3,"year_var",1.00516389193971,1.00334228620548
"moose_v2b_ecoregion","1",40000,4,"MCMT_tau",1.05365933745234,1.00143455301674
"moose_v2b_ecoregion","1",40000,4,"MWMT_tau",1.05527941199356,1.0035399733288
"moose_v2b_ecoregion","1",40000,4,"det_intercept",1.04259233474133,1.00861041856939
"moose_v2b_ecoregion","1",40000,4,"intercept_tau",1.05255031333591,1.00027716513409
"moose_v2b_ecoregion","1",40000,4,"occ_beta[1]",1.05581952253318,1.01105233043414
"moose_v2b_ecoregion","1",40000,4,"occ_beta[2]",1.05482039374033,1.06153694291732
"moose_v2b_ecoregion","1",40000,4,"occ_beta[3]",1.0285109103433,1.03090221289669
"moose_v2b_ecoregion","1",40000,4,"occ_beta[4]",1.02668498187261,1.02653953596992
"moose_v2b_ecoregion","1",40000,4,"occ_beta[5]",1.0393060613523,1.03172660958576
"moose_v2b_ecoregion","1",40000,4,"occ_beta[6]",1.04850102132313,1.07546431161154
"moose_v2b_ecoregion","1",40000,4,"occ_beta[7]",1.01083341408476,1.00500170528144
"moose_v2b_ecoregion","1",40000,4,"occ_beta[8]",1.00591045444241,1.00661404840669
"moose_v2b_ecoregion","1",40000,4,"occ_beta[9]",1.01617585195899,1.00499478033714
"moose_v2b_ecoregion","1",40000,4,"overdisp_inat",1.05526898654625,1.00492570167735
"moose_v2b_ecoregion","1",40000,4,"p_beta[1]",1.00094293116445,1.00071607074036
"moose_v2b_ecoregion","1",40000,4,"p_beta[2]",1.00446082998473,1.00102930189342
"moose_v2b_ecoregion","1",40000,4,"p_beta[3]",1.00084814169568,0.999958182628034
"moose_v2b_ecoregion","1",40000,4,"p_beta[4]",1.01404607974775,1.00362191805641
"moose_v2b_ecoregion","1",40000,4,"sigma_region",1.0102426844405,1.01737124295349
"moose_v2b_ecoregion","1",40000,4,"theta0",1.13020968190514,1.06466404949633
"moose_v2b_ecoregion","1",40000,4,"theta1",1.13543575429654,1.09512436686021
"moose_v2b_ecoregion","1",40000,4,"total_var_beta",1.02427642237019,1.03478067579078
"moose_v2b_ecoregion","1",40000,4,"trend_robust_indicator",1.00723462333996,1.00905316471777
"moose_v2b_ecoregion","1",40000,4,"year_beta",1.01753699798579,1.01353928524602
"moose_v2b_ecoregion","1",40000,4,"year_region[1]",1.00939116366465,1.01349018816564
"moose_v2b_ecoregion","1",40000,4,"year_region[2]",1.00906123810226,1.01369298998848
"moose_v2b_ecoregion","1",40000,4,"year_region[3]",1.0013318526574,1.00263872699513
"moose_v2b_ecoregion","1",40000,4,"year_region[4]",1.00153183355696,1.00303476452058
"moose_v2b_ecoregion","1",40000,4,"year_region[5]",1.00845628833108,1.00613093287542
"moose_v2b_ecoregion","1",40000,4,"year_region[6]",1.03516313208055,1.04258306993333
"moose_v2b_ecoregion","1",40000,4,"year_region[7]",1.0341347347559,1.04839011054069
"moose_v2b_ecoregion","1",40000,4,"year_region[8]",1.01456111397429,1.01334351871182
"moose_v2b_ecoregion","1",40000,4,"year_var",1.01932197625157,1.02292607335687
"moose_v2b_ecoregion","2",30000,3,"MCMT_tau",1.10728122038693,0.999951374807531
"moose_v2b_ecoregion","2",30000,3,"MWMT_tau",1.10751578119122,1.00005936663425
"moose_v2b_ecoregion","2",30000,3,"det_intercept",1.02389539738305,1.00469746280903
"moose_v2b_ecoregion","2",30000,3,"intercept_tau",1.10959983186986,1.00327809975913
"moose_v2b_ecoregion","2",30000,3,"occ_beta[1]",1.06800959143001,1.0817028788864
"moose_v2b_ecoregion","2",30000,3,"occ_beta[2]",1.02530014358235,1.05298810284372
"moose_v2b_ecoregion","2",30000,3,"occ_beta[3]",1.02376689896112,1.01223135265621
"moose_v2b_ecoregion","2",30000,3,"occ_beta[4]",1.01530870555114,1.01814390445011
"moose_v2b_ecoregion","2",30000,3,"occ_beta[5]",1.0488487016675,1.02371058176399
"moose_v2b_ecoregion","2",30000,3,"occ_beta[6]",1.00936818309611,1.00076982374543
"moose_v2b_ecoregion","2",30000,3,"occ_beta[7]",1.0073627187232,1.01702397976884
"moose_v2b_ecoregion","2",30000,3,"occ_beta[8]",1.02654011430119,1.03608915300952
"moose_v2b_ecoregion","2",30000,3,"occ_beta[9]",1.01530166425039,1.03442963305157
"moose_v2b_ecoregion","2",30000,3,"overdisp_inat",1.10549757345633,1.00198652643327
"moose_v2b_ecoregion","2",30000,3,"p_beta[1]",1.00590491132191,1.00357197551369
"moose_v2b_ecoregion","2",30000,3,"p_beta[2]",1.01341398933673,1.00536462753719
"moose_v2b_ecoregion","2",30000,3,"p_beta[3]",1.00104912228632,1.00004836530423
"moose_v2b_ecoregion","2",30000,3,"p_beta[4]",1.00531110629793,1.00138652115746
"moose_v2b_ecoregion","2",30000,3,"sigma_region",1.06337781912765,1.04615282882729
"moose_v2b_ecoregion","2",30000,3,"theta0",1.19780925019789,1.10996325969675
"moose_v2b_ecoregion","2",30000,3,"theta1",1.2482161729177,1.15177818925981
"moose_v2b_ecoregion","2",30000,3,"total_var_beta",1.15972534565958,1.18551248869573
"moose_v2b_ecoregion","2",30000,3,"trend_robust_indicator",1.00355246710629,1.00633039820562
"moose_v2b_ecoregion","2",30000,3,"year_beta",1.00361628017518,1.00821926891983
"moose_v2b_ecoregion","2",30000,3,"year_region[1]",1.08542384405446,1.13443819836229
"moose_v2b_ecoregion","2",30000,3,"year_region[2]",1.04608377357854,1.07130998553629
"moose_v2b_ecoregion","2",30000,3,"year_region[3]",1.02088481873435,1.02153089764462
"moose_v2b_ecoregion","2",30000,3,"year_region[4]",1.02156047226209,1.02099628453719
"moose_v2b_ecoregion","2",30000,3,"year_region[5]",1.08597128902899,1.10697624070915
"moose_v2b_ecoregion","2",30000,3,"year_region[6]",1.1156956534899,1.15816533209712
"moose_v2b_ecoregion","2",30000,3,"year_region[7]",1.12299641423154,1.15300319883628
"moose_v2b_ecoregion","2",30000,3,"year_region[8]",1.04664826187837,1.04288808623834
"moose_v2b_ecoregion","2",30000,3,"year_var",1.12846347197851,1.17456448946786
"moose_v2b_ecoregion","3",30000,3,"MCMT_tau",1.10807177627123,1.00168129971022
"moose_v2b_ecoregion","3",30000,3,"MWMT_tau",1.1079388508773,1.0015150218237
"moose_v2b_ecoregion","3",30000,3,"det_intercept",1.03331800512514,1.00393745913968
"moose_v2b_ecoregion","3",30000,3,"intercept_tau",1.10732981832421,0.999999982796819
"moose_v2b_ecoregion","3",30000,3,"occ_beta[1]",1.03345912629313,1.00186960418035
"moose_v2b_ecoregion","3",30000,3,"occ_beta[2]",1.05696501307847,1.05058424273684
"moose_v2b_ecoregion","3",30000,3,"occ_beta[3]",1.0331646307791,1.03004776426888
"moose_v2b_ecoregion","3",30000,3,"occ_beta[4]",1.01713871598173,1.01779644599489
"moose_v2b_ecoregion","3",30000,3,"occ_beta[5]",1.05425384143082,1.04814561552469
"moose_v2b_ecoregion","3",30000,3,"occ_beta[6]",1.02160386374567,1.04200648041174
"moose_v2b_ecoregion","3",30000,3,"occ_beta[7]",1.00342780248278,1.00151393505042
"moose_v2b_ecoregion","3",30000,3,"occ_beta[8]",1.06121827615181,1.05874351614039
"moose_v2b_ecoregion","3",30000,3,"occ_beta[9]",1.00211073967588,1.00075587461245
"moose_v2b_ecoregion","3",30000,3,"overdisp_inat",1.10730529762827,1.01216660526401
"moose_v2b_ecoregion","3",30000,3,"p_beta[1]",1.00525378027927,1.00220957625352
"moose_v2b_ecoregion","3",30000,3,"p_beta[2]",1.01504155060405,1.01263408831322
"moose_v2b_ecoregion","3",30000,3,"p_beta[3]",1.000922468464,1.00127958650476
"moose_v2b_ecoregion","3",30000,3,"p_beta[4]",1.01202719872032,1.00636279629595
"moose_v2b_ecoregion","3",30000,3,"sigma_region",1.12789972636154,1.09420875220839
"moose_v2b_ecoregion","3",30000,3,"theta0",1.22629943605092,1.21321599328502
"moose_v2b_ecoregion","3",30000,3,"theta1",1.22118627143531,1.24950122138388
"moose_v2b_ecoregion","3",30000,3,"total_var_beta",1.12465039632479,1.07625789931443
"moose_v2b_ecoregion","3",30000,3,"trend_robust_indicator",1.0004776730279,1.00106096852345
"moose_v2b_ecoregion","3",30000,3,"year_beta",1.02145701778413,1.03193231338156
"moose_v2b_ecoregion","3",30000,3,"year_region[1]",1.11773586743479,1.12283911992256
"moose_v2b_ecoregion","3",30000,3,"year_region[2]",1.12452499032166,1.09918691337459
"moose_v2b_ecoregion","3",30000,3,"year_region[3]",1.06349314385008,1.05600784341902
"moose_v2b_ecoregion","3",30000,3,"year_region[4]",1.06396169657781,1.05009385887306
"moose_v2b_ecoregion","3",30000,3,"year_region[5]",1.11111996959547,1.0842763125622
"moose_v2b_ecoregion","3",30000,3,"year_region[6]",1.13920957484902,1.11531656493562
"moose_v2b_ecoregion","3",30000,3,"year_region[7]",1.11822213122046,1.05464691551027
"moose_v2b_ecoregion","3",30000,3,"year_region[8]",1.09505194055422,1.04355757139768
"moose_v2b_ecoregion","3",30000,3,"year_var",1.09254187289809,1.03542216223879
"bobcat_v2b_national_scalar","1",30000,3,"MCMT_tau",1.11022546466533,1.00240149163645
"bobcat_v2b_national_scalar","1",30000,3,"MWMT_tau",1.11036350056617,1.0019781330786
"bobcat_v2b_national_scalar","1",30000,3,"det_intercept",1.63497476601741,1.84610487053219
"bobcat_v2b_national_scalar","1",30000,3,"intercept_tau",1.11006229047148,1.00131328918854
"bobcat_v2b_national_scalar","1",30000,3,"occ_beta[1]",1.68955644410282,2.12525585383671
"bobcat_v2b_national_scalar","1",30000,3,"occ_beta[2]",1.06413394589466,1.1428501352566
"bobcat_v2b_national_scalar","1",30000,3,"occ_beta[3]",1.12374992350672,1.19956578425397
"bobcat_v2b_national_scalar","1",30000,3,"occ_beta[4]",1.09656545670278,1.061587076358
"bobcat_v2b_national_scalar","1",30000,3,"occ_beta[5]",2.02832256250998,2.33360307184548
"bobcat_v2b_national_scalar","1",30000,3,"occ_beta[6]",1.03350022907088,1.0433135711811
"bobcat_v2b_national_scalar","1",30000,3,"occ_beta[7]",2.0499778118416,2.70910747849353
"bobcat_v2b_national_scalar","1",30000,3,"occ_beta[8]",1.93148884324105,2.2896346269139
"bobcat_v2b_national_scalar","1",30000,3,"occ_beta[9]",4.31284012414482,5.57863402143731
"bobcat_v2b_national_scalar","1",30000,3,"overdisp_inat",4.86414950247544,5.59398987059848
"bobcat_v2b_national_scalar","1",30000,3,"p_beta[1]",1.04978672932886,1.02311026259772
"bobcat_v2b_national_scalar","1",30000,3,"p_beta[2]",1.07693955930803,1.06308860305169
"bobcat_v2b_national_scalar","1",30000,3,"p_beta[3]",2.21184927213177,2.66612227511677
"bobcat_v2b_national_scalar","1",30000,3,"p_beta[4]",1.08652598448742,1.15283969440354
"bobcat_v2b_national_scalar","1",30000,3,"theta0",10.3052541496273,12.4771857023205
"bobcat_v2b_national_scalar","1",30000,3,"theta1",10.7951966580418,13.0078411857957
"bobcat_v2b_national_scalar","1",30000,3,"total_var_beta",6.61884802967754,7.71837536474322
"bobcat_v2b_national_scalar","1",30000,3,"trend_robust_indicator",1.19493483826915,1.15201184358219
"bobcat_v2b_national_scalar","1",30000,3,"year_beta",2.4658511073955,2.99994835950026
"bobcat_v2b_national_scalar","1",30000,3,"year_var",6.20432975073778,7.28199149152941
"bobcat_v2b_national_scalar","2",40000,4,"MCMT_tau",1.0541708619839,1.00023031209106
"bobcat_v2b_national_scalar","2",40000,4,"MWMT_tau",1.05397551650735,1.00010720587951
"bobcat_v2b_national_scalar","2",40000,4,"det_intercept",1.04679683746932,1.02922170704743
"bobcat_v2b_national_scalar","2",40000,4,"intercept_tau",1.05518641831674,1.0014831211045
"bobcat_v2b_national_scalar","2",40000,4,"occ_beta[1]",1.01180369774672,1.00991666250334
"bobcat_v2b_national_scalar","2",40000,4,"occ_beta[2]",1.00725343959744,1.00501164849712
"bobcat_v2b_national_scalar","2",40000,4,"occ_beta[3]",1.01622388702206,1.01241612673353
"bobcat_v2b_national_scalar","2",40000,4,"occ_beta[4]",1.03517479388121,1.02360435185587
"bobcat_v2b_national_scalar","2",40000,4,"occ_beta[5]",1.0145307131497,1.00274603889583
"bobcat_v2b_national_scalar","2",40000,4,"occ_beta[6]",1.00984030122226,1.00392672099056
"bobcat_v2b_national_scalar","2",40000,4,"occ_beta[7]",1.00095062535448,1.00111125898688
"bobcat_v2b_national_scalar","2",40000,4,"occ_beta[8]",1.02222517611492,1.01276422998134
"bobcat_v2b_national_scalar","2",40000,4,"occ_beta[9]",1.00875339380833,1.01190673883001
"bobcat_v2b_national_scalar","2",40000,4,"overdisp_inat",1.05601199502466,1.00035312283237
"bobcat_v2b_national_scalar","2",40000,4,"p_beta[1]",1.02951382290784,1.00367194425315
"bobcat_v2b_national_scalar","2",40000,4,"p_beta[2]",1.03039939898397,1.00433850002754
"bobcat_v2b_national_scalar","2",40000,4,"p_beta[3]",1.02913373309448,1.00671188851257
"bobcat_v2b_national_scalar","2",40000,4,"p_beta[4]",1.01079858587903,1.00488157380823
"bobcat_v2b_national_scalar","2",40000,4,"theta0",1.06486814876796,1.01597655637651
"bobcat_v2b_national_scalar","2",40000,4,"theta1",1.06352498812551,1.01327235528388
"bobcat_v2b_national_scalar","2",40000,4,"total_var_beta",1.13116194972406,1.10289192302669
"bobcat_v2b_national_scalar","2",40000,4,"trend_robust_indicator",1.24564235779648,1.29142959387974
"bobcat_v2b_national_scalar","2",40000,4,"year_beta",1.00570610750938,1.00271921788503
"bobcat_v2b_national_scalar","2",40000,4,"year_var",1.12586876124156,1.09978824595307
"bobcat_v2b_national_scalar","3",30000,3,"MCMT_tau",1.11069687496344,1.00213169366883
"bobcat_v2b_national_scalar","3",30000,3,"MWMT_tau",1.10947006540177,1.00042546258772
"bobcat_v2b_national_scalar","3",30000,3,"det_intercept",1.02833399870853,1.0180501423263
"bobcat_v2b_national_scalar","3",30000,3,"intercept_tau",1.10977449766257,1.0008297348576
"bobcat_v2b_national_scalar","3",30000,3,"occ_beta[1]",1.00427781463805,1.0094868387407
"bobcat_v2b_national_scalar","3",30000,3,"occ_beta[2]",1.00221396546739,1.00284887528019
"bobcat_v2b_national_scalar","3",30000,3,"occ_beta[3]",1.02779865974988,1.01551436613854
"bobcat_v2b_national_scalar","3",30000,3,"occ_beta[4]",1.05414313587819,1.0341192218338
"bobcat_v2b_national_scalar","3",30000,3,"occ_beta[5]",1.02248546645646,1.00096711126629
"bobcat_v2b_national_scalar","3",30000,3,"occ_beta[6]",1.01253911297455,1.01588443612205
"bobcat_v2b_national_scalar","3",30000,3,"occ_beta[7]",1.00244334522855,1.00111809347012
"bobcat_v2b_national_scalar","3",30000,3,"occ_beta[8]",1.01417125704425,1.00146419046089
"bobcat_v2b_national_scalar","3",30000,3,"occ_beta[9]",1.00099001206294,1.00209564670812
"bobcat_v2b_national_scalar","3",30000,3,"overdisp_inat",1.10240828965235,1.00111398559445
"bobcat_v2b_national_scalar","3",30000,3,"p_beta[1]",1.03576914620497,1.01003716446014
"bobcat_v2b_national_scalar","3",30000,3,"p_beta[2]",1.03741136400871,0.999977675194213
"bobcat_v2b_national_scalar","3",30000,3,"p_beta[3]",1.02393180579855,1.00306067303308
"bobcat_v2b_national_scalar","3",30000,3,"p_beta[4]",1.02304650006397,1.00021204548266
"bobcat_v2b_national_scalar","3",30000,3,"theta0",1.26217857076577,1.23822679277606
"bobcat_v2b_national_scalar","3",30000,3,"theta1",1.25085659387774,1.2228740395862
"bobcat_v2b_national_scalar","3",30000,3,"total_var_beta",1.07237934152499,1.08116912813855
"bobcat_v2b_national_scalar","3",30000,3,"trend_robust_indicator",1.23015130444146,1.20367041720091
"bobcat_v2b_national_scalar","3",30000,3,"year_beta",1.04904996496057,1.07957024846772
"bobcat_v2b_national_scalar","3",30000,3,"year_var",1.08071828344583,1.10604703603813
"bobcat_v2b_ecoregion","1",30000,3,"MCMT_tau",1.10952886069259,1.00052014249239
"bobcat_v2b_ecoregion","1",30000,3,"MWMT_tau",1.10953804905603,1.00073406028426
"bobcat_v2b_ecoregion","1",30000,3,"det_intercept",1.04071222676721,1.00371609152024
"bobcat_v2b_ecoregion","1",30000,3,"intercept_tau",1.10906667222431,0.999976702042152
"bobcat_v2b_ecoregion","1",30000,3,"occ_beta[1]",1.00814181475024,1.01333769035151
"bobcat_v2b_ecoregion","1",30000,3,"occ_beta[2]",1.00797253217322,1.00168442398523
"bobcat_v2b_ecoregion","1",30000,3,"occ_beta[3]",1.03139242333563,1.0010886591242
"bobcat_v2b_ecoregion","1",30000,3,"occ_beta[4]",1.0343716079404,1.00031948358519
"bobcat_v2b_ecoregion","1",30000,3,"occ_beta[5]",1.04652044248983,1.00702844757626
"bobcat_v2b_ecoregion","1",30000,3,"occ_beta[6]",1.00757143212034,1.00088658239546
"bobcat_v2b_ecoregion","1",30000,3,"occ_beta[7]",1.00506445673269,1.00005873116008
"bobcat_v2b_ecoregion","1",30000,3,"occ_beta[8]",1.00887264290357,1.00629849910138
"bobcat_v2b_ecoregion","1",30000,3,"occ_beta[9]",1.03148473291313,1.05055926638749
"bobcat_v2b_ecoregion","1",30000,3,"overdisp_inat",1.1016736024508,1.00232845075238
"bobcat_v2b_ecoregion","1",30000,3,"p_beta[1]",1.04386074423141,1.00200265997953
"bobcat_v2b_ecoregion","1",30000,3,"p_beta[2]",1.04820548951103,1.00917701620108
"bobcat_v2b_ecoregion","1",30000,3,"p_beta[3]",1.02586610446622,1.01107870736133
"bobcat_v2b_ecoregion","1",30000,3,"p_beta[4]",1.01164488015757,1.00521857500667
"bobcat_v2b_ecoregion","1",30000,3,"sigma_region",1.01322669660498,1.00049367835003
"bobcat_v2b_ecoregion","1",30000,3,"theta0",1.09016362195061,1.00716295675396
"bobcat_v2b_ecoregion","1",30000,3,"theta1",1.09101245480322,1.00586649586641
"bobcat_v2b_ecoregion","1",30000,3,"total_var_beta",1.03101860462329,1.00679943861366
"bobcat_v2b_ecoregion","1",30000,3,"trend_robust_indicator",1.008859841913,1.00124452986676
"bobcat_v2b_ecoregion","1",30000,3,"year_beta",1.02615738917233,1.03034483980068
"bobcat_v2b_ecoregion","1",30000,3,"year_region[1]",1.01337227704403,1.00073891281765
"bobcat_v2b_ecoregion","1",30000,3,"year_region[2]",1.01109064408579,1.00096039958933
"bobcat_v2b_ecoregion","1",30000,3,"year_region[3]",1.01108204696618,1.00253398672181
"bobcat_v2b_ecoregion","1",30000,3,"year_region[4]",1.01337711249941,1.00043963568666
"bobcat_v2b_ecoregion","1",30000,3,"year_region[5]",1.01495281600026,1.00267802411819
"bobcat_v2b_ecoregion","1",30000,3,"year_region[6]",1.01650860612697,1.00420195691999
"bobcat_v2b_ecoregion","1",30000,3,"year_region[7]",1.01223376150625,1.00141697022535
"bobcat_v2b_ecoregion","1",30000,3,"year_region[8]",1.0009970479428,1.00050084971981
"bobcat_v2b_ecoregion","1",30000,3,"year_var",1.03761596402083,1.00574031523574
"bobcat_v2b_ecoregion","2",40000,4,"MCMT_tau",1.0542627389031,1.00048081519964
"bobcat_v2b_ecoregion","2",40000,4,"MWMT_tau",1.05582405175794,1.00220814948481
"bobcat_v2b_ecoregion","2",40000,4,"det_intercept",1.25910974613833,1.28480798052049
"bobcat_v2b_ecoregion","2",40000,4,"intercept_tau",1.0541725651467,1.00035810618396
"bobcat_v2b_ecoregion","2",40000,4,"occ_beta[1]",1.5213721758497,1.71108135680888
"bobcat_v2b_ecoregion","2",40000,4,"occ_beta[2]",1.0184617777395,1.02607451503766
"bobcat_v2b_ecoregion","2",40000,4,"occ_beta[3]",1.0647086279063,1.05931729553611
"bobcat_v2b_ecoregion","2",40000,4,"occ_beta[4]",1.02731423521227,1.00919893361063
"bobcat_v2b_ecoregion","2",40000,4,"occ_beta[5]",1.40867371296962,1.44674798118928
"bobcat_v2b_ecoregion","2",40000,4,"occ_beta[6]",1.0222191467931,1.02250145511751
"bobcat_v2b_ecoregion","2",40000,4,"occ_beta[7]",1.37799223029806,1.53595327097987
"bobcat_v2b_ecoregion","2",40000,4,"occ_beta[8]",1.14760160031689,1.16308079170507
"bobcat_v2b_ecoregion","2",40000,4,"occ_beta[9]",2.59842461033161,2.99200101140374
"bobcat_v2b_ecoregion","2",40000,4,"overdisp_inat",3.12595267963665,3.32314743737058
"bobcat_v2b_ecoregion","2",40000,4,"p_beta[1]",1.05201073732336,1.03887255966163
"bobcat_v2b_ecoregion","2",40000,4,"p_beta[2]",1.05876601484551,1.0462258543617
"bobcat_v2b_ecoregion","2",40000,4,"p_beta[3]",1.48575635095092,1.59502874751136
"bobcat_v2b_ecoregion","2",40000,4,"p_beta[4]",1.03533374826131,1.03718993577922
"bobcat_v2b_ecoregion","2",40000,4,"sigma_region",1.84321147016721,1.88561490093625
"bobcat_v2b_ecoregion","2",40000,4,"theta0",8.63609351445698,9.75747735697642
"bobcat_v2b_ecoregion","2",40000,4,"theta1",8.38471829414359,9.37747555524249
"bobcat_v2b_ecoregion","2",40000,4,"total_var_beta",1.79031857647282,1.84216520989215
"bobcat_v2b_ecoregion","2",40000,4,"trend_robust_indicator",1.00833664040497,1.01465426442734
"bobcat_v2b_ecoregion","2",40000,4,"year_beta",1.92351322379083,2.20315518348588
"bobcat_v2b_ecoregion","2",40000,4,"year_region[1]",1.75818971185503,1.79007996346584
"bobcat_v2b_ecoregion","2",40000,4,"year_region[2]",1.82835901653532,1.86739164157677
"bobcat_v2b_ecoregion","2",40000,4,"year_region[3]",1.66499814031633,1.68560059366409
"bobcat_v2b_ecoregion","2",40000,4,"year_region[4]",1.85844377021626,1.90782472771003
"bobcat_v2b_ecoregion","2",40000,4,"year_region[5]",1.95708011429887,2.02282585363094
"bobcat_v2b_ecoregion","2",40000,4,"year_region[6]",1.42975163895632,1.42865808503124
"bobcat_v2b_ecoregion","2",40000,4,"year_region[7]",1.7219626249779,1.74945844269885
"bobcat_v2b_ecoregion","2",40000,4,"year_region[8]",1.66120674940279,1.68173584964945
"bobcat_v2b_ecoregion","2",40000,4,"year_var",1.71599353970802,1.75771326658105
"bobcat_v2b_ecoregion","3",30000,3,"MCMT_tau",1.10991185861473,1.0002884188186
"bobcat_v2b_ecoregion","3",30000,3,"MWMT_tau",1.10995000140473,1.00132490257882
"bobcat_v2b_ecoregion","3",30000,3,"det_intercept",1.04461263384553,1.00220010029207
"bobcat_v2b_ecoregion","3",30000,3,"intercept_tau",1.1098307897387,1.00089722526154
"bobcat_v2b_ecoregion","3",30000,3,"occ_beta[1]",1.00774542127307,1.00379366715013
"bobcat_v2b_ecoregion","3",30000,3,"occ_beta[2]",1.01885318927785,1.01363197346588
"bobcat_v2b_ecoregion","3",30000,3,"occ_beta[3]",1.02681867702546,1.02155418965552
"bobcat_v2b_ecoregion","3",30000,3,"occ_beta[4]",1.05343650991407,1.04286137717336
"bobcat_v2b_ecoregion","3",30000,3,"occ_beta[5]",1.02487171619893,1.00697510971526
"bobcat_v2b_ecoregion","3",30000,3,"occ_beta[6]",1.01974090131072,1.03320954395821
"bobcat_v2b_ecoregion","3",30000,3,"occ_beta[7]",1.00197875207147,1.00185329619639
"bobcat_v2b_ecoregion","3",30000,3,"occ_beta[8]",1.01549656866292,1.00585069640473
"bobcat_v2b_ecoregion","3",30000,3,"occ_beta[9]",1.00119062291613,1.0007536476733
"bobcat_v2b_ecoregion","3",30000,3,"overdisp_inat",1.10968962931567,1.00516266007201
"bobcat_v2b_ecoregion","3",30000,3,"p_beta[1]",1.06754167039374,1.02292201634391
"bobcat_v2b_ecoregion","3",30000,3,"p_beta[2]",1.07002257390251,1.01837067184755
"bobcat_v2b_ecoregion","3",30000,3,"p_beta[3]",1.04831358450685,1.00372411228449
"bobcat_v2b_ecoregion","3",30000,3,"p_beta[4]",1.02596555332358,1.00652897434531
"bobcat_v2b_ecoregion","3",30000,3,"sigma_region",1.12363032003069,1.15181761606029
"bobcat_v2b_ecoregion","3",30000,3,"theta0",1.1734149723436,1.14530963109042
"bobcat_v2b_ecoregion","3",30000,3,"theta1",1.17168379603171,1.13882831198234
"bobcat_v2b_ecoregion","3",30000,3,"total_var_beta",1.05696814409087,1.07659390655255
"bobcat_v2b_ecoregion","3",30000,3,"trend_robust_indicator",1.03430360388534,1.02084906341424
"bobcat_v2b_ecoregion","3",30000,3,"year_beta",1.00598003160564,1.01032816822282
"bobcat_v2b_ecoregion","3",30000,3,"year_region[1]",1.11001736653411,1.14094513529303
"bobcat_v2b_ecoregion","3",30000,3,"year_region[2]",1.01494238241302,1.01660154275356
"bobcat_v2b_ecoregion","3",30000,3,"year_region[3]",1.10416711083445,1.13508525201242
"bobcat_v2b_ecoregion","3",30000,3,"year_region[4]",1.09364274568729,1.09102318370017
"bobcat_v2b_ecoregion","3",30000,3,"year_region[5]",1.05919615041661,1.05981953684458
"bobcat_v2b_ecoregion","3",30000,3,"year_region[6]",1.08034892830557,1.11909767166646
"bobcat_v2b_ecoregion","3",30000,3,"year_region[7]",1.11780293313852,1.13925613212318
"bobcat_v2b_ecoregion","3",30000,3,"year_region[8]",1.06514367048869,1.09142268096158
"bobcat_v2b_ecoregion","3",30000,3,"year_var",1.06004867032957,1.0823094427525
"white-tailed_deer_v2b_national_scalar","1",20000,2,"MCMT_tau",1.3048826201634,NA
"white-tailed_deer_v2b_national_scalar","1",20000,2,"MWMT_tau",1.30137529349711,NA
"white-tailed_deer_v2b_national_scalar","1",20000,2,"det_intercept",1.27003275643562,NA
"white-tailed_deer_v2b_national_scalar","1",20000,2,"intercept_tau",1.29279694511808,NA
"white-tailed_deer_v2b_national_scalar","1",20000,2,"occ_beta[1]",1.07152183699125,NA
"white-tailed_deer_v2b_national_scalar","1",20000,2,"occ_beta[2]",1.12246833953575,NA
"white-tailed_deer_v2b_national_scalar","1",20000,2,"occ_beta[3]",1.14324911055181,NA
"white-tailed_deer_v2b_national_scalar","1",20000,2,"occ_beta[4]",1.07613167837162,NA
"white-tailed_deer_v2b_national_scalar","1",20000,2,"occ_beta[5]",1.14702902215166,NA
"white-tailed_deer_v2b_national_scalar","1",20000,2,"occ_beta[6]",1.16613276487432,NA
"white-tailed_deer_v2b_national_scalar","1",20000,2,"occ_beta[7]",1.00148561191526,NA
"white-tailed_deer_v2b_national_scalar","1",20000,2,"occ_beta[8]",1.0294445812944,NA
"white-tailed_deer_v2b_national_scalar","1",20000,2,"occ_beta[9]",1.02470195596995,NA
"white-tailed_deer_v2b_national_scalar","1",20000,2,"overdisp_inat",1.28594084830955,NA
"white-tailed_deer_v2b_national_scalar","1",20000,2,"p_beta[1]",1.21538349189558,NA
"white-tailed_deer_v2b_national_scalar","1",20000,2,"p_beta[2]",1.22465904846473,NA
"white-tailed_deer_v2b_national_scalar","1",20000,2,"p_beta[3]",1.03009704254245,NA
"white-tailed_deer_v2b_national_scalar","1",20000,2,"p_beta[4]",1.18438764529974,NA
"white-tailed_deer_v2b_national_scalar","1",20000,2,"theta0",1.43156035525732,NA
"white-tailed_deer_v2b_national_scalar","1",20000,2,"theta1",1.42870739924362,NA
"white-tailed_deer_v2b_national_scalar","1",20000,2,"total_var_beta",1.17100349597203,NA
"white-tailed_deer_v2b_national_scalar","1",20000,2,"trend_robust_indicator",1.01412604766428,NA
"white-tailed_deer_v2b_national_scalar","1",20000,2,"year_beta",1.10375838053865,NA
"white-tailed_deer_v2b_national_scalar","1",20000,2,"year_var",1.01332282946229,NA
"white-tailed_deer_v2b_national_scalar","2",20000,2,"MCMT_tau",1.30044347791575,NA
"white-tailed_deer_v2b_national_scalar","2",20000,2,"MWMT_tau",1.30142392786042,NA
"white-tailed_deer_v2b_national_scalar","2",20000,2,"det_intercept",1.25111815857383,NA
"white-tailed_deer_v2b_national_scalar","2",20000,2,"intercept_tau",1.29314368164919,NA
"white-tailed_deer_v2b_national_scalar","2",20000,2,"occ_beta[1]",1.14627526318042,NA
"white-tailed_deer_v2b_national_scalar","2",20000,2,"occ_beta[2]",1.26500652591407,NA
"white-tailed_deer_v2b_national_scalar","2",20000,2,"occ_beta[3]",1.24390887817472,NA
"white-tailed_deer_v2b_national_scalar","2",20000,2,"occ_beta[4]",1.00892238789176,NA
"white-tailed_deer_v2b_national_scalar","2",20000,2,"occ_beta[5]",1.24689322373354,NA
"white-tailed_deer_v2b_national_scalar","2",20000,2,"occ_beta[6]",1.04065340681013,NA
"white-tailed_deer_v2b_national_scalar","2",20000,2,"occ_beta[7]",1.03261919266479,NA
"white-tailed_deer_v2b_national_scalar","2",20000,2,"occ_beta[8]",1.17980657986045,NA
"white-tailed_deer_v2b_national_scalar","2",20000,2,"occ_beta[9]",1.01246831340931,NA
"white-tailed_deer_v2b_national_scalar","2",20000,2,"overdisp_inat",1.29619822654863,NA
"white-tailed_deer_v2b_national_scalar","2",20000,2,"p_beta[1]",1.09149040634379,NA
"white-tailed_deer_v2b_national_scalar","2",20000,2,"p_beta[2]",1.15909626553629,NA
"white-tailed_deer_v2b_national_scalar","2",20000,2,"p_beta[3]",1.21230095212925,NA
"white-tailed_deer_v2b_national_scalar","2",20000,2,"p_beta[4]",1.0199943871856,NA
"white-tailed_deer_v2b_national_scalar","2",20000,2,"theta0",1.64216053396813,NA
"white-tailed_deer_v2b_national_scalar","2",20000,2,"theta1",1.63186714585853,NA
"white-tailed_deer_v2b_national_scalar","2",20000,2,"total_var_beta",1.4457131987707,NA
"white-tailed_deer_v2b_national_scalar","2",20000,2,"trend_robust_indicator",1.10688604546193,NA
"white-tailed_deer_v2b_national_scalar","2",20000,2,"year_beta",1.06223013374485,NA
"white-tailed_deer_v2b_national_scalar","2",20000,2,"year_var",1.20477443685382,NA
"white-tailed_deer_v2b_national_scalar","3",20000,2,"MCMT_tau",1.30274417166818,NA
"white-tailed_deer_v2b_national_scalar","3",20000,2,"MWMT_tau",1.3009114292589,NA
"white-tailed_deer_v2b_national_scalar","3",20000,2,"det_intercept",1.26427735996056,NA
"white-tailed_deer_v2b_national_scalar","3",20000,2,"intercept_tau",1.29324097084929,NA
"white-tailed_deer_v2b_national_scalar","3",20000,2,"occ_beta[1]",1.01115762319616,NA
"white-tailed_deer_v2b_national_scalar","3",20000,2,"occ_beta[2]",1.11308387921864,NA
"white-tailed_deer_v2b_national_scalar","3",20000,2,"occ_beta[3]",1.34422146045114,NA
"white-tailed_deer_v2b_national_scalar","3",20000,2,"occ_beta[4]",1.08815025076304,NA
"white-tailed_deer_v2b_national_scalar","3",20000,2,"occ_beta[5]",1.22926486575418,NA
"white-tailed_deer_v2b_national_scalar","3",20000,2,"occ_beta[6]",1.0977868217194,NA
"white-tailed_deer_v2b_national_scalar","3",20000,2,"occ_beta[7]",1.00894081948714,NA
"white-tailed_deer_v2b_national_scalar","3",20000,2,"occ_beta[8]",1.13160080527975,NA
"white-tailed_deer_v2b_national_scalar","3",20000,2,"occ_beta[9]",1.00880285871648,NA
"white-tailed_deer_v2b_national_scalar","3",20000,2,"overdisp_inat",1.29025214076678,NA
"white-tailed_deer_v2b_national_scalar","3",20000,2,"p_beta[1]",1.08603265243581,NA
"white-tailed_deer_v2b_national_scalar","3",20000,2,"p_beta[2]",1.14850813264573,NA
"white-tailed_deer_v2b_national_scalar","3",20000,2,"p_beta[3]",1.15919728829872,NA
"white-tailed_deer_v2b_national_scalar","3",20000,2,"p_beta[4]",1.05731958829302,NA
"white-tailed_deer_v2b_national_scalar","3",20000,2,"theta0",1.63139126914541,NA
"white-tailed_deer_v2b_national_scalar","3",20000,2,"theta1",1.60483429572864,NA
"white-tailed_deer_v2b_national_scalar","3",20000,2,"total_var_beta",1.26756631371954,NA
"white-tailed_deer_v2b_national_scalar","3",20000,2,"trend_robust_indicator",1.05061669467569,NA
"white-tailed_deer_v2b_national_scalar","3",20000,2,"year_beta",1.05246175549449,NA
"white-tailed_deer_v2b_national_scalar","3",20000,2,"year_var",1.08143210917422,NA
"white-tailed_deer_v2b_ecoregion","1",20000,2,"MCMT_tau",1.30489214955321,NA
"white-tailed_deer_v2b_ecoregion","1",20000,2,"MWMT_tau",1.3020735693685,NA
"white-tailed_deer_v2b_ecoregion","1",20000,2,"det_intercept",1.21483400406954,NA
"white-tailed_deer_v2b_ecoregion","1",20000,2,"intercept_tau",1.29255073933103,NA
"white-tailed_deer_v2b_ecoregion","1",20000,2,"occ_beta[1]",1.09882206853793,NA
"white-tailed_deer_v2b_ecoregion","1",20000,2,"occ_beta[2]",1.15948517795113,NA
"white-tailed_deer_v2b_ecoregion","1",20000,2,"occ_beta[3]",1.26597481724748,NA
"white-tailed_deer_v2b_ecoregion","1",20000,2,"occ_beta[4]",1.03997155859169,NA
"white-tailed_deer_v2b_ecoregion","1",20000,2,"occ_beta[5]",1.17998164137871,NA
"white-tailed_deer_v2b_ecoregion","1",20000,2,"occ_beta[6]",1.10932193485545,NA
"white-tailed_deer_v2b_ecoregion","1",20000,2,"occ_beta[7]",1.00482480325888,NA
"white-tailed_deer_v2b_ecoregion","1",20000,2,"occ_beta[8]",1.16917053663033,NA
"white-tailed_deer_v2b_ecoregion","1",20000,2,"occ_beta[9]",1.02468688411628,NA
"white-tailed_deer_v2b_ecoregion","1",20000,2,"overdisp_inat",1.29072275881399,NA
"white-tailed_deer_v2b_ecoregion","1",20000,2,"p_beta[1]",1.18925193322917,NA
"white-tailed_deer_v2b_ecoregion","1",20000,2,"p_beta[2]",1.2114412096454,NA
"white-tailed_deer_v2b_ecoregion","1",20000,2,"p_beta[3]",1.10743783654387,NA
"white-tailed_deer_v2b_ecoregion","1",20000,2,"p_beta[4]",1.00125725256567,NA
"white-tailed_deer_v2b_ecoregion","1",20000,2,"sigma_region",1.03149542440261,NA
"white-tailed_deer_v2b_ecoregion","1",20000,2,"theta0",1.57168327669658,NA
"white-tailed_deer_v2b_ecoregion","1",20000,2,"theta1",1.56091642623565,NA
"white-tailed_deer_v2b_ecoregion","1",20000,2,"total_var_beta",1.17231530898363,NA
"white-tailed_deer_v2b_ecoregion","1",20000,2,"trend_robust_indicator",1.02181958025897,NA
"white-tailed_deer_v2b_ecoregion","1",20000,2,"year_beta",1.03621816753808,NA
"white-tailed_deer_v2b_ecoregion","1",20000,2,"year_region[1]",1.24015748336371,NA
"white-tailed_deer_v2b_ecoregion","1",20000,2,"year_region[2]",1.20350000912094,NA
"white-tailed_deer_v2b_ecoregion","1",20000,2,"year_region[3]",1.17183243097825,NA
"white-tailed_deer_v2b_ecoregion","1",20000,2,"year_region[4]",1.24595854619942,NA
"white-tailed_deer_v2b_ecoregion","1",20000,2,"year_region[5]",1.05405061079348,NA
"white-tailed_deer_v2b_ecoregion","1",20000,2,"year_region[6]",1.20457409367747,NA
"white-tailed_deer_v2b_ecoregion","1",20000,2,"year_region[7]",1.04589146147246,NA
"white-tailed_deer_v2b_ecoregion","1",20000,2,"year_region[8]",1.07471632525671,NA
"white-tailed_deer_v2b_ecoregion","1",20000,2,"year_var",1.16062363342607,NA
"white-tailed_deer_v2b_ecoregion","2",20000,2,"MCMT_tau",1.30569844836147,NA
"white-tailed_deer_v2b_ecoregion","2",20000,2,"MWMT_tau",1.30207095527696,NA
"white-tailed_deer_v2b_ecoregion","2",20000,2,"det_intercept",1.2432509590648,NA
"white-tailed_deer_v2b_ecoregion","2",20000,2,"intercept_tau",1.29239841626413,NA
"white-tailed_deer_v2b_ecoregion","2",20000,2,"occ_beta[1]",1.09985572897268,NA
"white-tailed_deer_v2b_ecoregion","2",20000,2,"occ_beta[2]",1.18380493350153,NA
"white-tailed_deer_v2b_ecoregion","2",20000,2,"occ_beta[3]",1.35540886809602,NA
"white-tailed_deer_v2b_ecoregion","2",20000,2,"occ_beta[4]",1.01439643056519,NA
"white-tailed_deer_v2b_ecoregion","2",20000,2,"occ_beta[5]",1.21432430478755,NA
"white-tailed_deer_v2b_ecoregion","2",20000,2,"occ_beta[6]",1.06557529580001,NA
"white-tailed_deer_v2b_ecoregion","2",20000,2,"occ_beta[7]",1.00773491402745,NA
"white-tailed_deer_v2b_ecoregion","2",20000,2,"occ_beta[8]",1.24267291828529,NA
"white-tailed_deer_v2b_ecoregion","2",20000,2,"occ_beta[9]",1.06717466400365,NA
"white-tailed_deer_v2b_ecoregion","2",20000,2,"overdisp_inat",1.2859801316409,NA
"white-tailed_deer_v2b_ecoregion","2",20000,2,"p_beta[1]",1.00444071558963,NA
"white-tailed_deer_v2b_ecoregion","2",20000,2,"p_beta[2]",1.03012338654253,NA
"white-tailed_deer_v2b_ecoregion","2",20000,2,"p_beta[3]",1.01202354558257,NA
"white-tailed_deer_v2b_ecoregion","2",20000,2,"p_beta[4]",1.00333868501949,NA
"white-tailed_deer_v2b_ecoregion","2",20000,2,"sigma_region",1.03687815279795,NA
"white-tailed_deer_v2b_ecoregion","2",20000,2,"theta0",1.60307817296931,NA
"white-tailed_deer_v2b_ecoregion","2",20000,2,"theta1",1.59553183964692,NA
"white-tailed_deer_v2b_ecoregion","2",20000,2,"total_var_beta",1.09150721600239,NA
"white-tailed_deer_v2b_ecoregion","2",20000,2,"trend_robust_indicator",1.01769198735447,NA
"white-tailed_deer_v2b_ecoregion","2",20000,2,"year_beta",1.06453376947659,NA
"white-tailed_deer_v2b_ecoregion","2",20000,2,"year_region[1]",1.01808810054205,NA
"white-tailed_deer_v2b_ecoregion","2",20000,2,"year_region[2]",1.01230674106197,NA
"white-tailed_deer_v2b_ecoregion","2",20000,2,"year_region[3]",1.06736773432996,NA
"white-tailed_deer_v2b_ecoregion","2",20000,2,"year_region[4]",1.00637346912772,NA
"white-tailed_deer_v2b_ecoregion","2",20000,2,"year_region[5]",1.0030765413926,NA
"white-tailed_deer_v2b_ecoregion","2",20000,2,"year_region[6]",1.05615992252684,NA
"white-tailed_deer_v2b_ecoregion","2",20000,2,"year_region[7]",1.01446732422867,NA
"white-tailed_deer_v2b_ecoregion","2",20000,2,"year_region[8]",1.00430984028628,NA
"white-tailed_deer_v2b_ecoregion","2",20000,2,"year_var",1.03965056437062,NA
"white-tailed_deer_v2b_ecoregion","3",20000,2,"MCMT_tau",1.30420235758955,NA
"white-tailed_deer_v2b_ecoregion","3",20000,2,"MWMT_tau",1.30176617607721,NA
"white-tailed_deer_v2b_ecoregion","3",20000,2,"det_intercept",1.28630039523872,NA
"white-tailed_deer_v2b_ecoregion","3",20000,2,"intercept_tau",1.29281936892677,NA
"white-tailed_deer_v2b_ecoregion","3",20000,2,"occ_beta[1]",1.08370545656721,NA
"white-tailed_deer_v2b_ecoregion","3",20000,2,"occ_beta[2]",1.18332359160319,NA
"white-tailed_deer_v2b_ecoregion","3",20000,2,"occ_beta[3]",1.25656788400359,NA
"white-tailed_deer_v2b_ecoregion","3",20000,2,"occ_beta[4]",1.09191594571432,NA
"white-tailed_deer_v2b_ecoregion","3",20000,2,"occ_beta[5]",1.22512551541382,NA
"white-tailed_deer_v2b_ecoregion","3",20000,2,"occ_beta[6]",1.12796379685809,NA
"white-tailed_deer_v2b_ecoregion","3",20000,2,"occ_beta[7]",1.00565648245655,NA
"white-tailed_deer_v2b_ecoregion","3",20000,2,"occ_beta[8]",1.15659449141751,NA
"white-tailed_deer_v2b_ecoregion","3",20000,2,"occ_beta[9]",1.0175705323546,NA
"white-tailed_deer_v2b_ecoregion","3",20000,2,"overdisp_inat",1.29058206726423,NA
"white-tailed_deer_v2b_ecoregion","3",20000,2,"p_beta[1]",1.23934716509633,NA
"white-tailed_deer_v2b_ecoregion","3",20000,2,"p_beta[2]",1.25814197899357,NA
"white-tailed_deer_v2b_ecoregion","3",20000,2,"p_beta[3]",1.08325252055805,NA
"white-tailed_deer_v2b_ecoregion","3",20000,2,"p_beta[4]",1.12008854992149,NA
"white-tailed_deer_v2b_ecoregion","3",20000,2,"sigma_region",1.05750681690581,NA
"white-tailed_deer_v2b_ecoregion","3",20000,2,"theta0",1.52885957600556,NA
"white-tailed_deer_v2b_ecoregion","3",20000,2,"theta1",1.52308048825729,NA
"white-tailed_deer_v2b_ecoregion","3",20000,2,"total_var_beta",1.14068152240745,NA
"white-tailed_deer_v2b_ecoregion","3",20000,2,"trend_robust_indicator",1.03651972455175,NA
"white-tailed_deer_v2b_ecoregion","3",20000,2,"year_beta",1.05950504641127,NA
"white-tailed_deer_v2b_ecoregion","3",20000,2,"year_region[1]",0.999985591272233,NA
"white-tailed_deer_v2b_ecoregion","3",20000,2,"year_region[2]",1.00476077269779,NA
"white-tailed_deer_v2b_ecoregion","3",20000,2,"year_region[3]",1.00590851242432,NA
"white-tailed_deer_v2b_ecoregion","3",20000,2,"year_region[4]",1.03183739066251,NA
"white-tailed_deer_v2b_ecoregion","3",20000,2,"year_region[5]",1.00330791960303,NA
"white-tailed_deer_v2b_ecoregion","3",20000,2,"year_region[6]",1.01203063648651,NA
"white-tailed_deer_v2b_ecoregion","3",20000,2,"year_region[7]",1.00740319383704,NA
"white-tailed_deer_v2b_ecoregion","3",20000,2,"year_region[8]",1.00691575786986,NA
"white-tailed_deer_v2b_ecoregion","3",20000,2,"year_var",1.06902065041852,NA
