cell50,x50,y50,total_count,in_range
1,-1950000,3185000,0,FALSE
2,-2100000,3135000,0,FALSE
3,-2000000,3135000,0,FALSE
4,-1950000,3135000,0,FALSE
5,-1900000,3135000,0,FALSE
7,-1800000,3135000,11,TRUE
8,-1750000,3135000,5,TRUE
9,-2100000,3085000,0,FALSE
10,-2050000,3085000,0,FALSE
11,-2000000,3085000,0,FALSE
14,-1850000,3085000,2,TRUE
15,-1800000,3085000,4,TRUE
17,-1700000,3085000,9,TRUE
19,-1600000,3085000,7,TRUE
20,-1550000,3085000,6,TRUE
22,-2050000,3035000,0,FALSE
24,-1950000,3035000,0,FALSE
34,-1450000,3035000,4,TRUE
36,-1350000,3035000,15,TRUE
37,-1300000,3035000,47,TRUE
41,-2000000,2985000,0,FALSE
42,-1950000,2985000,0,FALSE
43,-1900000,2985000,0,FALSE
44,-1850000,2985000,0,TRUE
54,-1350000,2985000,10,TRUE
55,-1300000,2985000,281,TRUE
58,-1150000,2985000,0,FALSE
69,-2000000,2935000,0,FALSE
70,-1950000,2935000,0,FALSE
71,-1900000,2935000,0,FALSE
77,-1600000,2935000,85,TRUE
83,-1300000,2935000,71,TRUE
92,-850000,2935000,0,FALSE
95,-700000,2935000,0,FALSE
99,100000,2935000,0,TRUE
104,-2150000,2885000,0,FALSE
106,-2050000,2885000,0,FALSE
111,-1800000,2885000,0,FALSE
112,-1750000,2885000,0,FALSE
121,-1300000,2885000,0,TRUE
122,-1250000,2885000,2,TRUE
129,-900000,2885000,0,FALSE
130,-850000,2885000,0,FALSE
147,0,2885000,1,TRUE
150,1950000,2885000,10,TRUE
155,-2150000,2835000,0,FALSE
157,-2050000,2835000,0,FALSE
166,-1600000,2835000,124,TRUE
168,-1500000,2835000,3,TRUE
170,-1400000,2835000,1,TRUE
184,-700000,2835000,0,FALSE
214,-2150000,2785000,0,FALSE
216,-2050000,2785000,0,FALSE
217,-2000000,2785000,0,FALSE
222,-1750000,2785000,0,FALSE
230,-1350000,2785000,13,TRUE
263,300000,2785000,21,TRUE
264,350000,2785000,16,TRUE
265,400000,2785000,78,TRUE
266,450000,2785000,34,TRUE
275,2250000,2785000,9,TRUE
276,-2200000,2735000,0,FALSE
311,-450000,2735000,0,FALSE
328,400000,2735000,27,TRUE
333,1950000,2735000,25,TRUE
338,2200000,2735000,4,TRUE
339,2250000,2735000,3,TRUE
340,-2200000,2685000,0,FALSE
341,-2150000,2685000,0,FALSE
351,-1650000,2685000,0,TRUE
372,-600000,2685000,0,FALSE
400,850000,2685000,5,TRUE
401,900000,2685000,157,TRUE
402,1800000,2685000,5,TRUE
404,1900000,2685000,89,TRUE
409,2150000,2685000,7,TRUE
410,2200000,2685000,8,TRUE
411,-2250000,2635000,0,FALSE
412,-2200000,2635000,0,FALSE
413,-2150000,2635000,0,FALSE
418,-1900000,2635000,0,FALSE
423,-1650000,2635000,0,TRUE
437,-950000,2635000,0,FALSE
467,550000,2635000,5,TRUE
472,800000,2635000,0,TRUE
474,900000,2635000,5,TRUE
475,950000,2635000,33,TRUE
476,1650000,2635000,11,TRUE
480,1850000,2635000,72,TRUE
482,1950000,2635000,147,TRUE
483,2000000,2635000,11,TRUE
485,2100000,2635000,6,TRUE
487,-2250000,2585000,0,FALSE
492,-2000000,2585000,0,FALSE
501,-1550000,2585000,5,TRUE
504,-1400000,2585000,0,TRUE
508,-1200000,2585000,60,TRUE
511,-1050000,2585000,0,FALSE
513,-950000,2585000,0,FALSE
535,150000,2585000,0,FALSE
540,400000,2585000,0,TRUE
552,1600000,2585000,3,TRUE
556,1800000,2585000,50,TRUE
557,1850000,2585000,101,TRUE
559,1950000,2585000,71,TRUE
561,2050000,2585000,2,TRUE
577,-1600000,2535000,0,TRUE
586,-1150000,2535000,78,TRUE
587,-1100000,2535000,0,FALSE
588,-1050000,2535000,0,FALSE
590,-950000,2535000,0,FALSE
614,250000,2535000,0,FALSE
619,500000,2535000,0,TRUE
621,600000,2535000,0,TRUE
623,700000,2535000,0,TRUE
626,850000,2535000,0,FALSE
630,1550000,2535000,1,TRUE
631,1600000,2535000,1,TRUE
636,1850000,2535000,138,TRUE
640,2050000,2535000,0,TRUE
641,-2300000,2485000,0,FALSE
644,-2150000,2485000,0,FALSE
647,-2000000,2485000,0,FALSE
648,-1950000,2485000,0,FALSE
662,-1250000,2485000,31,TRUE
663,-1200000,2485000,116,TRUE
664,-1150000,2485000,39,TRUE
665,-1100000,2485000,0,FALSE
691,200000,2485000,0,FALSE
692,250000,2485000,0,FALSE
696,450000,2485000,0,FALSE
701,700000,2485000,0,FALSE
709,1600000,2485000,0,TRUE
713,1800000,2485000,4,TRUE
715,1900000,2485000,42,TRUE
716,1950000,2485000,19,TRUE
717,2000000,2485000,15,TRUE
719,-2300000,2435000,0,FALSE
721,-2200000,2435000,0,FALSE
722,-2150000,2435000,0,FALSE
728,-1850000,2435000,0,FALSE
732,-1650000,2435000,0,FALSE
733,-1600000,2435000,0,FALSE
740,-1250000,2435000,26,TRUE
741,-1200000,2435000,13,TRUE
742,-1150000,2435000,53,TRUE
751,-700000,2435000,0,FALSE
770,250000,2435000,0,FALSE
772,350000,2435000,0,FALSE
775,500000,2435000,0,FALSE
776,550000,2435000,0,FALSE
787,1550000,2435000,0,FALSE
792,1800000,2435000,2,TRUE
793,1850000,2435000,59,TRUE
795,1950000,2435000,17,TRUE
796,2000000,2435000,4,TRUE
797,2050000,2435000,0,TRUE
798,-2300000,2385000,0,FALSE
801,-2150000,2385000,0,FALSE
820,-1200000,2385000,1290,TRUE
821,-1150000,2385000,215,TRUE
831,-650000,2385000,0,FALSE
832,-600000,2385000,0,FALSE
850,300000,2385000,0,FALSE
853,450000,2385000,0,FALSE
869,1450000,2385000,0,FALSE
870,1500000,2385000,0,FALSE
872,1600000,2385000,0,FALSE
878,1900000,2385000,0,FALSE
879,1950000,2385000,0,FALSE
880,2000000,2385000,0,FALSE
881,2050000,2385000,0,FALSE
882,2100000,2385000,0,FALSE
884,-2350000,2335000,0,FALSE
885,-2300000,2335000,0,FALSE
893,-1900000,2335000,0,FALSE
894,-1850000,2335000,0,FALSE
909,-1100000,2335000,0,FALSE
919,-600000,2335000,0,FALSE
921,-500000,2335000,0,FALSE
936,250000,2335000,0,FALSE
943,600000,2335000,0,FALSE
949,950000,2335000,0,FALSE
953,1350000,2335000,0,FALSE
957,1550000,2335000,0,FALSE
958,1600000,2335000,0,FALSE
961,1750000,2335000,0,FALSE
964,1900000,2335000,0,FALSE
966,2000000,2335000,0,FALSE
967,2050000,2335000,0,FALSE
991,-1300000,2285000,5,TRUE
1005,-600000,2285000,0,FALSE
1025,400000,2285000,0,FALSE
1026,450000,2285000,0,FALSE
1027,500000,2285000,0,FALSE
1028,550000,2285000,0,FALSE
1029,600000,2285000,0,FALSE
1030,650000,2285000,0,FALSE
1033,850000,2285000,0,FALSE
1039,1350000,2285000,0,FALSE
1042,1500000,2285000,0,FALSE
1053,-2350000,2235000,0,FALSE
1054,-2300000,2235000,0,FALSE
1058,-2100000,2235000,0,FALSE
1072,-1400000,2235000,0,FALSE
1082,-900000,2235000,0,FALSE
1110,500000,2235000,0,FALSE
1111,550000,2235000,0,FALSE
1112,600000,2235000,0,FALSE
1113,650000,2235000,0,FALSE
1115,850000,2235000,0,FALSE
1116,900000,2235000,0,FALSE
1117,950000,2235000,0,FALSE
1118,1000000,2235000,0,FALSE
1119,1050000,2235000,0,FALSE
1124,1400000,2235000,0,FALSE
1125,1450000,2235000,0,FALSE
1130,1700000,2235000,0,FALSE
1131,1750000,2235000,0,FALSE
1132,1800000,2235000,0,FALSE
1133,1850000,2235000,0,FALSE
1134,1900000,2235000,0,FALSE
1135,1950000,2235000,0,FALSE
1137,-2350000,2185000,0,FALSE
1139,-2250000,2185000,0,FALSE
1141,-2150000,2185000,0,FALSE
1142,-2100000,2185000,0,FALSE
1143,-2050000,2185000,0,FALSE
1181,-150000,2185000,0,FALSE
1195,550000,2185000,0,FALSE
1197,650000,2185000,0,FALSE
1198,800000,2185000,0,FALSE
1199,850000,2185000,0,FALSE
1200,900000,2185000,0,FALSE
1202,1000000,2185000,0,FALSE
1203,1050000,2185000,0,FALSE
1204,1200000,2185000,0,FALSE
1206,1300000,2185000,0,FALSE
1214,1700000,2185000,0,FALSE
1216,1800000,2185000,0,FALSE
1217,1850000,2185000,0,FALSE
1218,1900000,2185000,0,FALSE
1219,-2350000,2135000,0,FALSE
1222,-2200000,2135000,0,FALSE
1223,-2150000,2135000,0,FALSE
1226,-2000000,2135000,0,FALSE
1239,-1350000,2135000,0,FALSE
1241,-1250000,2135000,6,TRUE
1245,-1050000,2135000,0,FALSE
1270,200000,2135000,0,FALSE
1279,650000,2135000,0,FALSE
1280,700000,2135000,0,FALSE
1285,950000,2135000,0,FALSE
1287,1050000,2135000,0,FALSE
1289,1150000,2135000,0,FALSE
1290,1200000,2135000,0,FALSE
1292,1300000,2135000,0,FALSE
1296,1500000,2135000,0,FALSE
1300,1700000,2135000,0,FALSE
1302,1800000,2135000,0,FALSE
1304,-2350000,2085000,0,FALSE
1306,-2250000,2085000,0,FALSE
1310,-2050000,2085000,0,FALSE
1311,-2000000,2085000,0,FALSE
1318,-1650000,2085000,0,FALSE
1324,-1350000,2085000,0,FALSE
1325,-1300000,2085000,540,TRUE
1326,-1250000,2085000,70,TRUE
1334,-850000,2085000,0,FALSE
1355,200000,2085000,0,FALSE
1356,250000,2085000,0,FALSE
1359,400000,2085000,0,FALSE
1360,450000,2085000,0,FALSE
1364,650000,2085000,0,FALSE
1366,750000,2085000,0,FALSE
1368,850000,2085000,0,FALSE
1375,1200000,2085000,0,FALSE
1383,1600000,2085000,0,FALSE
1385,1700000,2085000,0,FALSE
1386,1750000,2085000,0,FALSE
1389,-2300000,2035000,0,FALSE
1390,-2250000,2035000,0,FALSE
1391,-2200000,2035000,0,FALSE
1392,-2150000,2035000,0,FALSE
1393,-2100000,2035000,0,FALSE
1394,-2050000,2035000,0,FALSE
1409,-1300000,2035000,183,TRUE
1413,-1100000,2035000,0,FALSE
1417,-900000,2035000,0,FALSE
1419,-800000,2035000,0,FALSE
1435,0,2035000,0,FALSE
1458,1150000,2035000,0,FALSE
1462,1350000,2035000,0,FALSE
1463,1400000,2035000,0,FALSE
1468,1650000,2035000,0,FALSE
1469,1700000,2035000,0,FALSE
1471,1800000,2035000,0,FALSE
1473,-2300000,1985000,0,FALSE
1474,-2250000,1985000,0,FALSE
1475,-2200000,1985000,0,FALSE
1478,-2050000,1985000,0,FALSE
1490,-1450000,1985000,0,FALSE
1498,-1050000,1985000,0,FALSE
1501,-900000,1985000,0,FALSE
1502,-850000,1985000,0,FALSE
1503,-800000,1985000,0,FALSE
1530,550000,1985000,0,FALSE
1537,900000,1985000,0,FALSE
1541,1100000,1985000,0,FALSE
1546,1350000,1985000,0,FALSE
1548,1450000,1985000,0,FALSE
1550,1550000,1985000,0,FALSE
1551,1600000,1985000,0,FALSE
1552,1650000,1985000,0,FALSE
1554,1750000,1985000,0,FALSE
1555,1800000,1985000,0,FALSE
1556,-2300000,1935000,0,FALSE
1557,-2250000,1935000,0,FALSE
1562,-2000000,1935000,0,FALSE
1571,-1550000,1935000,0,FALSE
1582,-1000000,1935000,0,FALSE
1583,-950000,1935000,0,FALSE
1585,-850000,1935000,0,FALSE
1586,-800000,1935000,0,FALSE
1587,-750000,1935000,0,FALSE
1596,-300000,1935000,0,FALSE
1604,100000,1935000,0,FALSE
1615,650000,1935000,0,FALSE
1618,800000,1935000,0,FALSE
1623,1050000,1935000,0,FALSE
1624,1100000,1935000,0,FALSE
1630,1400000,1935000,0,FALSE
1633,1550000,1935000,0,FALSE
1634,1600000,1935000,0,FALSE
1635,1650000,1935000,0,FALSE
1636,1700000,1935000,0,FALSE
1637,1750000,1935000,0,FALSE
1639,-2300000,1885000,0,FALSE
1640,-2250000,1885000,0,FALSE
1641,-2200000,1885000,0,FALSE
1644,-2050000,1885000,0,FALSE
1645,-2000000,1885000,0,FALSE
1660,-1250000,1885000,0,FALSE
1666,-950000,1885000,0,FALSE
1668,-850000,1885000,0,FALSE
1669,-800000,1885000,0,FALSE
1670,-750000,1885000,0,FALSE
1700,750000,1885000,0,FALSE
1704,950000,1885000,0,FALSE
1709,1200000,1885000,0,FALSE
1713,1400000,1885000,0,FALSE
1715,1500000,1885000,0,FALSE
1717,1600000,1885000,0,FALSE
1721,1800000,1885000,0,FALSE
1722,-2250000,1835000,0,FALSE
1723,-2200000,1835000,0,FALSE
1724,-2150000,1835000,0,FALSE
1726,-2050000,1835000,0,FALSE
1728,-1950000,1835000,0,FALSE
1739,-1400000,1835000,0,FALSE
1748,-950000,1835000,0,FALSE
1782,750000,1835000,0,FALSE
1787,1000000,1835000,0,FALSE
1801,1700000,1835000,0,FALSE
1803,1800000,1835000,0,FALSE
1804,-2250000,1785000,0,FALSE
1805,-2200000,1785000,0,FALSE
1807,-2100000,1785000,0,FALSE
1809,-2000000,1785000,0,FALSE
1812,-1850000,1785000,0,FALSE
1823,-1300000,1785000,0,FALSE
1825,-1200000,1785000,0,FALSE
1831,-900000,1785000,0,FALSE
1834,-750000,1785000,0,FALSE
1841,-400000,1785000,0,FALSE
1850,50000,1785000,0,FALSE
1853,200000,1785000,0,FALSE
1856,350000,1785000,0,FALSE
1880,1550000,1785000,0,FALSE
1881,1600000,1785000,0,FALSE
1885,-2250000,1735000,0,FALSE
1890,-2000000,1735000,0,FALSE
1891,-1950000,1735000,0,FALSE
1900,-1500000,1735000,0,FALSE
1902,-1400000,1735000,0,FALSE
1903,-1350000,1735000,0,FALSE
1909,-1050000,1735000,0,FALSE
1910,-1000000,1735000,0,FALSE
1913,-850000,1735000,0,FALSE
1917,-650000,1735000,0,FALSE
1934,200000,1735000,0,FALSE
1940,500000,1735000,0,FALSE
1945,750000,1735000,0,FALSE
1959,1450000,1735000,0,FALSE
1962,1600000,1735000,0,FALSE
1964,1700000,1735000,0,FALSE
1966,-2250000,1685000,0,FALSE
1967,-2200000,1685000,0,FALSE
1971,-2000000,1685000,0,FALSE
1974,-1850000,1685000,0,FALSE
1981,-1500000,1685000,0,FALSE
1987,-1200000,1685000,0,FALSE
1995,-800000,1685000,0,FALSE
2034,1150000,1685000,0,FALSE
2040,1450000,1685000,0,FALSE
2046,1750000,1685000,0,FALSE
2047,-2200000,1635000,0,FALSE
2048,-2150000,1635000,0,FALSE
2051,-2000000,1635000,0,FALSE
2052,-1950000,1635000,0,FALSE
2057,-1700000,1635000,0,FALSE
2063,-1400000,1635000,0,FALSE
2072,-950000,1635000,0,FALSE
2101,500000,1635000,0,FALSE
2108,850000,1635000,0,FALSE
2117,1300000,1635000,0,FALSE
2127,1800000,1635000,0,FALSE
2130,-2100000,1585000,0,FALSE
2139,-1650000,1585000,0,FALSE
2143,-1450000,1585000,0,FALSE
2144,-1400000,1585000,0,FALSE
2158,-700000,1585000,0,FALSE
2177,250000,1585000,0,FALSE
2196,1200000,1585000,0,FALSE
2201,1450000,1585000,0,FALSE
2202,1500000,1585000,0,FALSE
2206,1700000,1585000,0,FALSE
2207,1750000,1585000,0,FALSE
2211,-2150000,1535000,0,FALSE
2212,-2100000,1535000,0,FALSE
2213,-2050000,1535000,0,FALSE
2233,-1050000,1535000,0,FALSE
2237,-850000,1535000,0,FALSE
2238,-800000,1535000,0,FALSE
2272,900000,1535000,0,FALSE
2275,1050000,1535000,0,FALSE
2279,1250000,1535000,0,FALSE
2284,1500000,1535000,0,FALSE
2285,1550000,1535000,0,FALSE
2291,1850000,1535000,0,FALSE
2293,-2150000,1485000,0,FALSE
2295,-2050000,1485000,0,FALSE
2296,-2000000,1485000,0,FALSE
2297,-1950000,1485000,0,FALSE
2317,-950000,1485000,0,FALSE
2318,-900000,1485000,0,FALSE
2319,-850000,1485000,0,FALSE
2354,900000,1485000,0,FALSE
2358,1100000,1485000,0,FALSE
2360,1200000,1485000,0,FALSE
2363,1350000,1485000,0,FALSE
2373,-2050000,1435000,0,FALSE
2374,-2000000,1435000,0,FALSE
2375,-1950000,1435000,0,FALSE
2376,-1900000,1435000,0,FALSE
2377,-1850000,1435000,0,FALSE
2378,-1800000,1435000,0,FALSE
2381,-1650000,1435000,0,FALSE
2385,-1450000,1435000,0,FALSE
2386,-1400000,1435000,0,FALSE
2389,-1250000,1435000,0,FALSE
2392,-1100000,1435000,0,FALSE
2396,-900000,1435000,0,FALSE
2397,-850000,1435000,0,FALSE
2412,-100000,1435000,0,FALSE
2419,250000,1435000,0,FALSE
2422,400000,1435000,0,FALSE
2433,950000,1435000,0,FALSE
2436,1100000,1435000,0,FALSE
2437,1150000,1435000,0,FALSE
2438,1200000,1435000,0,FALSE
2441,1350000,1435000,0,FALSE
2450,-2050000,1385000,0,FALSE
2451,-2000000,1385000,0,FALSE
2452,-1950000,1385000,0,FALSE
2453,-1900000,1385000,0,FALSE
2454,-1850000,1385000,0,FALSE
2463,-1400000,1385000,0,FALSE
2472,-950000,1385000,0,FALSE
2509,900000,1385000,0,FALSE
2524,1650000,1385000,0,FALSE
2527,-1950000,1335000,0,FALSE
2528,-1900000,1335000,0,FALSE
2529,-1850000,1335000,0,FALSE
2530,-1800000,1335000,0,FALSE
2537,-1450000,1335000,0,FALSE
2555,-550000,1335000,0,FALSE
2577,550000,1335000,0,FALSE
2591,1250000,1335000,0,FALSE
2597,1550000,1335000,0,FALSE
2599,-1950000,1285000,0,FALSE
2600,-1900000,1285000,0,FALSE
2602,-1800000,1285000,0,FALSE
2604,-1700000,1285000,0,FALSE
2605,-1650000,1285000,0,FALSE
2609,-1450000,1285000,0,FALSE
2614,-1200000,1285000,0,FALSE
2616,-1100000,1285000,0,FALSE
2643,250000,1285000,0,FALSE
2659,1050000,1285000,0,FALSE
2661,1150000,1285000,0,FALSE
2672,-1750000,1235000,0,FALSE
2679,-1400000,1235000,0,FALSE
2687,-1000000,1235000,0,FALSE
2696,-550000,1235000,0,FALSE
2697,-500000,1235000,0,FALSE
2700,-350000,1235000,0,FALSE
2709,100000,1235000,0,FALSE
2724,850000,1235000,0,FALSE
2729,1100000,1235000,0,FALSE
2736,1450000,1235000,0,FALSE
2746,-1350000,1185000,0,FALSE
2751,-1100000,1185000,0,FALSE
2755,-900000,1185000,0,FALSE
2763,-500000,1185000,0,FALSE
2772,-50000,1185000,0,FALSE
2790,850000,1185000,0,FALSE
2809,-1400000,1135000,0,FALSE
2810,-1350000,1135000,0,FALSE
2815,-1100000,1135000,0,FALSE
2859,1100000,1135000,0,FALSE
2862,1250000,1135000,0,FALSE
2869,-1450000,1085000,0,FALSE
2870,-1400000,1085000,0,FALSE
2871,-1350000,1085000,0,FALSE
2872,-1300000,1085000,0,FALSE
2873,-1250000,1085000,0,FALSE
2895,-150000,1085000,0,FALSE
2896,-100000,1085000,0,FALSE
2897,-50000,1085000,0,FALSE
2927,-1450000,1035000,0,FALSE
2928,-1400000,1035000,0,FALSE
2929,-1350000,1035000,0,FALSE
2937,-950000,1035000,0,FALSE
2967,550000,1035000,0,FALSE
2975,950000,1035000,0,FALSE
2976,1000000,1035000,0,FALSE
2983,1350000,1035000,0,FALSE
2994,-650000,985000,0,FALSE
2996,-550000,985000,0,FALSE
3046,-450000,935000,0,FALSE
3047,-400000,935000,0,FALSE
3055,0,935000,0,FALSE
3061,300000,935000,0,FALSE
3064,450000,935000,0,FALSE
3079,1200000,935000,0,FALSE
3083,1400000,935000,0,FALSE
3085,-850000,885000,0,FALSE
3087,-750000,885000,0,FALSE
3099,-150000,885000,0,FALSE
3105,150000,885000,0,FALSE
3109,350000,885000,0,FALSE
3123,1050000,885000,0,FALSE
3133,-750000,835000,0,FALSE
3137,-550000,835000,0,FALSE
3139,-450000,835000,0,FALSE
3144,-200000,835000,0,FALSE
3145,-150000,835000,0,FALSE
3147,-50000,835000,0,FALSE
3148,0,835000,0,FALSE
3151,150000,835000,0,FALSE
3156,400000,835000,0,FALSE
3157,450000,835000,0,FALSE
3162,700000,835000,0,FALSE
3174,1300000,835000,0,FALSE
3176,1400000,835000,0,FALSE
3185,-500000,785000,0,FALSE
3189,-300000,785000,0,FALSE
3190,-250000,785000,0,FALSE
3191,-200000,785000,0,FALSE
3192,-150000,785000,0,FALSE
3203,400000,785000,0,FALSE
3209,1000000,785000,0,FALSE
3216,1400000,785000,0,FALSE
3220,-750000,735000,0,FALSE
3221,-700000,735000,0,FALSE
3226,-350000,735000,0,FALSE
3228,-250000,735000,0,FALSE
3229,-200000,735000,0,FALSE
3232,-50000,735000,0,FALSE
3233,0,735000,0,FALSE
3234,50000,735000,0,FALSE
3235,100000,735000,0,FALSE
3236,150000,735000,0,FALSE
3248,1350000,735000,0,FALSE
3249,1400000,735000,0,FALSE
3266,50000,685000,0,FALSE
3275,1300000,685000,0,FALSE
3276,1350000,685000,0,FALSE
3277,1400000,685000,0,FALSE
3279,1500000,685000,0,FALSE
3289,-50000,635000,0,FALSE
3292,1300000,635000,0,FALSE
3294,1400000,635000,0,FALSE
3295,1450000,635000,0,FALSE
3296,1500000,635000,0,FALSE
3297,1550000,635000,0,FALSE
3305,-100000,585000,0,FALSE
3308,1300000,585000,0,FALSE
3309,1350000,585000,0,FALSE
3320,-150000,535000,0,FALSE
3322,1350000,535000,0,FALSE
3324,1450000,535000,0,FALSE
3325,1500000,535000,0,FALSE
3334,1400000,485000,0,FALSE
3335,1450000,485000,0,FALSE
3344,1450000,435000,0,FALSE
3345,1500000,435000,0,FALSE
3347,1600000,435000,0,FALSE
3349,-250000,385000,0,FALSE
3355,1600000,385000,0,FALSE
3356,-250000,335000,0,FALSE
3357,-200000,335000,0,FALSE
3358,-150000,335000,0,FALSE
3362,1600000,335000,0,FALSE
3364,1500000,285000,0,FALSE
6,-1850000,3135000,1,TRUE
21,-2100000,3035000,0,FALSE
23,-2000000,3035000,0,FALSE
26,-1850000,3035000,0,TRUE
28,-1750000,3035000,8,TRUE
39,-2100000,2985000,0,FALSE
45,-1800000,2985000,0,TRUE
47,-1700000,2985000,0,FALSE
51,-1500000,2985000,10,TRUE
59,-1100000,2985000,0,FALSE
61,-1000000,2985000,0,FALSE
72,-1850000,2935000,0,FALSE
81,-1400000,2935000,3,TRUE
86,-1150000,2935000,0,FALSE
87,-1100000,2935000,0,FALSE
100,2000000,2935000,14,TRUE
108,-1950000,2885000,0,FALSE
109,-1900000,2885000,0,FALSE
116,-1550000,2885000,46,TRUE
117,-1500000,2885000,10,TRUE
120,-1350000,2885000,0,TRUE
141,-300000,2885000,1,TRUE
144,-150000,2885000,0,TRUE
151,2000000,2885000,11,TRUE
156,-2100000,2835000,0,FALSE
158,-2000000,2835000,0,FALSE
164,-1700000,2835000,0,FALSE
167,-1550000,2835000,4,TRUE
173,-1250000,2835000,5,TRUE
206,550000,2835000,96,TRUE
207,1950000,2835000,1,TRUE
225,-1600000,2785000,7,TRUE
226,-1550000,2785000,2,TRUE
233,-1200000,2785000,0,FALSE
255,-100000,2785000,0,TRUE
257,0,2785000,0,TRUE
268,550000,2785000,0,FALSE
278,-2100000,2735000,0,FALSE
281,-1950000,2735000,0,FALSE
293,-1350000,2735000,10,TRUE
306,-700000,2735000,0,FALSE
309,-550000,2735000,0,FALSE
331,650000,2735000,0,FALSE
343,-2050000,2685000,0,FALSE
344,-2000000,2685000,0,FALSE
356,-1400000,2685000,3,TRUE
373,-550000,2685000,0,FALSE
383,-50000,2685000,0,FALSE
385,50000,2685000,1,TRUE
389,250000,2685000,8,TRUE
396,600000,2685000,6,TRUE
403,1850000,2685000,25,TRUE
407,2050000,2685000,0,TRUE
408,2100000,2685000,8,TRUE
415,-2050000,2635000,0,FALSE
416,-2000000,2635000,0,FALSE
441,-750000,2635000,0,FALSE
449,-350000,2635000,0,FALSE
455,-50000,2635000,0,FALSE
462,300000,2635000,0,TRUE
469,650000,2635000,9,TRUE
471,750000,2635000,0,TRUE
473,850000,2635000,2,TRUE
479,1800000,2635000,22,TRUE
536,200000,2585000,0,FALSE
547,750000,2585000,0,TRUE
550,900000,2585000,0,TRUE
553,1650000,2585000,0,TRUE
554,1700000,2585000,9,TRUE
555,1750000,2585000,8,TRUE
563,-2300000,2535000,0,FALSE
565,-2200000,2535000,0,FALSE
585,-1200000,2535000,18,TRUE
597,-600000,2535000,0,FALSE
615,300000,2535000,0,FALSE
620,550000,2535000,1,TRUE
632,1650000,2535000,2,TRUE
633,1700000,2535000,13,TRUE
637,1900000,2535000,82,TRUE
638,1950000,2535000,12,TRUE
645,-2100000,2485000,0,FALSE
650,-1850000,2485000,0,FALSE
655,-1600000,2485000,3,TRUE
660,-1350000,2485000,6,TRUE
661,-1300000,2485000,1,TRUE
697,500000,2485000,0,FALSE
704,850000,2485000,0,FALSE
708,1550000,2485000,0,TRUE
710,1650000,2485000,1,TRUE
711,1700000,2485000,6,TRUE
718,2050000,2485000,0,TRUE
725,-2000000,2435000,0,FALSE
729,-1800000,2435000,0,FALSE
769,200000,2435000,0,FALSE
791,1750000,2435000,2,TRUE
794,1900000,2435000,40,TRUE
802,-2100000,2385000,0,FALSE
804,-2000000,2385000,0,FALSE
805,-1950000,2385000,0,FALSE
810,-1700000,2385000,0,FALSE
812,-1600000,2385000,0,FALSE
848,200000,2385000,0,FALSE
849,250000,2385000,0,FALSE
852,400000,2385000,0,FALSE
857,650000,2385000,0,FALSE
868,1400000,2385000,0,FALSE
871,1550000,2385000,0,FALSE
876,1800000,2385000,0,FALSE
877,1850000,2385000,0,FALSE
888,-2150000,2335000,0,FALSE
889,-2100000,2335000,0,FALSE
891,-2000000,2335000,0,FALSE
896,-1750000,2335000,0,FALSE
901,-1500000,2335000,0,FALSE
922,-450000,2335000,0,FALSE
944,650000,2335000,0,FALSE
954,1400000,2335000,0,FALSE
955,1450000,2335000,0,FALSE
959,1650000,2335000,0,FALSE
963,1850000,2335000,0,FALSE
968,2100000,2335000,0,FALSE
971,-2300000,2285000,0,FALSE
977,-2000000,2285000,0,FALSE
1037,1050000,2285000,0,FALSE
1040,1400000,2285000,0,FALSE
1048,1800000,2285000,0,FALSE
1051,1950000,2285000,0,FALSE
1052,2000000,2285000,0,FALSE
1075,-1250000,2235000,7,TRUE
1083,-850000,2235000,0,FALSE
1093,-350000,2235000,0,FALSE
1096,-200000,2235000,0,FALSE
1114,800000,2235000,0,FALSE
1120,1100000,2235000,0,FALSE
1122,1300000,2235000,0,FALSE
1153,-1550000,2185000,0,FALSE
1158,-1300000,2185000,34,TRUE
1160,-1200000,2185000,12,TRUE
1170,-700000,2185000,0,FALSE
1190,300000,2185000,0,FALSE
1213,1650000,2185000,0,FALSE
1220,-2300000,2135000,0,FALSE
1225,-2050000,2135000,0,FALSE
1234,-1600000,2135000,0,FALSE
1240,-1300000,2135000,43,TRUE
1246,-1000000,2135000,0,FALSE
1266,0,2135000,0,FALSE
1273,350000,2135000,0,FALSE
1276,500000,2135000,0,FALSE
1286,1000000,2135000,0,FALSE
1294,1400000,2135000,0,FALSE
1301,1750000,2135000,0,FALSE
1303,1850000,2135000,0,FALSE
1307,-2200000,2085000,0,FALSE
1327,-1200000,2085000,24,TRUE
1328,-1150000,2085000,0,FALSE
1335,-800000,2085000,0,FALSE
1365,700000,2085000,0,FALSE
1373,1100000,2085000,0,FALSE
1380,1450000,2085000,0,FALSE
1395,-2000000,2035000,0,FALSE
1410,-1250000,2035000,20,TRUE
1411,-1200000,2035000,4,TRUE
1415,-1000000,2035000,0,FALSE
1449,700000,2035000,0,FALSE
1453,900000,2035000,0,FALSE
1461,1300000,2035000,0,FALSE
1476,-2150000,1985000,0,FALSE
1477,-2100000,1985000,0,FALSE
1482,-1850000,1985000,0,FALSE
1496,-1150000,1985000,0,FALSE
1505,-700000,1985000,0,FALSE
1514,-250000,1985000,0,FALSE
1515,-200000,1985000,0,FALSE
1534,750000,1985000,0,FALSE
1540,1050000,1985000,0,FALSE
1558,-2200000,1935000,0,FALSE
1560,-2100000,1935000,0,FALSE
1577,-1250000,1935000,0,FALSE
1581,-1050000,1935000,0,FALSE
1608,300000,1935000,0,FALSE
1619,850000,1935000,0,FALSE
1620,900000,1935000,0,FALSE
1646,-1950000,1885000,0,FALSE
1696,550000,1885000,0,FALSE
1699,700000,1885000,0,FALSE
1702,850000,1885000,0,FALSE
1712,1350000,1885000,0,FALSE
1716,1550000,1885000,0,FALSE
1719,1700000,1885000,0,FALSE
1727,-2000000,1835000,0,FALSE
1742,-1250000,1835000,0,FALSE
1744,-1150000,1835000,0,FALSE
1745,-1100000,1835000,0,FALSE
1749,-900000,1835000,0,FALSE
1750,-850000,1835000,0,FALSE
1784,850000,1835000,0,FALSE
1786,950000,1835000,0,FALSE
1789,1100000,1835000,0,FALSE
1794,1350000,1835000,0,FALSE
1795,1400000,1835000,0,FALSE
1797,1500000,1835000,0,FALSE
1798,1550000,1835000,0,FALSE
1826,-1150000,1785000,0,FALSE
1829,-1000000,1785000,0,FALSE
1830,-950000,1785000,0,FALSE
1833,-800000,1785000,0,FALSE
1836,-650000,1785000,0,FALSE
1837,-600000,1785000,0,FALSE
1851,100000,1785000,0,FALSE
1855,300000,1785000,0,FALSE
1863,700000,1785000,0,FALSE
1864,750000,1785000,0,FALSE
1865,800000,1785000,0,FALSE
1873,1200000,1785000,0,FALSE
1876,1350000,1785000,0,FALSE
1877,1400000,1785000,0,FALSE
1878,1450000,1785000,0,FALSE
1879,1500000,1785000,0,FALSE
1897,-1650000,1735000,0,FALSE
1899,-1550000,1735000,0,FALSE
1911,-950000,1735000,0,FALSE
1912,-900000,1735000,0,FALSE
1939,450000,1735000,0,FALSE
1941,550000,1735000,0,FALSE
1961,1550000,1735000,0,FALSE
1965,1750000,1735000,0,FALSE
1980,-1550000,1685000,0,FALSE
1989,-1100000,1685000,0,FALSE
1990,-1050000,1685000,0,FALSE
1991,-1000000,1685000,0,FALSE
1992,-950000,1685000,0,FALSE
1994,-850000,1685000,0,FALSE
2009,-100000,1685000,0,FALSE
2010,-50000,1685000,0,FALSE
2031,1000000,1685000,0,FALSE
2056,-1750000,1635000,0,FALSE
2069,-1100000,1635000,0,FALSE
2070,-1050000,1635000,0,FALSE
2080,-550000,1635000,0,FALSE
2084,-350000,1635000,0,FALSE
2103,600000,1635000,0,FALSE
2129,-2150000,1585000,0,FALSE
2131,-2050000,1585000,0,FALSE
2164,-400000,1585000,0,FALSE
2179,350000,1585000,0,FALSE
2198,1300000,1585000,0,FALSE
2200,1400000,1585000,0,FALSE
2208,1800000,1585000,0,FALSE
2210,-2200000,1535000,0,FALSE
2218,-1800000,1535000,0,FALSE
2228,-1300000,1535000,0,FALSE
2239,-750000,1535000,0,FALSE
2240,-700000,1535000,0,FALSE
2250,-200000,1535000,0,FALSE
2254,0,1535000,0,FALSE
2278,1200000,1535000,0,FALSE
2287,1650000,1535000,0,FALSE
2290,1800000,1535000,0,FALSE
2294,-2100000,1485000,0,FALSE
2301,-1750000,1485000,0,FALSE
2307,-1450000,1485000,0,FALSE
2308,-1400000,1485000,0,FALSE
2313,-1150000,1485000,0,FALSE
2328,-400000,1485000,0,FALSE
2339,150000,1485000,0,FALSE
2349,650000,1485000,0,FALSE
2353,850000,1485000,0,FALSE
2357,1050000,1485000,0,FALSE
2370,1700000,1485000,0,FALSE
2371,1750000,1485000,0,FALSE
2394,-1000000,1435000,0,FALSE
2395,-950000,1435000,0,FALSE
2398,-800000,1435000,0,FALSE
2411,-150000,1435000,0,FALSE
2414,0,1435000,0,FALSE
2420,300000,1435000,0,FALSE
2432,900000,1435000,0,FALSE
2455,-1800000,1385000,0,FALSE
2460,-1550000,1385000,0,FALSE
2461,-1500000,1385000,0,FALSE
2462,-1450000,1385000,0,FALSE
2487,-200000,1385000,0,FALSE
2488,-150000,1385000,0,FALSE
2513,1100000,1385000,0,FALSE
2538,-1400000,1335000,0,FALSE
2546,-1000000,1335000,0,FALSE
2588,1100000,1335000,0,FALSE
2613,-1250000,1285000,0,FALSE
2617,-1050000,1285000,0,FALSE
2624,-700000,1285000,0,FALSE
2633,-250000,1285000,0,FALSE
2636,-100000,1285000,0,FALSE
2670,-1850000,1235000,0,FALSE
2682,-1250000,1235000,0,FALSE
2688,-950000,1235000,0,FALSE
2695,-600000,1235000,0,FALSE
2705,-100000,1235000,0,FALSE
2728,1050000,1235000,0,FALSE
2747,-1300000,1185000,0,FALSE
2750,-1150000,1185000,0,FALSE
2762,-550000,1185000,0,FALSE
2768,-250000,1185000,0,FALSE
2775,100000,1185000,0,FALSE
2791,900000,1185000,0,FALSE
2804,-1650000,1135000,0,FALSE
2818,-950000,1135000,0,FALSE
2819,-900000,1135000,0,FALSE
2835,-100000,1135000,0,FALSE
2857,1000000,1135000,0,FALSE
2858,1050000,1135000,0,FALSE
2865,1400000,1135000,0,FALSE
2868,-1500000,1085000,0,FALSE
2901,150000,1085000,0,FALSE
2902,200000,1085000,0,FALSE
2905,350000,1085000,0,FALSE
2913,750000,1085000,0,FALSE
2914,800000,1085000,0,FALSE
2926,1400000,1085000,0,FALSE
2930,-1300000,1035000,0,FALSE
2932,-1200000,1035000,0,FALSE
2936,-1000000,1035000,0,FALSE
2957,50000,1035000,0,FALSE
2958,100000,1035000,0,FALSE
2984,1400000,1035000,0,FALSE
3001,-300000,985000,0,FALSE
3034,1350000,985000,0,FALSE
3053,-100000,935000,0,FALSE
3069,700000,935000,0,FALSE
3081,1300000,935000,0,FALSE
3098,-200000,885000,0,FALSE
3102,0,885000,0,FALSE
3106,200000,885000,0,FALSE
3129,1350000,885000,0,FALSE
3141,-350000,835000,0,FALSE
3149,50000,835000,0,FALSE
3150,100000,835000,0,FALSE
3163,750000,835000,0,FALSE
3164,800000,835000,0,FALSE
3170,1100000,835000,0,FALSE
3179,-800000,785000,0,FALSE
3188,-350000,785000,0,FALSE
3195,0,785000,0,FALSE
3196,50000,785000,0,FALSE
3200,250000,785000,0,FALSE
3201,300000,785000,0,FALSE
3206,550000,785000,0,FALSE
3207,600000,785000,0,FALSE
3213,1250000,785000,0,FALSE
3215,1350000,785000,0,FALSE
3219,-800000,735000,0,FALSE
3224,-450000,735000,0,FALSE
3225,-400000,735000,0,FALSE
3227,-300000,735000,0,FALSE
3230,-150000,735000,0,FALSE
3238,250000,735000,0,FALSE
3250,1450000,735000,0,FALSE
3251,1500000,735000,0,FALSE
3252,-750000,685000,0,FALSE
3254,-650000,685000,0,FALSE
3260,-250000,685000,0,FALSE
3261,-200000,685000,0,FALSE
3267,100000,685000,0,FALSE
3286,-200000,635000,0,FALSE
3291,50000,635000,0,FALSE
3293,1350000,635000,0,FALSE
3302,-250000,585000,0,FALSE
3311,1450000,585000,0,FALSE
3316,-350000,535000,0,FALSE
3326,1550000,535000,0,FALSE
3327,1600000,535000,0,FALSE
3331,-200000,485000,0,FALSE
3332,-150000,485000,0,FALSE
3336,1500000,485000,0,FALSE
3348,-300000,385000,0,FALSE
3354,1550000,385000,0,FALSE
3359,-100000,335000,0,FALSE
12,-1950000,3085000,0,FALSE
13,-1900000,3085000,0,FALSE
16,-1750000,3085000,35,TRUE
25,-1900000,3035000,0,FALSE
32,-1550000,3035000,14,TRUE
57,-1200000,2985000,0,FALSE
82,-1350000,2935000,10,TRUE
105,-2100000,2885000,0,FALSE
115,-1600000,2885000,100,TRUE
137,-500000,2885000,0,FALSE
149,100000,2885000,0,TRUE
165,-1650000,2835000,0,FALSE
175,-1150000,2835000,0,FALSE
209,2050000,2835000,80,TRUE
213,-2200000,2785000,0,FALSE
215,-2100000,2785000,0,FALSE
218,-1950000,2785000,0,FALSE
267,500000,2785000,74,TRUE
273,2150000,2785000,5,TRUE
280,-2000000,2735000,0,FALSE
282,-1900000,2735000,0,FALSE
327,350000,2735000,87,TRUE
334,2000000,2735000,37,TRUE
342,-2100000,2685000,0,FALSE
352,-1600000,2685000,0,TRUE
391,350000,2685000,5,TRUE
399,800000,2685000,0,TRUE
405,1950000,2685000,80,TRUE
430,-1300000,2635000,9,TRUE
464,400000,2635000,0,TRUE
466,500000,2635000,1,TRUE
481,1900000,2635000,64,TRUE
488,-2200000,2585000,0,FALSE
500,-1600000,2585000,1,TRUE
506,-1300000,2585000,4,TRUE
542,500000,2585000,3,TRUE
543,550000,2585000,1,TRUE
560,2000000,2585000,6,TRUE
562,2100000,2585000,0,TRUE
568,-2050000,2535000,0,FALSE
616,350000,2535000,0,FALSE
622,650000,2535000,0,TRUE
627,900000,2535000,0,FALSE
635,1800000,2535000,41,TRUE
642,-2250000,2485000,0,FALSE
646,-2050000,2485000,0,FALSE
657,-1500000,2485000,1,TRUE
666,-1050000,2485000,0,FALSE
690,150000,2485000,0,FALSE
700,650000,2485000,0,FALSE
703,800000,2485000,0,FALSE
714,1850000,2485000,60,TRUE
727,-1900000,2435000,0,FALSE
784,950000,2435000,0,FALSE
785,1000000,2435000,0,FALSE
788,1600000,2435000,0,TRUE
800,-2200000,2385000,0,FALSE
813,-1550000,2385000,0,FALSE
855,550000,2385000,0,FALSE
856,600000,2385000,0,FALSE
859,750000,2385000,0,FALSE
863,950000,2385000,0,FALSE
873,1650000,2385000,0,FALSE
883,2150000,2385000,0,FALSE
912,-950000,2335000,0,FALSE
930,-50000,2335000,0,FALSE
934,150000,2335000,0,FALSE
937,300000,2335000,0,FALSE
940,450000,2335000,0,FALSE
956,1500000,2335000,0,FALSE
962,1800000,2335000,0,FALSE
969,2150000,2335000,0,FALSE
970,-2350000,2285000,0,FALSE
972,-2250000,2285000,0,FALSE
990,-1350000,2285000,29,TRUE
1015,-100000,2285000,0,FALSE
1036,1000000,2285000,0,FALSE
1038,1100000,2285000,0,FALSE
1046,1700000,2285000,0,FALSE
1050,1900000,2285000,0,FALSE
1068,-1600000,2235000,0,FALSE
1138,-2300000,2185000,0,FALSE
1140,-2200000,2185000,0,FALSE
1157,-1350000,2185000,0,FALSE
1172,-600000,2185000,0,FALSE
1201,950000,2185000,0,FALSE
1207,1350000,2185000,0,FALSE
1209,1450000,2185000,0,FALSE
1215,1750000,2185000,0,FALSE
1221,-2250000,2135000,0,FALSE
1249,-850000,2135000,0,FALSE
1253,-650000,2135000,0,FALSE
1281,750000,2135000,0,FALSE
1288,1100000,2135000,0,FALSE
1295,1450000,2135000,0,FALSE
1298,1600000,2135000,0,FALSE
1309,-2100000,2085000,0,FALSE
1329,-1100000,2085000,0,FALSE
1336,-750000,2085000,0,FALSE
1340,-550000,2085000,0,FALSE
1367,800000,2085000,0,FALSE
1374,1150000,2085000,0,FALSE
1378,1350000,2085000,0,FALSE
1387,1800000,2085000,0,FALSE
1388,1850000,2085000,0,FALSE
1420,-750000,2035000,0,FALSE
1423,-600000,2035000,0,FALSE
1447,600000,2035000,0,FALSE
1457,1100000,2035000,0,FALSE
1459,1200000,2035000,0,FALSE
1486,-1650000,1985000,0,FALSE
1499,-1000000,1985000,0,FALSE
1504,-750000,1985000,0,FALSE
1519,0,1985000,0,FALSE
1543,1200000,1985000,0,FALSE
1547,1400000,1985000,0,FALSE
1549,1500000,1985000,0,FALSE
1553,1700000,1985000,0,FALSE
1559,-2150000,1935000,0,FALSE
1561,-2050000,1935000,0,FALSE
1584,-900000,1935000,0,FALSE
1605,150000,1935000,0,FALSE
1625,1150000,1935000,0,FALSE
1626,1200000,1935000,0,FALSE
1638,1800000,1935000,0,FALSE
1647,-1900000,1885000,0,FALSE
1650,-1750000,1885000,0,FALSE
1659,-1300000,1885000,0,FALSE
1663,-1100000,1885000,0,FALSE
1667,-900000,1885000,0,FALSE
1718,1650000,1885000,0,FALSE
1725,-2100000,1835000,0,FALSE
1740,-1350000,1835000,0,FALSE
1747,-1000000,1835000,0,FALSE
1752,-750000,1835000,0,FALSE
1780,650000,1835000,0,FALSE
1783,800000,1835000,0,FALSE
1810,-1950000,1785000,0,FALSE
1822,-1350000,1785000,0,FALSE
1869,1000000,1785000,0,FALSE
1887,-2150000,1735000,0,FALSE
1914,-800000,1735000,0,FALSE
1915,-750000,1735000,0,FALSE
1916,-700000,1735000,0,FALSE
1925,-250000,1735000,0,FALSE
1937,350000,1735000,0,FALSE
1948,900000,1735000,0,FALSE
1958,1400000,1735000,0,FALSE
1975,-1800000,1685000,0,FALSE
1982,-1450000,1685000,0,FALSE
1983,-1400000,1685000,0,FALSE
1993,-900000,1685000,0,FALSE
2025,700000,1685000,0,FALSE
2026,750000,1685000,0,FALSE
2032,1050000,1685000,0,FALSE
2038,1350000,1685000,0,FALSE
2049,-2100000,1635000,0,FALSE
2058,-1650000,1635000,0,FALSE
2073,-900000,1635000,0,FALSE
2102,550000,1635000,0,FALSE
2110,950000,1635000,0,FALSE
2132,-2000000,1585000,0,FALSE
2137,-1750000,1585000,0,FALSE
2153,-950000,1585000,0,FALSE
2160,-600000,1585000,0,FALSE
2175,150000,1585000,0,FALSE
2186,700000,1585000,0,FALSE
2219,-1750000,1535000,0,FALSE
2221,-1650000,1535000,0,FALSE
2222,-1600000,1535000,0,FALSE
2235,-950000,1535000,0,FALSE
2242,-600000,1535000,0,FALSE
2259,250000,1535000,0,FALSE
2271,850000,1535000,0,FALSE
2304,-1600000,1485000,0,FALSE
2340,200000,1485000,0,FALSE
2342,300000,1485000,0,FALSE
2352,800000,1485000,0,FALSE
2415,50000,1435000,0,FALSE
2434,1000000,1435000,0,FALSE
2457,-1700000,1385000,0,FALSE
2458,-1650000,1385000,0,FALSE
2480,-550000,1385000,0,FALSE
2493,100000,1385000,0,FALSE
2502,550000,1385000,0,FALSE
2532,-1700000,1335000,0,FALSE
2533,-1650000,1335000,0,FALSE
2536,-1500000,1335000,0,FALSE
2542,-1200000,1335000,0,FALSE
2550,-800000,1335000,0,FALSE
2563,-150000,1335000,0,FALSE
2571,250000,1335000,0,FALSE
2584,900000,1335000,0,FALSE
2586,1000000,1335000,0,FALSE
2587,1050000,1335000,0,FALSE
2595,1450000,1335000,0,FALSE
2598,1600000,1335000,0,FALSE
2601,-1850000,1285000,0,FALSE
2629,-450000,1285000,0,FALSE
2637,-50000,1285000,0,FALSE
2644,300000,1285000,0,FALSE
2652,700000,1285000,0,FALSE
2654,800000,1285000,0,FALSE
2669,1550000,1285000,0,FALSE
2671,-1800000,1235000,0,FALSE
2674,-1650000,1235000,0,FALSE
2686,-1050000,1235000,0,FALSE
2703,-200000,1235000,0,FALSE
2713,300000,1235000,0,FALSE
2714,350000,1235000,0,FALSE
2744,-1450000,1185000,0,FALSE
2752,-1050000,1185000,0,FALSE
2757,-800000,1185000,0,FALSE
2761,-600000,1185000,0,FALSE
2781,400000,1185000,0,FALSE
2795,1100000,1185000,0,FALSE
2803,1500000,1185000,0,FALSE
2811,-1300000,1135000,0,FALSE
2850,650000,1135000,0,FALSE
2853,800000,1135000,0,FALSE
2878,-1000000,1085000,0,FALSE
2885,-650000,1085000,0,FALSE
2939,-850000,1035000,0,FALSE
2940,-800000,1035000,0,FALSE
2953,-150000,1035000,0,FALSE
2966,500000,1035000,0,FALSE
2985,-1250000,985000,0,FALSE
3000,-350000,985000,0,FALSE
3006,-50000,985000,0,FALSE
3007,0,985000,0,FALSE
3014,350000,985000,0,FALSE
3023,800000,985000,0,FALSE
3035,1400000,985000,0,FALSE
3051,-200000,935000,0,FALSE
3057,100000,935000,0,FALSE
3063,400000,935000,0,FALSE
3065,500000,935000,0,FALSE
3075,1000000,935000,0,FALSE
3096,-300000,885000,0,FALSE
3124,1100000,885000,0,FALSE
3134,-700000,835000,0,FALSE
3143,-250000,835000,0,FALSE
3159,550000,835000,0,FALSE
3160,600000,835000,0,FALSE
3165,850000,835000,0,FALSE
3166,900000,835000,0,FALSE
3167,950000,835000,0,FALSE
3168,1000000,835000,0,FALSE
3171,1150000,835000,0,FALSE
3193,-100000,785000,0,FALSE
3197,100000,785000,0,FALSE
3214,1300000,785000,0,FALSE
3217,1450000,785000,0,FALSE
3247,1300000,735000,0,FALSE
3253,-700000,685000,0,FALSE
3258,-350000,685000,0,FALSE
3259,-300000,685000,0,FALSE
3303,-200000,585000,0,FALSE
3304,-150000,585000,0,FALSE
3319,-200000,535000,0,FALSE
3321,-100000,535000,0,FALSE
3329,-300000,485000,0,FALSE
3333,-100000,485000,0,FALSE
3338,1600000,485000,0,FALSE
3350,-200000,385000,0,FALSE
3361,1550000,335000,0,FALSE
30,-1650000,3035000,4,TRUE
35,-1400000,3035000,3,TRUE
56,-1250000,2985000,1,TRUE
68,-2050000,2935000,0,FALSE
90,-950000,2935000,0,FALSE
96,-650000,2935000,0,FALSE
136,-550000,2885000,0,FALSE
142,-250000,2885000,0,TRUE
171,-1350000,2835000,1,TRUE
189,-450000,2835000,0,FALSE
197,-50000,2835000,0,TRUE
201,150000,2835000,4,TRUE
203,250000,2835000,1,TRUE
210,2100000,2835000,54,TRUE
229,-1400000,2785000,8,TRUE
238,-950000,2785000,0,FALSE
259,100000,2785000,0,TRUE
271,2050000,2785000,55,TRUE
292,-1400000,2735000,25,TRUE
295,-1250000,2735000,12,TRUE
330,600000,2735000,0,FALSE
336,2100000,2735000,4,TRUE
349,-1750000,2685000,0,TRUE
357,-1350000,2685000,16,TRUE
379,-250000,2685000,0,FALSE
431,-1250000,2635000,6,TRUE
433,-1150000,2635000,0,FALSE
444,-600000,2635000,0,FALSE
463,350000,2635000,0,TRUE
465,450000,2635000,0,TRUE
470,700000,2635000,3,TRUE
486,2150000,2635000,0,FALSE
505,-1350000,2585000,3,TRUE
509,-1150000,2585000,0,FALSE
569,-2000000,2535000,0,FALSE
612,150000,2535000,0,FALSE
634,1750000,2535000,5,TRUE
639,2000000,2535000,6,TRUE
643,-2200000,2485000,0,FALSE
654,-1650000,2485000,0,FALSE
705,900000,2485000,0,FALSE
723,-2100000,2435000,0,FALSE
782,850000,2435000,0,FALSE
842,-100000,2385000,0,FALSE
854,500000,2385000,0,FALSE
867,1350000,2385000,0,FALSE
874,1700000,2385000,0,FALSE
911,-1000000,2335000,0,FALSE
918,-650000,2335000,0,FALSE
935,200000,2335000,0,FALSE
938,350000,2335000,0,FALSE
965,1950000,2335000,0,FALSE
975,-2100000,2285000,0,FALSE
976,-2050000,2285000,0,FALSE
979,-1900000,2285000,0,FALSE
1032,800000,2285000,0,FALSE
1045,1650000,2285000,0,FALSE
1049,1850000,2285000,0,FALSE
1059,-2050000,2235000,0,FALSE
1088,-600000,2235000,0,FALSE
1171,-650000,2185000,0,FALSE
1183,-50000,2185000,0,FALSE
1192,400000,2185000,0,FALSE
1243,-1150000,2135000,0,FALSE
1297,1550000,2135000,0,FALSE
1358,350000,2085000,0,FALSE
1377,1300000,2085000,0,FALSE
1381,1500000,2085000,0,FALSE
1384,1650000,2085000,0,FALSE
1451,800000,2035000,0,FALSE
1455,1000000,2035000,0,FALSE
1464,1450000,2035000,0,FALSE
1465,1500000,2035000,0,FALSE
1472,1850000,2035000,0,FALSE
1497,-1100000,1985000,0,FALSE
1506,-650000,1985000,0,FALSE
1565,-1850000,1935000,0,FALSE
1665,-1000000,1885000,0,FALSE
1686,50000,1885000,0,FALSE
1687,100000,1885000,0,FALSE
1710,1250000,1885000,0,FALSE
1720,1750000,1885000,0,FALSE
1735,-1600000,1835000,0,FALSE
1743,-1200000,1835000,0,FALSE
1751,-800000,1835000,0,FALSE
1796,1450000,1835000,0,FALSE
1802,1750000,1835000,0,FALSE
1815,-1700000,1785000,0,FALSE
1835,-700000,1785000,0,FALSE
1867,900000,1785000,0,FALSE
1894,-1800000,1735000,0,FALSE
1898,-1600000,1735000,0,FALSE
1901,-1450000,1735000,0,FALSE
1906,-1200000,1735000,0,FALSE
1949,950000,1735000,0,FALSE
1952,1100000,1735000,0,FALSE
1969,-2100000,1685000,0,FALSE
1976,-1750000,1685000,0,FALSE
1977,-1700000,1685000,0,FALSE
1978,-1650000,1685000,0,FALSE
1988,-1150000,1685000,0,FALSE
2000,-550000,1685000,0,FALSE
2054,-1850000,1635000,0,FALSE
2062,-1450000,1635000,0,FALSE
2075,-800000,1635000,0,FALSE
2089,-100000,1635000,0,FALSE
2094,150000,1635000,0,FALSE
2100,450000,1635000,0,FALSE
2114,1150000,1635000,0,FALSE
2120,1450000,1635000,0,FALSE
2128,-2200000,1585000,0,FALSE
2133,-1950000,1585000,0,FALSE
2140,-1600000,1585000,0,FALSE
2151,-1050000,1585000,0,FALSE
2155,-850000,1585000,0,FALSE
2167,-250000,1585000,0,FALSE
2170,-100000,1585000,0,FALSE
2197,1250000,1585000,0,FALSE
2203,1550000,1585000,0,FALSE
2216,-1900000,1535000,0,FALSE
2223,-1550000,1535000,0,FALSE
2225,-1450000,1535000,0,FALSE
2226,-1400000,1535000,0,FALSE
2236,-900000,1535000,0,FALSE
2253,-50000,1535000,0,FALSE
2280,1300000,1535000,0,FALSE
2292,-2200000,1485000,0,FALSE
2303,-1650000,1485000,0,FALSE
2314,-1100000,1485000,0,FALSE
2320,-800000,1485000,0,FALSE
2330,-300000,1485000,0,FALSE
2335,-50000,1485000,0,FALSE
2359,1150000,1485000,0,FALSE
2362,1300000,1485000,0,FALSE
2384,-1500000,1435000,0,FALSE
2406,-400000,1435000,0,FALSE
2417,150000,1435000,0,FALSE
2421,350000,1435000,0,FALSE
2427,650000,1435000,0,FALSE
2430,800000,1435000,0,FALSE
2449,-2150000,1385000,0,FALSE
2469,-1100000,1385000,0,FALSE
2483,-400000,1385000,0,FALSE
2485,-300000,1385000,0,FALSE
2498,350000,1385000,0,FALSE
2505,700000,1385000,0,FALSE
2507,800000,1385000,0,FALSE
2511,1000000,1385000,0,FALSE
2521,1500000,1385000,0,FALSE
2526,-2050000,1335000,0,FALSE
2535,-1550000,1335000,0,FALSE
2556,-500000,1335000,0,FALSE
2564,-100000,1335000,0,FALSE
2581,750000,1335000,0,FALSE
2582,800000,1335000,0,FALSE
2585,950000,1335000,0,FALSE
2610,-1400000,1285000,0,FALSE
2638,0,1285000,0,FALSE
2645,350000,1285000,0,FALSE
2657,950000,1285000,0,FALSE
2658,1000000,1285000,0,FALSE
2660,1100000,1285000,0,FALSE
2664,1300000,1285000,0,FALSE
2676,-1550000,1235000,0,FALSE
2677,-1500000,1235000,0,FALSE
2683,-1200000,1235000,0,FALSE
2707,0,1235000,0,FALSE
2726,950000,1235000,0,FALSE
2733,1300000,1235000,0,FALSE
2734,1350000,1235000,0,FALSE
2769,-200000,1185000,0,FALSE
2799,1300000,1185000,0,FALSE
2817,-1000000,1135000,0,FALSE
2866,1450000,1135000,0,FALSE
2891,-350000,1085000,0,FALSE
2917,950000,1085000,0,FALSE
2949,-350000,1035000,0,FALSE
2952,-200000,1035000,0,FALSE
2956,0,1035000,0,FALSE
2965,450000,1035000,0,FALSE
3049,-300000,935000,0,FALSE
3076,1050000,935000,0,FALSE
3097,-250000,885000,0,FALSE
3116,700000,885000,0,FALSE
3127,1250000,885000,0,FALSE
3130,1400000,885000,0,FALSE
3158,500000,835000,0,FALSE
3194,-50000,785000,0,FALSE
3211,1100000,785000,0,FALSE
3223,-500000,735000,0,FALSE
3256,-450000,685000,0,FALSE
3278,1450000,685000,0,FALSE
3285,-250000,635000,0,FALSE
3300,-350000,585000,0,FALSE
3314,1600000,585000,0,FALSE
3328,-350000,485000,0,FALSE
27,-1800000,3035000,7,TRUE
31,-1600000,3035000,4,TRUE
40,-2050000,2985000,0,FALSE
50,-1550000,2985000,17,TRUE
60,-1050000,2985000,0,FALSE
64,2100000,2985000,18,TRUE
78,-1550000,2935000,29,TRUE
93,-800000,2935000,0,FALSE
94,-750000,2935000,0,FALSE
102,2100000,2935000,5,TRUE
107,-2000000,2885000,0,FALSE
119,-1400000,2885000,10,TRUE
153,2100000,2885000,31,TRUE
161,-1850000,2835000,0,FALSE
180,-900000,2835000,0,FALSE
185,-650000,2835000,0,FALSE
193,-250000,2835000,0,FALSE
202,200000,2835000,4,TRUE
231,-1300000,2785000,0,TRUE
232,-1250000,2785000,3,TRUE
235,-1100000,2785000,0,FALSE
239,-900000,2785000,0,FALSE
274,2200000,2785000,9,TRUE
290,-1500000,2735000,2,TRUE
297,-1150000,2735000,0,FALSE
312,-400000,2735000,0,FALSE
326,300000,2735000,7,TRUE
358,-1300000,2685000,5,TRUE
360,-1200000,2685000,0,TRUE
376,-400000,2685000,0,FALSE
387,150000,2685000,1,TRUE
419,-1850000,2635000,0,FALSE
421,-1750000,2635000,0,TRUE
424,-1600000,2635000,0,TRUE
456,0,2635000,0,FALSE
477,1700000,2635000,1,TRUE
512,-1000000,2585000,0,FALSE
537,250000,2585000,0,TRUE
564,-2250000,2535000,0,FALSE
567,-2100000,2535000,0,FALSE
570,-1950000,2535000,0,FALSE
584,-1250000,2535000,6,TRUE
668,-950000,2485000,0,FALSE
712,1750000,2485000,8,TRUE
748,-850000,2435000,0,FALSE
783,900000,2435000,0,FALSE
786,1050000,2435000,0,FALSE
789,1650000,2435000,0,TRUE
822,-1100000,2385000,0,FALSE
830,-700000,2385000,0,FALSE
907,-1200000,2335000,15,TRUE
948,900000,2335000,0,FALSE
950,1000000,2335000,0,FALSE
973,-2200000,2285000,0,FALSE
995,-1100000,2285000,0,FALSE
996,-1050000,2285000,0,FALSE
1016,-50000,2285000,0,FALSE
1035,950000,2285000,0,FALSE
1041,1450000,2285000,0,FALSE
1043,1550000,2285000,0,FALSE
1056,-2200000,2235000,0,FALSE
1101,50000,2235000,0,FALSE
1123,1350000,2235000,0,FALSE
1129,1650000,2235000,0,FALSE
1191,350000,2185000,0,FALSE
1193,450000,2185000,0,FALSE
1212,1600000,2185000,0,FALSE
1228,-1900000,2135000,0,FALSE
1272,300000,2135000,0,FALSE
1282,800000,2135000,0,FALSE
1293,1350000,2135000,0,FALSE
1299,1650000,2135000,0,FALSE
1305,-2300000,2085000,0,FALSE
1363,600000,2085000,0,FALSE
1370,950000,2085000,0,FALSE
1371,1000000,2085000,0,FALSE
1372,1050000,2085000,0,FALSE
1379,1400000,2085000,0,FALSE
1407,-1400000,2035000,0,FALSE
1418,-850000,2035000,0,FALSE
1421,-700000,2035000,0,FALSE
1439,200000,2035000,0,FALSE
1440,250000,2035000,0,FALSE
1443,400000,2035000,0,FALSE
1444,450000,2035000,0,FALSE
1467,1600000,2035000,0,FALSE
1508,-550000,1985000,0,FALSE
1542,1150000,1985000,0,FALSE
1576,-1300000,1935000,0,FALSE
1591,-550000,1935000,0,FALSE
1621,950000,1935000,0,FALSE
1622,1000000,1935000,0,FALSE
1627,1250000,1935000,0,FALSE
1631,1450000,1935000,0,FALSE
1652,-1650000,1885000,0,FALSE
1662,-1150000,1885000,0,FALSE
1679,-300000,1885000,0,FALSE
1705,1000000,1885000,0,FALSE
1754,-650000,1835000,0,FALSE
1800,1650000,1835000,0,FALSE
1819,-1500000,1785000,0,FALSE
1832,-850000,1785000,0,FALSE
1840,-450000,1785000,0,FALSE
1849,0,1785000,0,FALSE
1852,150000,1785000,0,FALSE
1883,1700000,1785000,0,FALSE
1886,-2200000,1735000,0,FALSE
1892,-1900000,1735000,0,FALSE
1908,-1100000,1735000,0,FALSE
1960,1500000,1735000,0,FALSE
1963,1650000,1735000,0,FALSE
1972,-1950000,1685000,0,FALSE
2002,-450000,1685000,0,FALSE
2020,450000,1685000,0,FALSE
2033,1100000,1685000,0,FALSE
2045,1700000,1685000,0,FALSE
2050,-2050000,1635000,0,FALSE
2074,-850000,1635000,0,FALSE
2088,-150000,1635000,0,FALSE
2115,1200000,1635000,0,FALSE
2118,1350000,1635000,0,FALSE
2150,-1100000,1585000,0,FALSE
2159,-650000,1585000,0,FALSE
2184,600000,1585000,0,FALSE
2185,650000,1585000,0,FALSE
2214,-2000000,1535000,0,FALSE
2217,-1850000,1535000,0,FALSE
2220,-1700000,1535000,0,FALSE
2230,-1200000,1535000,0,FALSE
2257,150000,1535000,0,FALSE
2273,950000,1535000,0,FALSE
2281,1350000,1535000,0,FALSE
2288,1700000,1535000,0,FALSE
2306,-1500000,1485000,0,FALSE
2321,-750000,1485000,0,FALSE
2323,-650000,1485000,0,FALSE
2336,0,1485000,0,FALSE
2344,400000,1485000,0,FALSE
2348,600000,1485000,0,FALSE
2361,1250000,1485000,0,FALSE
2366,1500000,1485000,0,FALSE
2388,-1300000,1435000,0,FALSE
2416,100000,1435000,0,FALSE
2429,750000,1435000,0,FALSE
2459,-1600000,1385000,0,FALSE
2514,1150000,1385000,0,FALSE
2516,1250000,1385000,0,FALSE
2525,-2100000,1335000,0,FALSE
2531,-1750000,1335000,0,FALSE
2541,-1250000,1335000,0,FALSE
2551,-750000,1335000,0,FALSE
2552,-700000,1335000,0,FALSE
2590,1200000,1335000,0,FALSE
2608,-1500000,1285000,0,FALSE
2612,-1300000,1285000,0,FALSE
2618,-1000000,1285000,0,FALSE
2625,-650000,1285000,0,FALSE
2666,1400000,1285000,0,FALSE
2667,1450000,1285000,0,FALSE
2673,-1700000,1235000,0,FALSE
2678,-1450000,1235000,0,FALSE
2684,-1150000,1235000,0,FALSE
2706,-50000,1235000,0,FALSE
2710,150000,1235000,0,FALSE
2732,1250000,1235000,0,FALSE
2737,1500000,1235000,0,FALSE
2745,-1400000,1185000,0,FALSE
2758,-750000,1185000,0,FALSE
2792,950000,1185000,0,FALSE
2802,1450000,1185000,0,FALSE
2824,-650000,1135000,0,FALSE
2829,-400000,1135000,0,FALSE
2836,-50000,1135000,0,FALSE
2838,50000,1135000,0,FALSE
2840,150000,1135000,0,FALSE
2844,350000,1135000,0,FALSE
2848,550000,1135000,0,FALSE
2856,950000,1135000,0,FALSE
2863,1300000,1135000,0,FALSE
2864,1350000,1135000,0,FALSE
2888,-500000,1085000,0,FALSE
2890,-400000,1085000,0,FALSE
2899,50000,1085000,0,FALSE
2931,-1250000,1035000,0,FALSE
2954,-100000,1035000,0,FALSE
2988,-950000,985000,0,FALSE
3002,-250000,985000,0,FALSE
3052,-150000,935000,0,FALSE
3058,150000,935000,0,FALSE
3071,800000,935000,0,FALSE
3073,900000,935000,0,FALSE
3103,50000,885000,0,FALSE
3107,250000,885000,0,FALSE
3111,450000,885000,0,FALSE
3117,750000,885000,0,FALSE
3121,950000,885000,0,FALSE
3128,1300000,885000,0,FALSE
3146,-100000,835000,0,FALSE
3161,650000,835000,0,FALSE
3175,1350000,835000,0,FALSE
3183,-600000,785000,0,FALSE
3187,-400000,785000,0,FALSE
3202,350000,785000,0,FALSE
3313,1550000,585000,0,FALSE
3323,1400000,535000,0,FALSE
3337,1550000,485000,0,FALSE
3339,-350000,435000,0,FALSE
3343,-150000,435000,0,FALSE
3346,1550000,435000,0,FALSE
3351,-150000,385000,0,FALSE
3353,1500000,385000,0,FALSE
33,-1500000,3035000,5,TRUE
52,-1450000,2985000,4,TRUE
174,-1200000,2835000,0,FALSE
241,-800000,2785000,0,FALSE
272,2100000,2785000,8,TRUE
287,-1650000,2735000,0,TRUE
294,-1300000,2735000,0,TRUE
337,2150000,2735000,17,TRUE
345,-1950000,2685000,0,FALSE
390,300000,2685000,2,TRUE
414,-2100000,2635000,0,FALSE
417,-1950000,2635000,0,FALSE
428,-1400000,2635000,0,TRUE
429,-1350000,2635000,8,TRUE
432,-1200000,2635000,9,TRUE
448,-400000,2635000,0,FALSE
450,-300000,2635000,0,FALSE
459,150000,2635000,1,TRUE
478,1750000,2635000,1,TRUE
489,-2150000,2585000,0,FALSE
520,-600000,2585000,0,FALSE
533,50000,2585000,0,FALSE
546,700000,2585000,0,TRUE
572,-1850000,2535000,0,FALSE
591,-900000,2535000,0,FALSE
628,950000,2535000,0,FALSE
658,-1450000,2485000,2,TRUE
659,-1400000,2485000,4,TRUE
735,-1500000,2435000,4,TRUE
739,-1300000,2435000,20,TRUE
747,-900000,2435000,0,FALSE
752,-650000,2435000,0,FALSE
753,-600000,2435000,0,FALSE
771,300000,2435000,0,FALSE
799,-2250000,2385000,0,FALSE
826,-900000,2385000,0,FALSE
840,-200000,2385000,0,FALSE
843,-50000,2385000,0,FALSE
886,-2250000,2335000,0,FALSE
908,-1150000,2335000,5,TRUE
947,850000,2335000,0,FALSE
997,-1000000,2285000,0,FALSE
1013,-200000,2285000,0,FALSE
1047,1750000,2285000,0,FALSE
1127,1550000,2235000,0,FALSE
1152,-1600000,2185000,0,FALSE
1161,-1150000,2185000,9,TRUE
1182,-100000,2185000,0,FALSE
1205,1250000,2185000,0,FALSE
1208,1400000,2185000,0,FALSE
1227,-1950000,2135000,0,FALSE
1252,-700000,2135000,0,FALSE
1274,400000,2135000,0,FALSE
1275,450000,2135000,0,FALSE
1278,600000,2135000,0,FALSE
1283,850000,2135000,0,FALSE
1382,1550000,2085000,0,FALSE
1399,-1800000,2035000,0,FALSE
1402,-1650000,2035000,0,FALSE
1408,-1350000,2035000,0,FALSE
1412,-1150000,2035000,0,FALSE
1424,-550000,2035000,0,FALSE
1434,-50000,2035000,0,FALSE
1441,300000,2035000,0,FALSE
1466,1550000,2035000,0,FALSE
1470,1750000,2035000,0,FALSE
1479,-2000000,1985000,0,FALSE
1483,-1800000,1985000,0,FALSE
1484,-1750000,1985000,0,FALSE
1492,-1350000,1985000,0,FALSE
1493,-1300000,1985000,0,FALSE
1495,-1200000,1985000,0,FALSE
1518,-50000,1985000,0,FALSE
1529,500000,1985000,0,FALSE
1566,-1800000,1935000,0,FALSE
1570,-1600000,1935000,0,FALSE
1578,-1200000,1935000,0,FALSE
1602,0,1935000,0,FALSE
1614,600000,1935000,0,FALSE
1629,1350000,1935000,0,FALSE
1643,-2100000,1885000,0,FALSE
1661,-1200000,1885000,0,FALSE
1664,-1050000,1885000,0,FALSE
1701,800000,1885000,0,FALSE
1714,1450000,1885000,0,FALSE
1737,-1500000,1835000,0,FALSE
1772,250000,1835000,0,FALSE
1808,-2050000,1785000,0,FALSE
1811,-1900000,1785000,0,FALSE
1820,-1450000,1785000,0,FALSE
1847,-100000,1785000,0,FALSE
1848,-50000,1785000,0,FALSE
1858,450000,1785000,0,FALSE
1860,550000,1785000,0,FALSE
1861,600000,1785000,0,FALSE
1872,1150000,1785000,0,FALSE
1874,1250000,1785000,0,FALSE
1882,1650000,1785000,0,FALSE
1884,1750000,1785000,0,FALSE
1893,-1850000,1735000,0,FALSE
1918,-600000,1735000,0,FALSE
1924,-300000,1735000,0,FALSE
1927,-150000,1735000,0,FALSE
1929,-50000,1735000,0,FALSE
1931,50000,1735000,0,FALSE
1938,400000,1735000,0,FALSE
1946,800000,1735000,0,FALSE
1954,1200000,1735000,0,FALSE
1957,1350000,1735000,0,FALSE
1984,-1350000,1685000,0,FALSE
2018,350000,1685000,0,FALSE
2023,600000,1685000,0,FALSE
2037,1300000,1685000,0,FALSE
2039,1400000,1685000,0,FALSE
2042,1550000,1685000,0,FALSE
2064,-1350000,1635000,0,FALSE
2066,-1250000,1635000,0,FALSE
2076,-750000,1635000,0,FALSE
2090,-50000,1635000,0,FALSE
2116,1250000,1635000,0,FALSE
2119,1400000,1635000,0,FALSE
2122,1550000,1635000,0,FALSE
2135,-1850000,1585000,0,FALSE
2138,-1700000,1585000,0,FALSE
2154,-900000,1585000,0,FALSE
2199,1350000,1585000,0,FALSE
2209,1850000,1585000,0,FALSE
2241,-650000,1535000,0,FALSE
2266,600000,1535000,0,FALSE
2315,-1050000,1485000,0,FALSE
2333,-150000,1485000,0,FALSE
2408,-300000,1435000,0,FALSE
2423,450000,1435000,0,FALSE
2443,1450000,1435000,0,FALSE
2448,1700000,1435000,0,FALSE
2464,-1350000,1385000,0,FALSE
2465,-1300000,1385000,0,FALSE
2466,-1250000,1385000,0,FALSE
2470,-1050000,1385000,0,FALSE
2474,-850000,1385000,0,FALSE
2494,150000,1385000,0,FALSE
2497,300000,1385000,0,FALSE
2510,950000,1385000,0,FALSE
2547,-950000,1335000,0,FALSE
2559,-350000,1335000,0,FALSE
2560,-300000,1335000,0,FALSE
2583,850000,1335000,0,FALSE
2593,1350000,1335000,0,FALSE
2603,-1750000,1285000,0,FALSE
2615,-1150000,1285000,0,FALSE
2619,-950000,1285000,0,FALSE
2634,-200000,1285000,0,FALSE
2656,900000,1285000,0,FALSE
2665,1350000,1285000,0,FALSE
2680,-1350000,1235000,0,FALSE
2699,-400000,1235000,0,FALSE
2756,-850000,1185000,0,FALSE
2760,-650000,1185000,0,FALSE
2770,-150000,1185000,0,FALSE
2777,200000,1185000,0,FALSE
2782,450000,1185000,0,FALSE
2784,550000,1185000,0,FALSE
2786,650000,1185000,0,FALSE
2794,1050000,1185000,0,FALSE
2796,1150000,1185000,0,FALSE
2808,-1450000,1135000,0,FALSE
2816,-1050000,1135000,0,FALSE
2834,-150000,1135000,0,FALSE
2860,1150000,1135000,0,FALSE
2882,-800000,1085000,0,FALSE
2892,-300000,1085000,0,FALSE
2894,-200000,1085000,0,FALSE
2898,0,1085000,0,FALSE
2900,100000,1085000,0,FALSE
2915,850000,1085000,0,FALSE
2925,1350000,1085000,0,FALSE
2938,-900000,1035000,0,FALSE
2945,-550000,1035000,0,FALSE
2959,150000,1035000,0,FALSE
2963,350000,1035000,0,FALSE
2987,-1150000,985000,0,FALSE
2989,-900000,985000,0,FALSE
2995,-600000,985000,0,FALSE
2998,-450000,985000,0,FALSE
2999,-400000,985000,0,FALSE
3009,100000,985000,0,FALSE
3019,600000,985000,0,FALSE
3029,1100000,985000,0,FALSE
3031,1200000,985000,0,FALSE
3039,-800000,935000,0,FALSE
3088,-700000,885000,0,FALSE
3089,-650000,885000,0,FALSE
3092,-500000,885000,0,FALSE
3094,-400000,885000,0,FALSE
3095,-350000,885000,0,FALSE
3100,-100000,885000,0,FALSE
3119,850000,885000,0,FALSE
3125,1150000,885000,0,FALSE
3135,-650000,835000,0,FALSE
3142,-300000,835000,0,FALSE
3180,-750000,785000,0,FALSE
3181,-700000,785000,0,FALSE
3184,-550000,785000,0,FALSE
3198,150000,785000,0,FALSE
3199,200000,785000,0,FALSE
3205,500000,785000,0,FALSE
3237,200000,735000,0,FALSE
3242,450000,735000,0,FALSE
3288,-100000,635000,0,FALSE
3306,-50000,585000,0,FALSE
3341,-250000,435000,0,FALSE
49,-1600000,2985000,101,TRUE
53,-1400000,2985000,0,TRUE
62,2000000,2985000,4,TRUE
63,2050000,2985000,10,TRUE
67,-2100000,2935000,0,FALSE
80,-1450000,2935000,1,TRUE
91,-900000,2935000,0,FALSE
101,2050000,2935000,8,TRUE
110,-1850000,2885000,0,FALSE
169,-1450000,2835000,6,TRUE
208,2000000,2835000,12,TRUE
212,2200000,2835000,13,TRUE
227,-1500000,2785000,1,TRUE
253,-200000,2785000,0,FALSE
262,250000,2785000,4,TRUE
277,-2150000,2735000,0,FALSE
288,-1600000,2735000,0,TRUE
289,-1550000,2735000,0,TRUE
296,-1200000,2735000,0,FALSE
325,250000,2735000,2,TRUE
332,1900000,2735000,6,TRUE
346,-1900000,2685000,0,FALSE
350,-1700000,2685000,0,TRUE
354,-1500000,2685000,0,TRUE
386,100000,2685000,1,TRUE
398,750000,2685000,0,TRUE
406,2000000,2685000,21,TRUE
451,-250000,2635000,0,FALSE
468,600000,2635000,20,TRUE
484,2050000,2635000,2,TRUE
493,-1950000,2585000,0,FALSE
494,-1900000,2585000,0,FALSE
495,-1850000,2585000,0,FALSE
496,-1800000,2585000,0,FALSE
498,-1700000,2585000,0,FALSE
499,-1650000,2585000,0,TRUE
502,-1500000,2585000,0,TRUE
507,-1250000,2585000,11,TRUE
530,-100000,2585000,0,FALSE
558,1900000,2585000,63,TRUE
573,-1800000,2535000,0,FALSE
579,-1500000,2535000,0,TRUE
589,-1000000,2535000,0,FALSE
596,-650000,2535000,0,FALSE
605,-200000,2535000,0,FALSE
610,50000,2535000,0,FALSE
651,-1800000,2485000,0,FALSE
669,-900000,2485000,0,FALSE
693,300000,2485000,0,FALSE
695,400000,2485000,0,FALSE
736,-1450000,2435000,23,TRUE
781,800000,2435000,0,FALSE
808,-1800000,2385000,0,FALSE
829,-750000,2385000,0,FALSE
875,1750000,2385000,0,FALSE
887,-2200000,2335000,0,FALSE
904,-1350000,2335000,29,TRUE
906,-1250000,2335000,2,TRUE
920,-550000,2335000,0,FALSE
925,-300000,2335000,0,FALSE
933,100000,2335000,0,FALSE
974,-2150000,2285000,0,FALSE
982,-1750000,2285000,0,FALSE
987,-1500000,2285000,0,FALSE
1024,350000,2285000,0,FALSE
1044,1600000,2285000,0,FALSE
1057,-2150000,2235000,0,FALSE
1099,-50000,2235000,0,FALSE
1104,200000,2235000,0,FALSE
1108,400000,2235000,0,FALSE
1121,1250000,2235000,0,FALSE
1128,1600000,2235000,0,FALSE
1162,-1100000,2185000,0,FALSE
1177,-350000,2185000,0,FALSE
1178,-300000,2185000,0,FALSE
1179,-250000,2185000,0,FALSE
1188,200000,2185000,0,FALSE
1211,1550000,2185000,0,FALSE
1244,-1100000,2135000,0,FALSE
1248,-900000,2135000,0,FALSE
1284,900000,2135000,0,FALSE
1313,-1900000,2085000,0,FALSE
1338,-650000,2085000,0,FALSE
1351,0,2085000,0,FALSE
1352,50000,2085000,0,FALSE
1354,150000,2085000,0,FALSE
1376,1250000,2085000,0,FALSE
1398,-1850000,2035000,0,FALSE
1446,550000,2035000,0,FALSE
1450,750000,2035000,0,FALSE
1456,1050000,2035000,0,FALSE
1527,400000,1985000,0,FALSE
1538,950000,1985000,0,FALSE
1539,1000000,1985000,0,FALSE
1567,-1750000,1935000,0,FALSE
1569,-1650000,1935000,0,FALSE
1573,-1450000,1935000,0,FALSE
1580,-1100000,1935000,0,FALSE
1599,-150000,1935000,0,FALSE
1612,500000,1935000,0,FALSE
1617,750000,1935000,0,FALSE
1642,-2150000,1885000,0,FALSE
1730,-1850000,1835000,0,FALSE
1788,1050000,1835000,0,FALSE
1791,1200000,1835000,0,FALSE
1799,1600000,1835000,0,FALSE
1817,-1600000,1785000,0,FALSE
1821,-1400000,1785000,0,FALSE
1889,-2050000,1735000,0,FALSE
1907,-1150000,1735000,0,FALSE
1919,-550000,1735000,0,FALSE
1922,-400000,1735000,0,FALSE
1936,300000,1735000,0,FALSE
1950,1000000,1735000,0,FALSE
1973,-1900000,1685000,0,FALSE
2015,200000,1685000,0,FALSE
2027,800000,1685000,0,FALSE
2035,1200000,1685000,0,FALSE
2041,1500000,1685000,0,FALSE
2065,-1300000,1635000,0,FALSE
2068,-1150000,1635000,0,FALSE
2071,-1000000,1635000,0,FALSE
2097,300000,1635000,0,FALSE
2104,650000,1635000,0,FALSE
2113,1100000,1635000,0,FALSE
2126,1750000,1635000,0,FALSE
2156,-800000,1585000,0,FALSE
2161,-550000,1585000,0,FALSE
2172,0,1585000,0,FALSE
2192,1000000,1585000,0,FALSE
2194,1100000,1585000,0,FALSE
2195,1150000,1585000,0,FALSE
2215,-1950000,1535000,0,FALSE
2248,-300000,1535000,0,FALSE
2258,200000,1535000,0,FALSE
2261,350000,1535000,0,FALSE
2267,650000,1535000,0,FALSE
2270,800000,1535000,0,FALSE
2286,1600000,1535000,0,FALSE
2299,-1850000,1485000,0,FALSE
2324,-600000,1485000,0,FALSE
2337,50000,1485000,0,FALSE
2350,700000,1485000,0,FALSE
2356,1000000,1485000,0,FALSE
2364,1400000,1485000,0,FALSE
2380,-1700000,1435000,0,FALSE
2393,-1050000,1435000,0,FALSE
2418,200000,1435000,0,FALSE
2424,500000,1435000,0,FALSE
2486,-250000,1385000,0,FALSE
2489,-100000,1385000,0,FALSE
2496,250000,1385000,0,FALSE
2515,1200000,1385000,0,FALSE
2523,1600000,1385000,0,FALSE
2534,-1600000,1335000,0,FALSE
2539,-1350000,1335000,0,FALSE
2544,-1100000,1335000,0,FALSE
2553,-650000,1335000,0,FALSE
2554,-600000,1335000,0,FALSE
2557,-450000,1335000,0,FALSE
2573,350000,1335000,0,FALSE
2575,450000,1335000,0,FALSE
2611,-1350000,1285000,0,FALSE
2631,-350000,1285000,0,FALSE
2653,750000,1285000,0,FALSE
2698,-450000,1235000,0,FALSE
2730,1150000,1235000,0,FALSE
2735,1400000,1235000,0,FALSE
2742,-1550000,1185000,0,FALSE
2749,-1200000,1185000,0,FALSE
2754,-950000,1185000,0,FALSE
2759,-700000,1185000,0,FALSE
2773,0,1185000,0,FALSE
2776,150000,1185000,0,FALSE
2806,-1550000,1135000,0,FALSE
2814,-1150000,1135000,0,FALSE
2823,-700000,1135000,0,FALSE
2831,-300000,1135000,0,FALSE
2833,-200000,1135000,0,FALSE
2880,-900000,1085000,0,FALSE
2906,400000,1085000,0,FALSE
2924,1300000,1085000,0,FALSE
2944,-600000,1035000,0,FALSE
2948,-400000,1035000,0,FALSE
2950,-300000,1035000,0,FALSE
2951,-250000,1035000,0,FALSE
2955,-50000,1035000,0,FALSE
2960,200000,1035000,0,FALSE
2979,1150000,1035000,0,FALSE
3003,-200000,985000,0,FALSE
3005,-100000,985000,0,FALSE
3011,200000,985000,0,FALSE
3022,750000,985000,0,FALSE
3033,1300000,985000,0,FALSE
3054,-50000,935000,0,FALSE
3056,50000,935000,0,FALSE
3059,200000,935000,0,FALSE
3062,350000,935000,0,FALSE
3078,1150000,935000,0,FALSE
3086,-800000,885000,0,FALSE
3091,-550000,885000,0,FALSE
3101,-50000,885000,0,FALSE
3120,900000,885000,0,FALSE
3122,1000000,885000,0,FALSE
3136,-600000,835000,0,FALSE
3177,1450000,835000,0,FALSE
3186,-450000,785000,0,FALSE
3222,-650000,735000,0,FALSE
3231,-100000,735000,0,FALSE
3255,-500000,685000,0,FALSE
3257,-400000,685000,0,FALSE
3270,500000,685000,0,FALSE
3280,1550000,685000,0,FALSE
3281,-450000,635000,0,FALSE
3287,-150000,635000,0,FALSE
3290,0,635000,0,FALSE
3317,-300000,535000,0,FALSE
3363,1450000,285000,0,FALSE
46,-1750000,2985000,0,TRUE
73,-1800000,2935000,0,FALSE
74,-1750000,2935000,0,FALSE
79,-1500000,2935000,6,TRUE
98,50000,2935000,0,TRUE
159,-1950000,2835000,0,FALSE
221,-1800000,2785000,0,FALSE
223,-1700000,2785000,5,TRUE
240,-850000,2785000,0,FALSE
245,-600000,2785000,0,FALSE
252,-250000,2785000,0,FALSE
291,-1450000,2735000,0,TRUE
303,-850000,2735000,0,FALSE
319,-50000,2735000,2,TRUE
353,-1550000,2685000,3,TRUE
364,-1000000,2685000,0,FALSE
388,200000,2685000,3,TRUE
422,-1700000,2635000,0,TRUE
425,-1550000,2635000,9,TRUE
454,-100000,2635000,0,FALSE
458,100000,2635000,0,TRUE
491,-2050000,2585000,0,FALSE
541,450000,2585000,2,TRUE
544,600000,2585000,0,TRUE
549,850000,2585000,2,TRUE
566,-2150000,2535000,0,FALSE
571,-1900000,2535000,0,FALSE
625,800000,2535000,0,FALSE
649,-1900000,2485000,0,FALSE
653,-1700000,2485000,0,FALSE
670,-850000,2485000,0,FALSE
688,50000,2485000,0,FALSE
720,-2250000,2435000,0,FALSE
724,-2050000,2435000,0,FALSE
738,-1350000,2435000,0,TRUE
778,650000,2435000,0,FALSE
803,-2050000,2385000,0,FALSE
806,-1900000,2385000,0,FALSE
807,-1850000,2385000,0,FALSE
815,-1450000,2385000,24,TRUE
816,-1400000,2385000,3,TRUE
819,-1250000,2385000,20,TRUE
828,-800000,2385000,0,FALSE
846,100000,2385000,0,FALSE
905,-1300000,2335000,2,TRUE
928,-150000,2335000,0,FALSE
929,-100000,2335000,0,FALSE
932,50000,2335000,0,FALSE
941,500000,2335000,0,FALSE
942,550000,2335000,0,FALSE
951,1050000,2335000,0,FALSE
999,-900000,2285000,0,FALSE
1010,-350000,2285000,0,FALSE
1018,50000,2285000,0,FALSE
1020,150000,2285000,0,FALSE
1031,750000,2285000,0,FALSE
1055,-2250000,2235000,0,FALSE
1071,-1450000,2235000,0,FALSE
1081,-950000,2235000,0,FALSE
1196,600000,2185000,0,FALSE
1210,1500000,2185000,0,FALSE
1242,-1200000,2135000,1,TRUE
1277,550000,2135000,0,FALSE
1291,1250000,2135000,0,FALSE
1308,-2150000,2085000,0,FALSE
1312,-1950000,2085000,0,FALSE
1330,-1050000,2085000,0,FALSE
1341,-500000,2085000,0,FALSE
1346,-250000,2085000,0,FALSE
1396,-1950000,2035000,0,FALSE
1400,-1750000,2035000,0,FALSE
1414,-1050000,2035000,0,FALSE
1416,-950000,2035000,0,FALSE
1448,650000,2035000,0,FALSE
1528,450000,1985000,0,FALSE
1544,1250000,1985000,0,FALSE
1545,1300000,1985000,0,FALSE
1588,-700000,1935000,0,FALSE
1600,-100000,1935000,0,FALSE
1616,700000,1935000,0,FALSE
1632,1500000,1935000,0,FALSE
1655,-1500000,1885000,0,FALSE
1671,-700000,1885000,0,FALSE
1680,-250000,1885000,0,FALSE
1691,300000,1885000,0,FALSE
1693,400000,1885000,0,FALSE
1703,900000,1885000,0,FALSE
1708,1150000,1885000,0,FALSE
1733,-1700000,1835000,0,FALSE
1734,-1650000,1835000,0,FALSE
1746,-1050000,1835000,0,FALSE
1779,600000,1835000,0,FALSE
1781,700000,1835000,0,FALSE
1785,900000,1835000,0,FALSE
1806,-2150000,1785000,0,FALSE
1816,-1650000,1785000,0,FALSE
1824,-1250000,1785000,0,FALSE
1828,-1050000,1785000,0,FALSE
1843,-300000,1785000,0,FALSE
1859,500000,1785000,0,FALSE
1932,100000,1735000,0,FALSE
1942,600000,1735000,0,FALSE
1968,-2150000,1685000,0,FALSE
1985,-1300000,1685000,0,FALSE
1998,-650000,1685000,0,FALSE
2007,-200000,1685000,0,FALSE
2017,300000,1685000,0,FALSE
2021,500000,1685000,0,FALSE
2053,-1900000,1635000,0,FALSE
2055,-1800000,1635000,0,FALSE
2086,-250000,1635000,0,FALSE
2136,-1800000,1585000,0,FALSE
2142,-1500000,1585000,0,FALSE
2157,-750000,1585000,0,FALSE
2171,-50000,1585000,0,FALSE
2180,400000,1585000,0,FALSE
2189,850000,1585000,0,FALSE
2246,-400000,1535000,0,FALSE
2298,-1900000,1485000,0,FALSE
2325,-550000,1485000,0,FALSE
2327,-450000,1485000,0,FALSE
2329,-350000,1485000,0,FALSE
2367,1550000,1485000,0,FALSE
2379,-1750000,1435000,0,FALSE
2387,-1350000,1435000,0,FALSE
2407,-350000,1435000,0,FALSE
2426,600000,1435000,0,FALSE
2442,1400000,1435000,0,FALSE
2475,-800000,1385000,0,FALSE
2476,-750000,1385000,0,FALSE
2477,-700000,1385000,0,FALSE
2491,0,1385000,0,FALSE
2512,1050000,1385000,0,FALSE
2518,1350000,1385000,0,FALSE
2540,-1300000,1335000,0,FALSE
2572,300000,1335000,0,FALSE
2589,1150000,1335000,0,FALSE
2592,1300000,1335000,0,FALSE
2620,-900000,1285000,0,FALSE
2628,-500000,1285000,0,FALSE
2641,150000,1285000,0,FALSE
2655,850000,1285000,0,FALSE
2690,-850000,1235000,0,FALSE
2691,-800000,1235000,0,FALSE
2702,-250000,1235000,0,FALSE
2720,650000,1235000,0,FALSE
2738,1550000,1235000,0,FALSE
2739,-1700000,1185000,0,FALSE
2748,-1250000,1185000,0,FALSE
2766,-350000,1185000,0,FALSE
2771,-100000,1185000,0,FALSE
2805,-1600000,1135000,0,FALSE
2813,-1200000,1135000,0,FALSE
2832,-250000,1135000,0,FALSE
2839,100000,1135000,0,FALSE
2842,250000,1135000,0,FALSE
2845,400000,1135000,0,FALSE
2883,-750000,1085000,0,FALSE
2893,-250000,1085000,0,FALSE
2904,300000,1085000,0,FALSE
2908,500000,1085000,0,FALSE
2909,550000,1085000,0,FALSE
2910,600000,1085000,0,FALSE
2916,900000,1085000,0,FALSE
2919,1050000,1085000,0,FALSE
2934,-1100000,1035000,0,FALSE
2946,-500000,1035000,0,FALSE
2947,-450000,1035000,0,FALSE
2961,250000,1035000,0,FALSE
2977,1050000,1035000,0,FALSE
2980,1200000,1035000,0,FALSE
2981,1250000,1035000,0,FALSE
2986,-1200000,985000,0,FALSE
3004,-150000,985000,0,FALSE
3008,50000,985000,0,FALSE
3012,250000,985000,0,FALSE
3016,450000,985000,0,FALSE
3020,650000,985000,0,FALSE
3036,-950000,935000,0,FALSE
3038,-850000,935000,0,FALSE
3043,-600000,935000,0,FALSE
3048,-350000,935000,0,FALSE
3050,-250000,935000,0,FALSE
3068,650000,935000,0,FALSE
3082,1350000,935000,0,FALSE
3090,-600000,885000,0,FALSE
3093,-450000,885000,0,FALSE
3104,100000,885000,0,FALSE
3113,550000,885000,0,FALSE
3115,650000,885000,0,FALSE
3132,-800000,835000,0,FALSE
3152,200000,835000,0,FALSE
3178,-850000,785000,0,FALSE
3218,1500000,785000,0,FALSE
3240,350000,735000,0,FALSE
3244,550000,735000,0,FALSE
3245,600000,735000,0,FALSE
3272,600000,685000,0,FALSE
3282,-400000,635000,0,FALSE
3298,-450000,585000,0,FALSE
3301,-300000,585000,0,FALSE
3342,-200000,435000,0,FALSE
18,-1650000,3085000,2,TRUE
29,-1700000,3035000,0,FALSE
66,-2150000,2935000,0,FALSE
84,-1250000,2935000,1,TRUE
146,-50000,2885000,1,TRUE
152,2050000,2885000,27,TRUE
162,-1800000,2835000,0,FALSE
172,-1300000,2835000,0,TRUE
177,-1050000,2835000,0,FALSE
186,-600000,2835000,0,FALSE
219,-1900000,2785000,0,FALSE
236,-1050000,2785000,0,FALSE
237,-1000000,2785000,0,FALSE
269,1950000,2785000,3,TRUE
270,2000000,2785000,27,TRUE
300,-1000000,2735000,0,FALSE
321,50000,2735000,0,TRUE
322,100000,2735000,0,TRUE
426,-1500000,2635000,0,TRUE
434,-1100000,2635000,0,FALSE
435,-1050000,2635000,0,FALSE
438,-900000,2635000,0,FALSE
457,50000,2635000,0,FALSE
461,250000,2635000,0,TRUE
490,-2100000,2585000,0,FALSE
514,-900000,2585000,0,FALSE
538,300000,2585000,0,TRUE
574,-1750000,2535000,0,FALSE
611,100000,2535000,0,FALSE
667,-1000000,2485000,0,FALSE
687,0,2485000,0,FALSE
689,100000,2485000,0,FALSE
706,950000,2485000,0,FALSE
707,1000000,2485000,0,FALSE
731,-1700000,2435000,0,FALSE
764,-50000,2435000,0,FALSE
765,0,2435000,0,FALSE
780,750000,2435000,0,FALSE
817,-1350000,2385000,0,TRUE
847,150000,2385000,0,FALSE
851,350000,2385000,0,FALSE
861,850000,2385000,0,FALSE
862,900000,2385000,0,FALSE
864,1000000,2385000,0,FALSE
892,-1950000,2335000,0,FALSE
900,-1550000,2335000,0,FALSE
903,-1400000,2335000,0,TRUE
916,-750000,2335000,0,FALSE
939,400000,2335000,0,FALSE
978,-1950000,2285000,0,FALSE
988,-1450000,2285000,0,FALSE
1017,0,2285000,0,FALSE
1021,200000,2285000,0,FALSE
1022,250000,2285000,0,FALSE
1023,300000,2285000,0,FALSE
1034,900000,2285000,0,FALSE
1060,-2000000,2235000,0,FALSE
1070,-1500000,2235000,0,FALSE
1078,-1100000,2235000,0,FALSE
1089,-550000,2235000,0,FALSE
1105,250000,2235000,0,FALSE
1126,1500000,2235000,0,FALSE
1146,-1900000,2185000,0,FALSE
1150,-1700000,2185000,0,FALSE
1164,-1000000,2185000,0,FALSE
1194,500000,2185000,0,FALSE
1238,-1400000,2135000,0,FALSE
1271,250000,2135000,0,FALSE
1362,550000,2085000,0,FALSE
1422,-650000,2035000,0,FALSE
1436,50000,2035000,0,FALSE
1437,100000,2035000,0,FALSE
1445,500000,2035000,0,FALSE
1460,1250000,2035000,0,FALSE
1480,-1950000,1985000,0,FALSE
1487,-1600000,1985000,0,FALSE
1494,-1250000,1985000,0,FALSE
1512,-350000,1985000,0,FALSE
1513,-300000,1985000,0,FALSE
1531,600000,1985000,0,FALSE
1563,-1950000,1935000,0,FALSE
1572,-1500000,1935000,0,FALSE
1601,-50000,1935000,0,FALSE
1611,450000,1935000,0,FALSE
1648,-1850000,1885000,0,FALSE
1694,450000,1885000,0,FALSE
1695,500000,1885000,0,FALSE
1697,600000,1885000,0,FALSE
1729,-1900000,1835000,0,FALSE
1768,50000,1835000,0,FALSE
1769,100000,1835000,0,FALSE
1776,450000,1835000,0,FALSE
1777,500000,1835000,0,FALSE
1871,1100000,1785000,0,FALSE
1875,1300000,1785000,0,FALSE
1888,-2100000,1735000,0,FALSE
1935,250000,1735000,0,FALSE
1996,-750000,1685000,0,FALSE
1999,-600000,1685000,0,FALSE
2005,-300000,1685000,0,FALSE
2011,0,1685000,0,FALSE
2016,250000,1685000,0,FALSE
2022,550000,1685000,0,FALSE
2043,1600000,1685000,0,FALSE
2082,-450000,1635000,0,FALSE
2105,700000,1635000,0,FALSE
2106,750000,1635000,0,FALSE
2107,800000,1635000,0,FALSE
2123,1600000,1635000,0,FALSE
2125,1700000,1635000,0,FALSE
2182,500000,1585000,0,FALSE
2183,550000,1585000,0,FALSE
2188,800000,1585000,0,FALSE
2205,1650000,1585000,0,FALSE
2263,450000,1535000,0,FALSE
2264,500000,1535000,0,FALSE
2268,700000,1535000,0,FALSE
2274,1000000,1535000,0,FALSE
2277,1150000,1535000,0,FALSE
2282,1400000,1535000,0,FALSE
2283,1450000,1535000,0,FALSE
2289,1750000,1535000,0,FALSE
2309,-1350000,1485000,0,FALSE
2338,100000,1485000,0,FALSE
2343,350000,1485000,0,FALSE
2365,1450000,1485000,0,FALSE
2382,-1600000,1435000,0,FALSE
2399,-750000,1435000,0,FALSE
2401,-650000,1435000,0,FALSE
2402,-600000,1435000,0,FALSE
2404,-500000,1435000,0,FALSE
2428,700000,1435000,0,FALSE
2439,1250000,1435000,0,FALSE
2440,1300000,1435000,0,FALSE
2446,1600000,1435000,0,FALSE
2447,1650000,1435000,0,FALSE
2456,-1750000,1385000,0,FALSE
2471,-1000000,1385000,0,FALSE
2481,-500000,1385000,0,FALSE
2482,-450000,1385000,0,FALSE
2484,-350000,1385000,0,FALSE
2495,200000,1385000,0,FALSE
2508,850000,1385000,0,FALSE
2520,1450000,1385000,0,FALSE
2558,-400000,1335000,0,FALSE
2569,150000,1335000,0,FALSE
2576,500000,1335000,0,FALSE
2580,700000,1335000,0,FALSE
2607,-1550000,1285000,0,FALSE
2627,-550000,1285000,0,FALSE
2630,-400000,1285000,0,FALSE
2642,200000,1285000,0,FALSE
2647,450000,1285000,0,FALSE
2650,600000,1285000,0,FALSE
2708,50000,1235000,0,FALSE
2712,250000,1235000,0,FALSE
2716,450000,1235000,0,FALSE
2718,550000,1235000,0,FALSE
2731,1200000,1235000,0,FALSE
2743,-1500000,1185000,0,FALSE
2764,-450000,1185000,0,FALSE
2765,-400000,1185000,0,FALSE
2787,700000,1185000,0,FALSE
2789,800000,1185000,0,FALSE
2812,-1250000,1135000,0,FALSE
2828,-450000,1135000,0,FALSE
2830,-350000,1135000,0,FALSE
2837,0,1135000,0,FALSE
2846,450000,1135000,0,FALSE
2855,900000,1135000,0,FALSE
2874,-1200000,1085000,0,FALSE
2876,-1100000,1085000,0,FALSE
2889,-450000,1085000,0,FALSE
2912,700000,1085000,0,FALSE
2920,1100000,1085000,0,FALSE
2923,1250000,1085000,0,FALSE
2941,-750000,1035000,0,FALSE
2943,-650000,1035000,0,FALSE
2968,600000,1035000,0,FALSE
3010,150000,985000,0,FALSE
3013,300000,985000,0,FALSE
3025,900000,985000,0,FALSE
3037,-900000,935000,0,FALSE
3041,-700000,935000,0,FALSE
3042,-650000,935000,0,FALSE
3044,-550000,935000,0,FALSE
3045,-500000,935000,0,FALSE
3060,250000,935000,0,FALSE
3072,850000,935000,0,FALSE
3074,950000,935000,0,FALSE
3114,600000,885000,0,FALSE
3118,800000,885000,0,FALSE
3126,1200000,885000,0,FALSE
3138,-500000,835000,0,FALSE
3140,-400000,835000,0,FALSE
3153,250000,835000,0,FALSE
3210,1050000,785000,0,FALSE
3243,500000,735000,0,FALSE
3264,-50000,685000,0,FALSE
3265,0,685000,0,FALSE
3284,-300000,635000,0,FALSE
3318,-250000,535000,0,FALSE
76,-1650000,2935000,25,TRUE
85,-1200000,2935000,0,FALSE
114,-1650000,2885000,0,FALSE
118,-1450000,2885000,5,TRUE
139,-400000,2885000,0,FALSE
160,-1900000,2835000,0,FALSE
163,-1750000,2835000,0,FALSE
188,-500000,2835000,0,FALSE
190,-400000,2835000,0,FALSE
191,-350000,2835000,0,FALSE
204,300000,2835000,5,TRUE
205,400000,2835000,4,TRUE
211,2150000,2835000,4,TRUE
220,-1850000,2785000,0,FALSE
279,-2050000,2735000,0,FALSE
308,-600000,2735000,0,FALSE
314,-300000,2735000,0,FALSE
324,200000,2735000,1,TRUE
355,-1450000,2685000,0,TRUE
362,-1100000,2685000,0,FALSE
363,-1050000,2685000,0,FALSE
374,-500000,2685000,0,FALSE
375,-450000,2685000,0,FALSE
377,-350000,2685000,0,FALSE
384,0,2685000,1,TRUE
392,400000,2685000,0,TRUE
395,550000,2685000,1,TRUE
445,-550000,2635000,0,FALSE
460,200000,2635000,0,TRUE
510,-1100000,2585000,0,FALSE
519,-650000,2585000,0,FALSE
525,-350000,2585000,0,FALSE
529,-150000,2585000,0,FALSE
532,0,2585000,0,FALSE
534,100000,2585000,0,FALSE
539,350000,2585000,0,TRUE
575,-1700000,2535000,0,FALSE
576,-1650000,2535000,0,FALSE
580,-1450000,2535000,0,TRUE
581,-1400000,2535000,3,TRUE
601,-400000,2535000,0,FALSE
607,-100000,2535000,0,FALSE
609,0,2535000,0,FALSE
617,400000,2535000,0,FALSE
656,-1550000,2485000,0,TRUE
674,-650000,2485000,0,FALSE
686,-50000,2485000,0,FALSE
694,350000,2485000,0,FALSE
734,-1550000,2435000,2,TRUE
737,-1400000,2435000,10,TRUE
744,-1050000,2435000,0,FALSE
745,-1000000,2435000,0,FALSE
766,50000,2435000,0,FALSE
767,100000,2435000,0,FALSE
768,150000,2435000,0,FALSE
790,1700000,2435000,1,TRUE
818,-1300000,2385000,0,TRUE
824,-1000000,2385000,0,FALSE
827,-850000,2385000,0,FALSE
833,-550000,2385000,0,FALSE
844,0,2385000,0,FALSE
860,800000,2385000,0,FALSE
865,1050000,2385000,0,FALSE
890,-2050000,2335000,0,FALSE
946,800000,2335000,0,FALSE
952,1100000,2335000,0,FALSE
960,1700000,2335000,0,FALSE
984,-1650000,2285000,0,FALSE
994,-1150000,2285000,5,TRUE
998,-950000,2285000,0,FALSE
1007,-500000,2285000,0,FALSE
1008,-450000,2285000,0,FALSE
1014,-150000,2285000,0,FALSE
1069,-1550000,2235000,0,FALSE
1085,-750000,2235000,0,FALSE
1087,-650000,2235000,0,FALSE
1091,-450000,2235000,0,FALSE
1136,2000000,2235000,0,FALSE
1144,-2000000,2185000,0,FALSE
1159,-1250000,2185000,6,TRUE
1165,-950000,2185000,0,FALSE
1169,-750000,2185000,0,FALSE
1174,-500000,2185000,0,FALSE
1176,-400000,2185000,0,FALSE
1224,-2100000,2135000,0,FALSE
1233,-1650000,2135000,0,FALSE
1247,-950000,2135000,0,FALSE
1255,-550000,2135000,0,FALSE
1269,150000,2135000,0,FALSE
1319,-1600000,2085000,0,FALSE
1321,-1500000,2085000,0,FALSE
1333,-900000,2085000,0,FALSE
1342,-450000,2085000,0,FALSE
1349,-100000,2085000,0,FALSE
1361,500000,2085000,0,FALSE
1369,900000,2085000,0,FALSE
1397,-1900000,2035000,0,FALSE
1425,-500000,2035000,0,FALSE
1426,-450000,2035000,0,FALSE
1430,-250000,2035000,0,FALSE
1500,-950000,1985000,0,FALSE
1509,-500000,1985000,0,FALSE
1516,-150000,1985000,0,FALSE
1523,200000,1985000,0,FALSE
1524,250000,1985000,0,FALSE
1526,350000,1985000,0,FALSE
1532,650000,1985000,0,FALSE
1533,700000,1985000,0,FALSE
1535,800000,1985000,0,FALSE
1536,850000,1985000,0,FALSE
1574,-1400000,1935000,0,FALSE
1579,-1150000,1935000,0,FALSE
1592,-500000,1935000,0,FALSE
1598,-200000,1935000,0,FALSE
1649,-1800000,1885000,0,FALSE
1658,-1350000,1885000,0,FALSE
1682,-150000,1885000,0,FALSE
1683,-100000,1885000,0,FALSE
1684,-50000,1885000,0,FALSE
1690,250000,1885000,0,FALSE
1706,1050000,1885000,0,FALSE
1707,1100000,1885000,0,FALSE
1738,-1450000,1835000,0,FALSE
1753,-700000,1835000,0,FALSE
1755,-600000,1835000,0,FALSE
1765,-100000,1835000,0,FALSE
1771,200000,1835000,0,FALSE
1775,400000,1835000,0,FALSE
1778,550000,1835000,0,FALSE
1790,1150000,1835000,0,FALSE
1793,1300000,1835000,0,FALSE
1818,-1550000,1785000,0,FALSE
1838,-550000,1785000,0,FALSE
1846,-150000,1785000,0,FALSE
1857,400000,1785000,0,FALSE
1868,950000,1785000,0,FALSE
1870,1050000,1785000,0,FALSE
1933,150000,1735000,0,FALSE
1947,850000,1735000,0,FALSE
1951,1050000,1735000,0,FALSE
1953,1150000,1735000,0,FALSE
1955,1250000,1735000,0,FALSE
1956,1300000,1735000,0,FALSE
1970,-2050000,1685000,0,FALSE
2003,-400000,1685000,0,FALSE
2006,-250000,1685000,0,FALSE
2008,-150000,1685000,0,FALSE
2013,100000,1685000,0,FALSE
2019,400000,1685000,0,FALSE
2024,650000,1685000,0,FALSE
2044,1650000,1685000,0,FALSE
2083,-400000,1635000,0,FALSE
2085,-300000,1635000,0,FALSE
2087,-200000,1635000,0,FALSE
2095,200000,1635000,0,FALSE
2096,250000,1635000,0,FALSE
2098,350000,1635000,0,FALSE
2121,1500000,1635000,0,FALSE
2124,1650000,1635000,0,FALSE
2134,-1900000,1585000,0,FALSE
2146,-1300000,1585000,0,FALSE
2162,-500000,1585000,0,FALSE
2174,100000,1585000,0,FALSE
2176,200000,1585000,0,FALSE
2181,450000,1585000,0,FALSE
2190,900000,1585000,0,FALSE
2191,950000,1585000,0,FALSE
2204,1600000,1585000,0,FALSE
2224,-1500000,1535000,0,FALSE
2227,-1350000,1535000,0,FALSE
2234,-1000000,1535000,0,FALSE
2244,-500000,1535000,0,FALSE
2249,-250000,1535000,0,FALSE
2252,-100000,1535000,0,FALSE
2269,750000,1535000,0,FALSE
2302,-1700000,1485000,0,FALSE
2305,-1550000,1485000,0,FALSE
2341,250000,1485000,0,FALSE
2346,500000,1485000,0,FALSE
2355,950000,1485000,0,FALSE
2413,-50000,1435000,0,FALSE
2445,1550000,1435000,0,FALSE
2473,-900000,1385000,0,FALSE
2479,-600000,1385000,0,FALSE
2492,50000,1385000,0,FALSE
2499,400000,1385000,0,FALSE
2504,650000,1385000,0,FALSE
2522,1550000,1385000,0,FALSE
2565,-50000,1335000,0,FALSE
2570,200000,1335000,0,FALSE
2594,1400000,1335000,0,FALSE
2626,-600000,1285000,0,FALSE
2635,-150000,1285000,0,FALSE
2640,100000,1285000,0,FALSE
2662,1200000,1285000,0,FALSE
2717,500000,1235000,0,FALSE
2723,800000,1235000,0,FALSE
2725,900000,1235000,0,FALSE
2727,1000000,1235000,0,FALSE
2767,-300000,1185000,0,FALSE
2774,50000,1185000,0,FALSE
2778,250000,1185000,0,FALSE
2780,350000,1185000,0,FALSE
2785,600000,1185000,0,FALSE
2797,1200000,1185000,0,FALSE
2800,1350000,1185000,0,FALSE
2826,-550000,1135000,0,FALSE
2827,-500000,1135000,0,FALSE
2841,200000,1135000,0,FALSE
2854,850000,1135000,0,FALSE
2879,-950000,1085000,0,FALSE
2886,-600000,1085000,0,FALSE
2918,1000000,1085000,0,FALSE
2964,400000,1035000,0,FALSE
2969,650000,1035000,0,FALSE
2973,850000,1035000,0,FALSE
2978,1100000,1035000,0,FALSE
2990,-850000,985000,0,FALSE
2992,-750000,985000,0,FALSE
2993,-700000,985000,0,FALSE
3021,700000,985000,0,FALSE
3026,950000,985000,0,FALSE
3027,1000000,985000,0,FALSE
3028,1050000,985000,0,FALSE
3040,-750000,935000,0,FALSE
3067,600000,935000,0,FALSE
3077,1100000,935000,0,FALSE
3080,1250000,935000,0,FALSE
3108,300000,885000,0,FALSE
3110,400000,885000,0,FALSE
3112,500000,885000,0,FALSE
3169,1050000,835000,0,FALSE
3173,1250000,835000,0,FALSE
3262,-150000,685000,0,FALSE
3263,-100000,685000,0,FALSE
3310,1400000,585000,0,FALSE
3315,-400000,535000,0,FALSE
3330,-250000,485000,0,FALSE
3340,-300000,435000,0,FALSE
38,2100000,3035000,3,TRUE
48,-1650000,2985000,9,TRUE
65,2150000,2985000,6,TRUE
88,-1050000,2935000,0,FALSE
125,-1100000,2885000,0,FALSE
126,-1050000,2885000,0,FALSE
128,-950000,2885000,0,FALSE
131,-800000,2885000,0,FALSE
138,-450000,2885000,0,FALSE
145,-100000,2885000,0,TRUE
148,50000,2885000,0,TRUE
154,2150000,2885000,9,TRUE
176,-1100000,2835000,0,FALSE
179,-950000,2835000,0,FALSE
187,-550000,2835000,0,FALSE
199,50000,2835000,3,TRUE
200,100000,2835000,1,TRUE
224,-1650000,2785000,0,TRUE
256,-50000,2785000,1,TRUE
286,-1700000,2735000,0,TRUE
298,-1100000,2735000,0,FALSE
299,-1050000,2735000,0,FALSE
301,-950000,2735000,0,FALSE
310,-500000,2735000,0,FALSE
320,0,2735000,5,TRUE
329,550000,2735000,0,TRUE
335,2050000,2735000,2,TRUE
347,-1850000,2685000,0,FALSE
348,-1800000,2685000,0,TRUE
361,-1150000,2685000,0,FALSE
365,-950000,2685000,0,FALSE
370,-700000,2685000,0,FALSE
378,-300000,2685000,0,FALSE
380,-200000,2685000,0,FALSE
394,500000,2685000,0,TRUE
397,650000,2685000,0,TRUE
447,-450000,2635000,0,FALSE
452,-200000,2635000,0,FALSE
503,-1450000,2585000,0,TRUE
583,-1300000,2535000,3,TRUE
599,-500000,2535000,0,FALSE
675,-600000,2485000,0,FALSE
682,-250000,2485000,0,FALSE
698,550000,2485000,0,FALSE
699,600000,2485000,0,FALSE
726,-1950000,2435000,0,FALSE
743,-1100000,2435000,0,FALSE
760,-250000,2435000,0,FALSE
761,-200000,2435000,0,FALSE
777,600000,2435000,0,FALSE
779,700000,2435000,0,FALSE
814,-1500000,2385000,0,TRUE
837,-350000,2385000,0,FALSE
902,-1450000,2335000,0,TRUE
989,-1400000,2285000,1,TRUE
992,-1250000,2285000,8,TRUE
993,-1200000,2285000,9,TRUE
1019,100000,2285000,0,FALSE
1062,-1900000,2235000,0,FALSE
1064,-1800000,2235000,0,FALSE
1065,-1750000,2235000,0,FALSE
1067,-1650000,2235000,0,FALSE
1073,-1350000,2235000,1,TRUE
1079,-1050000,2235000,0,FALSE
1095,-250000,2235000,0,FALSE
1102,100000,2235000,0,FALSE
1106,300000,2235000,0,FALSE
1107,350000,2235000,0,FALSE
1109,450000,2235000,0,FALSE
1145,-1950000,2185000,0,FALSE
1166,-900000,2185000,0,FALSE
1167,-850000,2185000,0,FALSE
1185,50000,2185000,0,FALSE
1231,-1750000,2135000,0,FALSE
1236,-1500000,2135000,0,FALSE
1254,-600000,2135000,0,FALSE
1258,-400000,2135000,0,FALSE
1268,100000,2135000,0,FALSE
1314,-1850000,2085000,0,FALSE
1315,-1800000,2085000,0,FALSE
1316,-1750000,2085000,0,FALSE
1317,-1700000,2085000,0,FALSE
1323,-1400000,2085000,0,FALSE
1337,-700000,2085000,0,FALSE
1339,-600000,2085000,0,FALSE
1401,-1700000,2035000,0,FALSE
1403,-1600000,2035000,0,FALSE
1427,-400000,2035000,0,FALSE
1438,150000,2035000,0,FALSE
1452,850000,2035000,0,FALSE
1491,-1400000,1985000,0,FALSE
1520,50000,1985000,0,FALSE
1521,100000,1985000,0,FALSE
1522,150000,1985000,0,FALSE
1575,-1350000,1935000,0,FALSE
1589,-650000,1935000,0,FALSE
1590,-600000,1935000,0,FALSE
1597,-250000,1935000,0,FALSE
1607,250000,1935000,0,FALSE
1613,550000,1935000,0,FALSE
1651,-1700000,1885000,0,FALSE
1657,-1400000,1885000,0,FALSE
1685,0,1885000,0,FALSE
1711,1300000,1885000,0,FALSE
1736,-1550000,1835000,0,FALSE
1757,-500000,1835000,0,FALSE
1762,-250000,1835000,0,FALSE
1770,150000,1835000,0,FALSE
1792,1250000,1835000,0,FALSE
1827,-1100000,1785000,0,FALSE
1854,250000,1785000,0,FALSE
1979,-1600000,1685000,0,FALSE
2001,-500000,1685000,0,FALSE
2014,150000,1685000,0,FALSE
2028,850000,1685000,0,FALSE
2029,900000,1685000,0,FALSE
2030,950000,1685000,0,FALSE
2059,-1600000,1635000,0,FALSE
2078,-650000,1635000,0,FALSE
2091,0,1635000,0,FALSE
2109,900000,1635000,0,FALSE
2111,1000000,1635000,0,FALSE
2152,-1000000,1585000,0,FALSE
2165,-350000,1585000,0,FALSE
2166,-300000,1585000,0,FALSE
2173,50000,1585000,0,FALSE
2187,750000,1585000,0,FALSE
2193,1050000,1585000,0,FALSE
2276,1100000,1535000,0,FALSE
2300,-1800000,1485000,0,FALSE
2322,-700000,1485000,0,FALSE
2334,-100000,1485000,0,FALSE
2347,550000,1485000,0,FALSE
2351,750000,1485000,0,FALSE
2368,1600000,1485000,0,FALSE
2400,-700000,1435000,0,FALSE
2410,-200000,1435000,0,FALSE
2431,850000,1435000,0,FALSE
2444,1500000,1435000,0,FALSE
2478,-650000,1385000,0,FALSE
2490,-50000,1385000,0,FALSE
2500,450000,1385000,0,FALSE
2501,500000,1385000,0,FALSE
2503,600000,1385000,0,FALSE
2506,750000,1385000,0,FALSE
2543,-1150000,1335000,0,FALSE
2548,-900000,1335000,0,FALSE
2549,-850000,1335000,0,FALSE
2574,400000,1335000,0,FALSE
2578,600000,1335000,0,FALSE
2649,550000,1285000,0,FALSE
2651,650000,1285000,0,FALSE
2663,1250000,1285000,0,FALSE
2668,1500000,1285000,0,FALSE
2689,-900000,1235000,0,FALSE
2701,-300000,1235000,0,FALSE
2711,200000,1235000,0,FALSE
2715,400000,1235000,0,FALSE
2721,700000,1235000,0,FALSE
2740,-1650000,1185000,0,FALSE
2779,300000,1185000,0,FALSE
2788,750000,1185000,0,FALSE
2793,1000000,1185000,0,FALSE
2820,-850000,1135000,0,FALSE
2822,-750000,1135000,0,FALSE
2825,-600000,1135000,0,FALSE
2849,600000,1135000,0,FALSE
2851,700000,1135000,0,FALSE
2852,750000,1135000,0,FALSE
2875,-1150000,1085000,0,FALSE
2877,-1050000,1085000,0,FALSE
2884,-700000,1085000,0,FALSE
2887,-550000,1085000,0,FALSE
2933,-1150000,1035000,0,FALSE
2935,-1050000,1035000,0,FALSE
2942,-700000,1035000,0,FALSE
2962,300000,1035000,0,FALSE
2971,750000,1035000,0,FALSE
2974,900000,1035000,0,FALSE
2997,-500000,985000,0,FALSE
3024,850000,985000,0,FALSE
3030,1150000,985000,0,FALSE
3070,750000,935000,0,FALSE
3155,350000,835000,0,FALSE
3212,1200000,785000,0,FALSE
3239,300000,735000,0,FALSE
3271,550000,685000,0,FALSE
3283,-350000,635000,0,FALSE
3360,1500000,335000,0,FALSE
75,-1700000,2935000,0,FALSE
103,2150000,2935000,13,TRUE
123,-1200000,2885000,0,FALSE
195,-150000,2835000,1,TRUE
198,0,2835000,1,TRUE
228,-1450000,2785000,1,TRUE
244,-650000,2785000,0,FALSE
246,-550000,2785000,0,FALSE
247,-500000,2785000,0,FALSE
249,-400000,2785000,0,FALSE
251,-300000,2785000,0,FALSE
261,200000,2785000,0,TRUE
285,-1750000,2735000,0,TRUE
305,-750000,2735000,0,FALSE
307,-650000,2735000,0,FALSE
315,-250000,2735000,0,FALSE
316,-200000,2735000,0,FALSE
371,-650000,2685000,0,FALSE
381,-150000,2685000,0,FALSE
420,-1800000,2635000,0,FALSE
427,-1450000,2635000,0,TRUE
453,-150000,2635000,0,FALSE
521,-550000,2585000,0,FALSE
526,-300000,2585000,0,FALSE
531,-50000,2585000,0,FALSE
545,650000,2585000,0,TRUE
548,800000,2585000,0,TRUE
551,950000,2585000,0,TRUE
593,-800000,2535000,0,FALSE
598,-550000,2535000,0,FALSE
600,-450000,2535000,0,FALSE
613,200000,2535000,0,FALSE
629,1000000,2535000,0,FALSE
652,-1750000,2485000,0,FALSE
746,-950000,2435000,0,FALSE
759,-300000,2435000,0,FALSE
773,400000,2435000,0,FALSE
774,450000,2435000,0,FALSE
809,-1750000,2385000,0,FALSE
858,700000,2385000,0,FALSE
910,-1050000,2335000,0,FALSE
914,-850000,2335000,0,FALSE
917,-700000,2335000,0,FALSE
945,750000,2335000,0,FALSE
985,-1600000,2285000,0,FALSE
1000,-850000,2285000,0,FALSE
1012,-250000,2285000,0,FALSE
1061,-1950000,2235000,0,FALSE
1074,-1300000,2235000,0,TRUE
1077,-1150000,2235000,1,TRUE
1092,-400000,2235000,0,FALSE
1098,-100000,2235000,0,FALSE
1100,0,2235000,0,FALSE
1148,-1800000,2185000,0,FALSE
1184,0,2185000,0,FALSE
1186,100000,2185000,0,FALSE
1189,250000,2185000,0,FALSE
1257,-450000,2135000,0,FALSE
1264,-100000,2135000,0,FALSE
1348,-150000,2085000,0,FALSE
1357,300000,2085000,0,FALSE
1404,-1550000,2035000,0,FALSE
1433,-100000,2035000,0,FALSE
1454,950000,2035000,0,FALSE
1485,-1700000,1985000,0,FALSE
1488,-1550000,1985000,0,FALSE
1489,-1500000,1985000,0,FALSE
1507,-600000,1985000,0,FALSE
1511,-400000,1985000,0,FALSE
1517,-100000,1985000,0,FALSE
1595,-350000,1935000,0,FALSE
1610,400000,1935000,0,FALSE
1628,1300000,1935000,0,FALSE
1653,-1600000,1885000,0,FALSE
1654,-1550000,1885000,0,FALSE
1672,-650000,1885000,0,FALSE
1675,-500000,1885000,0,FALSE
1676,-450000,1885000,0,FALSE
1677,-400000,1885000,0,FALSE
1678,-350000,1885000,0,FALSE
1692,350000,1885000,0,FALSE
1698,650000,1885000,0,FALSE
1741,-1300000,1835000,0,FALSE
1758,-450000,1835000,0,FALSE
1760,-350000,1835000,0,FALSE
1761,-300000,1835000,0,FALSE
1766,-50000,1835000,0,FALSE
1866,850000,1785000,0,FALSE
1928,-100000,1735000,0,FALSE
1943,650000,1735000,0,FALSE
1944,700000,1735000,0,FALSE
1986,-1250000,1685000,0,FALSE
2012,50000,1685000,0,FALSE
2036,1250000,1685000,0,FALSE
2077,-700000,1635000,0,FALSE
2093,100000,1635000,0,FALSE
2112,1050000,1635000,0,FALSE
2145,-1350000,1585000,0,FALSE
2149,-1150000,1585000,0,FALSE
2169,-150000,1585000,0,FALSE
2243,-550000,1535000,0,FALSE
2255,50000,1535000,0,FALSE
2256,100000,1535000,0,FALSE
2260,300000,1535000,0,FALSE
2262,400000,1535000,0,FALSE
2316,-1000000,1485000,0,FALSE
2332,-200000,1485000,0,FALSE
2369,1650000,1485000,0,FALSE
2403,-550000,1435000,0,FALSE
2409,-250000,1435000,0,FALSE
2425,550000,1435000,0,FALSE
2435,1050000,1435000,0,FALSE
2517,1300000,1385000,0,FALSE
2566,0,1335000,0,FALSE
2568,100000,1335000,0,FALSE
2579,650000,1335000,0,FALSE
2596,1500000,1335000,0,FALSE
2622,-800000,1285000,0,FALSE
2623,-750000,1285000,0,FALSE
2632,-300000,1285000,0,FALSE
2648,500000,1285000,0,FALSE
2693,-700000,1235000,0,FALSE
2694,-650000,1235000,0,FALSE
2722,750000,1235000,0,FALSE
2753,-1000000,1185000,0,FALSE
2783,500000,1185000,0,FALSE
2798,1250000,1185000,0,FALSE
2801,1400000,1185000,0,FALSE
2821,-800000,1135000,0,FALSE
2843,300000,1135000,0,FALSE
2847,500000,1135000,0,FALSE
2861,1200000,1135000,0,FALSE
2907,450000,1085000,0,FALSE
2921,1150000,1085000,0,FALSE
2970,700000,1035000,0,FALSE
2972,800000,1035000,0,FALSE
3015,400000,985000,0,FALSE
3017,500000,985000,0,FALSE
3032,1250000,985000,0,FALSE
3066,550000,935000,0,FALSE
3131,-850000,835000,0,FALSE
3208,650000,785000,0,FALSE
3246,650000,735000,0,FALSE
3268,150000,685000,0,FALSE
3299,-400000,585000,0,FALSE
3312,1500000,585000,0,FALSE
133,-700000,2885000,0,FALSE
140,-350000,2885000,0,FALSE
178,-1000000,2835000,0,FALSE
196,-100000,2835000,0,TRUE
250,-350000,2785000,0,FALSE
260,150000,2785000,1,TRUE
284,-1800000,2735000,0,FALSE
304,-800000,2735000,0,FALSE
313,-350000,2735000,0,FALSE
323,150000,2735000,0,TRUE
359,-1250000,2685000,1,TRUE
393,450000,2685000,0,TRUE
443,-650000,2635000,0,FALSE
523,-450000,2585000,0,FALSE
578,-1550000,2535000,1,TRUE
582,-1350000,2535000,3,TRUE
592,-850000,2535000,0,FALSE
595,-700000,2535000,0,FALSE
618,450000,2535000,0,FALSE
681,-300000,2485000,0,FALSE
683,-200000,2485000,0,FALSE
685,-100000,2485000,0,FALSE
730,-1750000,2435000,0,FALSE
750,-750000,2435000,0,FALSE
758,-350000,2435000,0,FALSE
762,-150000,2435000,0,FALSE
763,-100000,2435000,0,FALSE
811,-1650000,2385000,0,FALSE
838,-300000,2385000,0,FALSE
841,-150000,2385000,0,FALSE
845,50000,2385000,0,FALSE
899,-1600000,2335000,0,FALSE
923,-400000,2335000,0,FALSE
924,-350000,2335000,0,FALSE
931,0,2335000,0,FALSE
980,-1850000,2285000,0,FALSE
981,-1800000,2285000,0,FALSE
1002,-750000,2285000,0,FALSE
1004,-650000,2285000,0,FALSE
1006,-550000,2285000,0,FALSE
1009,-400000,2285000,0,FALSE
1080,-1000000,2235000,0,FALSE
1084,-800000,2235000,0,FALSE
1094,-300000,2235000,0,FALSE
1149,-1750000,2185000,0,FALSE
1163,-1050000,2185000,0,FALSE
1180,-200000,2185000,0,FALSE
1229,-1850000,2135000,0,FALSE
1235,-1550000,2135000,0,FALSE
1250,-800000,2135000,0,FALSE
1251,-750000,2135000,0,FALSE
1259,-350000,2135000,0,FALSE
1263,-150000,2135000,0,FALSE
1331,-1000000,2085000,0,FALSE
1350,-50000,2085000,0,FALSE
1353,100000,2085000,0,FALSE
1405,-1500000,2035000,0,FALSE
1429,-300000,2035000,0,FALSE
1432,-150000,2035000,0,FALSE
1525,300000,1985000,0,FALSE
1568,-1700000,1935000,0,FALSE
1606,200000,1935000,0,FALSE
1656,-1450000,1885000,0,FALSE
1688,150000,1885000,0,FALSE
1759,-400000,1835000,0,FALSE
1767,0,1835000,0,FALSE
1773,300000,1835000,0,FALSE
1774,350000,1835000,0,FALSE
1842,-350000,1785000,0,FALSE
1845,-200000,1785000,0,FALSE
1862,650000,1785000,0,FALSE
1904,-1300000,1735000,0,FALSE
1921,-450000,1735000,0,FALSE
1930,0,1735000,0,FALSE
1997,-700000,1685000,0,FALSE
2092,50000,1635000,0,FALSE
2099,400000,1635000,0,FALSE
2168,-200000,1585000,0,FALSE
2331,-250000,1485000,0,FALSE
2345,450000,1485000,0,FALSE
2383,-1550000,1435000,0,FALSE
2391,-1150000,1435000,0,FALSE
2519,1400000,1385000,0,FALSE
2562,-200000,1335000,0,FALSE
2567,50000,1335000,0,FALSE
2646,400000,1285000,0,FALSE
2675,-1600000,1235000,0,FALSE
2685,-1100000,1235000,0,FALSE
2881,-850000,1085000,0,FALSE
2911,650000,1085000,0,FALSE
2922,1200000,1085000,0,FALSE
2982,1300000,1035000,0,FALSE
3154,300000,835000,0,FALSE
3172,1200000,835000,0,FALSE
3182,-650000,785000,0,FALSE
3204,450000,785000,0,FALSE
3241,400000,735000,0,FALSE
3273,650000,685000,0,FALSE
89,-1000000,2935000,0,FALSE
97,-600000,2935000,0,FALSE
124,-1150000,2885000,0,FALSE
134,-650000,2885000,0,FALSE
181,-850000,2835000,0,FALSE
182,-800000,2835000,0,FALSE
234,-1150000,2785000,0,FALSE
243,-700000,2785000,0,FALSE
258,50000,2785000,1,TRUE
446,-500000,2635000,0,FALSE
497,-1750000,2585000,0,FALSE
594,-750000,2535000,0,FALSE
602,-350000,2535000,0,FALSE
604,-250000,2535000,0,FALSE
671,-800000,2485000,0,FALSE
676,-550000,2485000,0,FALSE
754,-550000,2435000,0,FALSE
755,-500000,2435000,0,FALSE
823,-1050000,2385000,0,FALSE
836,-400000,2385000,0,FALSE
895,-1800000,2335000,0,FALSE
898,-1650000,2335000,0,FALSE
986,-1550000,2285000,0,FALSE
1076,-1200000,2235000,2,TRUE
1154,-1500000,2185000,0,FALSE
1168,-800000,2185000,0,FALSE
1173,-550000,2185000,0,FALSE
1175,-450000,2185000,0,FALSE
1187,150000,2185000,0,FALSE
1230,-1800000,2135000,0,FALSE
1232,-1700000,2135000,0,FALSE
1260,-300000,2135000,0,FALSE
1261,-250000,2135000,0,FALSE
1265,-50000,2135000,0,FALSE
1267,50000,2135000,0,FALSE
1332,-950000,2085000,0,FALSE
1345,-300000,2085000,0,FALSE
1406,-1450000,2035000,0,FALSE
1431,-200000,2035000,0,FALSE
1481,-1900000,1985000,0,FALSE
1564,-1900000,1935000,0,FALSE
1756,-550000,1835000,0,FALSE
1763,-200000,1835000,0,FALSE
1896,-1700000,1735000,0,FALSE
1923,-350000,1735000,0,FALSE
2067,-1200000,1635000,0,FALSE
2141,-1550000,1585000,0,FALSE
2163,-450000,1585000,0,FALSE
2178,300000,1585000,0,FALSE
2231,-1150000,1535000,0,FALSE
2245,-450000,1535000,0,FALSE
2372,1800000,1485000,0,FALSE
2621,-850000,1285000,0,FALSE
2639,50000,1285000,0,FALSE
2903,250000,1085000,0,FALSE
3018,550000,985000,0,FALSE
127,-1000000,2885000,0,FALSE
135,-600000,2885000,0,FALSE
192,-300000,2835000,0,FALSE
436,-1000000,2635000,0,FALSE
517,-750000,2585000,0,FALSE
522,-500000,2585000,0,FALSE
608,-50000,2535000,0,FALSE
672,-750000,2485000,0,FALSE
677,-500000,2485000,0,FALSE
757,-400000,2435000,0,FALSE
839,-250000,2385000,0,FALSE
915,-800000,2335000,0,FALSE
926,-250000,2335000,0,FALSE
1003,-700000,2285000,0,FALSE
1090,-500000,2235000,0,FALSE
1097,-150000,2235000,0,FALSE
1147,-1850000,2185000,0,FALSE
1156,-1400000,2185000,0,FALSE
1256,-500000,2135000,0,FALSE
1322,-1450000,2085000,0,FALSE
1442,350000,2035000,0,FALSE
1593,-450000,1935000,0,FALSE
1594,-400000,1935000,0,FALSE
1609,350000,1935000,0,FALSE
1689,200000,1885000,0,FALSE
1764,-150000,1835000,0,FALSE
1905,-1250000,1735000,0,FALSE
1926,-200000,1735000,0,FALSE
2061,-1500000,1635000,0,FALSE
2079,-600000,1635000,0,FALSE
2147,-1250000,1585000,0,FALSE
2232,-1100000,1535000,0,FALSE
2247,-350000,1535000,0,FALSE
2251,-150000,1535000,0,FALSE
2265,550000,1535000,0,FALSE
2312,-1200000,1485000,0,FALSE
2390,-1200000,1435000,0,FALSE
2467,-1200000,1385000,0,FALSE
2561,-250000,1335000,0,FALSE
2681,-1300000,1235000,0,FALSE
2719,600000,1235000,0,FALSE
113,-1700000,2885000,0,FALSE
183,-750000,2835000,0,FALSE
283,-1850000,2735000,0,FALSE
318,-100000,2735000,0,FALSE
368,-800000,2685000,0,FALSE
439,-850000,2635000,0,FALSE
524,-400000,2585000,0,FALSE
606,-150000,2535000,0,FALSE
825,-950000,2385000,0,FALSE
897,-1700000,2335000,0,FALSE
913,-900000,2335000,0,FALSE
1086,-700000,2235000,0,FALSE
1155,-1450000,2185000,0,FALSE
1320,-1550000,2085000,0,FALSE
1603,50000,1935000,0,FALSE
1813,-1800000,1785000,0,FALSE
1814,-1750000,1785000,0,FALSE
1844,-250000,1785000,0,FALSE
1920,-500000,1735000,0,FALSE
2060,-1550000,1635000,0,FALSE
2081,-500000,1635000,0,FALSE
2148,-1200000,1585000,0,FALSE
2229,-1250000,1535000,0,FALSE
2311,-1250000,1485000,0,FALSE
2326,-500000,1485000,0,FALSE
2545,-1050000,1335000,0,FALSE
2692,-750000,1235000,0,FALSE
2741,-1600000,1185000,0,FALSE
2807,-1500000,1135000,0,FALSE
132,-750000,2885000,0,FALSE
194,-200000,2835000,1,TRUE
302,-900000,2735000,0,FALSE
382,-100000,2685000,0,FALSE
516,-800000,2585000,0,FALSE
527,-250000,2585000,0,FALSE
927,-200000,2335000,0,FALSE
1001,-800000,2285000,0,FALSE
1066,-1700000,2235000,0,FALSE
1103,150000,2235000,0,FALSE
1344,-350000,2085000,0,FALSE
1428,-350000,2035000,0,FALSE
1674,-550000,1885000,0,FALSE
1681,-200000,1885000,0,FALSE
1839,-500000,1785000,0,FALSE
2004,-350000,1685000,0,FALSE
518,-700000,2585000,0,FALSE
749,-800000,2435000,0,FALSE
1063,-1850000,2235000,0,FALSE
1262,-200000,2135000,0,FALSE
1347,-200000,2085000,0,FALSE
1895,-1750000,1735000,0,FALSE
2405,-450000,1435000,0,FALSE
2704,-150000,1235000,0,FALSE
3352,-100000,385000,0,FALSE
