"site_id","model_i","cell50","cell100","year","psi_mean","psi_q025","psi_q975","lon","lat"
952,887,231,60,2019,0.408429983590776,0.225458280062825,0.630786436458413,-113.11209,47.08567
953,888,231,60,2019,0.134184106340109,0.0290212375759206,0.346200637779981,-113.05653,47.04922
954,889,231,60,2019,0.408429983590776,0.225458280062825,0.630786436458413,-113.08588,47.06378
955,890,231,60,2019,0.408429983590776,0.225458280062825,0.630786436458413,-113.09731,47.0879
956,891,231,60,2019,0.408429983590776,0.225458280062825,0.630786436458413,-113.09887,47.05159
957,892,231,60,2019,0.408429983590776,0.225458280062825,0.630786436458413,-113.0883,47.05059
958,893,231,60,2019,0.408429983590776,0.225458280062825,0.630786436458413,-113.07108,47.07802
959,894,231,60,2019,0.408429983590776,0.225458280062825,0.630786436458413,-113.08601,47.07802
960,895,231,60,2019,0.408429983590776,0.225458280062825,0.630786436458413,-113.07124,47.06007
961,896,231,60,2019,0.408429983590776,0.225458280062825,0.630786436458413,-113.10805,47.07014
962,897,231,60,2019,0.408429983590776,0.225458280062825,0.630786436458413,-113.09924,47.08127
963,898,231,60,2019,0.408429983590776,0.225458280062825,0.630786436458413,-113.09838,47.06623
964,899,231,60,2019,0.471287926705875,0.186891726519295,0.829160152096635,-113.05164,47.06229
965,900,231,60,2019,0.408429983590776,0.225458280062825,0.630786436458413,-113.08179,47.05593
966,901,231,60,2019,0.134184106340109,0.0290212375759206,0.346200637779981,-113.07418,47.04448
977,902,230,59,2019,2.05962869405055e-11,0,5.6664839487297e-12,-113.97896,46.86254
978,903,230,59,2019,7.96458946854063e-10,0,2.18355842573902e-09,-114.03002,46.82091
979,904,230,59,2019,2.05962869405055e-11,0,5.6664839487297e-12,-113.96255,46.87617
980,905,230,59,2019,7.96458946854063e-10,0,2.18355842573902e-09,-114.0057,46.83493
981,906,229,59,2019,1.76673271131405e-06,9.08002326105439e-10,1.39806899731336e-05,-114.06136,46.81736
982,907,229,59,2019,0.00107414368298722,4.78494991710709e-05,0.0045766036624934,-114.17403,46.89771
983,908,230,59,2019,2.30033809461056e-14,0,0,-114.06057,46.87191
984,909,230,59,2019,2.05962869405055e-11,0,5.6664839487297e-12,-113.97624,46.84881
985,910,230,59,2019,2.05962869405055e-11,0,5.6664839487297e-12,-113.97487,46.88117
986,911,230,59,2019,2.05962869405055e-11,0,5.6664839487297e-12,-113.99052,46.86875
987,912,230,59,2019,2.30033809461056e-14,0,0,-114.05781,46.86777
988,913,230,59,2019,7.96458946854063e-10,0,2.18355842573902e-09,-114.01799,46.81645
989,914,230,59,2019,2.05962869405055e-11,0,5.6664839487297e-12,-113.94162,46.86262
990,915,230,59,2019,7.96458946854063e-10,0,2.18355842573902e-09,-114.01406,46.81915
7904,916,657,170,2019,0.139829662163962,0.0298467971906635,0.355710821387036,-114.61059,43.85301
7905,917,657,170,2019,0.139829662163962,0.0298467971906635,0.355710821387036,-114.61117,43.83749
7906,918,657,170,2019,0.115027131073307,0.0211182340467737,0.312538845231944,-114.63296,43.87335
7907,919,657,170,2019,0.139829662163962,0.0298467971906635,0.355710821387036,-114.6235,43.82284
7908,920,657,170,2019,0.139829662163962,0.0298467971906635,0.355710821387036,-114.63902,43.83664
7909,921,657,170,2019,0.134680479601874,0.0265857816551921,0.353587787166864,-114.68813,43.88966
7910,922,657,170,2019,0.088830429214742,0.0166336019442806,0.243895873196713,-114.67992,43.9053
7911,923,657,170,2019,0.134680479601874,0.0265857816551921,0.353587787166864,-114.70593,43.87229
7912,924,735,211,2019,0.373363247582186,0.163907978250353,0.655673170645338,-114.5214,43.53206
7913,925,735,211,2019,0.774176865527694,0.485784636689056,0.977312026732012,-114.4926,43.49928
7914,926,735,211,2019,0.447923672944896,0.204829486011835,0.760736484113754,-114.49716,43.55942
7915,927,736,211,2019,0.135287979887497,0.0383885802326586,0.321946774023449,-114.4029,43.62649
7916,928,736,211,2019,0.420598235284136,0.207009728970994,0.691952434630878,-114.4136,43.61499
7917,929,735,211,2019,0.373363247582186,0.163907978250353,0.655673170645338,-114.51784,43.55825
7918,930,735,211,2019,0.447923672944896,0.204829486011835,0.760736484113754,-114.48647,43.54676
7919,931,736,211,2019,0.416663982519945,0.21040280525626,0.684309288990912,-114.4413,43.54587
7920,932,736,211,2019,0.420598235284136,0.207009728970994,0.691952434630878,-114.4318,43.58169
8011,933,736,211,2019,0.346544926576247,0.130434403598586,0.648757932385204,-114.25939,43.76833
8012,934,736,211,2019,0.486681328971799,0.225204960755358,0.797841032080586,-114.27441,43.7002
8013,935,736,211,2019,0.426384292560377,0.216013171609249,0.689127578698892,-114.2006,43.60068
8014,936,736,211,2019,0.27962695404944,0.0840874382859968,0.584417564084835,-114.22144,43.75554
8015,937,736,211,2019,0.27962695404944,0.0840874382859968,0.584417564084835,-114.2242,43.74519
8016,938,736,211,2019,0.233216446148216,0.0788510910033716,0.475083765095799,-114.22157,43.73635
8017,939,736,211,2019,0.486681328971799,0.225204960755358,0.797841032080586,-114.25973,43.71683
8018,940,736,211,2019,0.233216446148216,0.0788510910033716,0.475083765095799,-114.20373,43.69706
8019,941,736,211,2019,0.266473752578055,0.106762459769489,0.499228181082561,-114.22162,43.68891
8020,942,736,211,2019,0.278998114948472,0.0814361130703053,0.592850497080046,-114.14082,43.66397
8021,943,736,211,2019,0.278998114948472,0.0814361130703053,0.592850497080046,-114.16431,43.67903
10705,944,209,82,2019,0.992547027354865,0.935996755523359,0.999999999915186,-69.18176,45.95804
10706,945,209,82,2019,0.995798359066243,0.961174955834736,0.999999999998996,-69.203,46.03986
10707,946,209,82,2019,0.991484543594147,0.932173231479303,0.999999998819196,-69.17353,45.99082
10708,947,209,82,2019,0.995798359066243,0.961174955834736,0.999999999998996,-69.15558,46.04332
10709,948,209,82,2019,0.987938645552559,0.908299515821473,0.999999995074465,-69.13603,46.06262
10710,949,209,82,2019,0.995137109868889,0.954733816745283,0.999999999999694,-69.1049,46.07565
10711,950,209,82,2019,0.966863005351756,0.828953887888726,0.999994198763555,-69.1657,45.92609
11021,951,469,151,2019,0.0018294138794711,0.000109727448040853,0.00791144731419562,-87.5092,46.653
11022,952,469,151,2019,0.00869432271946144,0.00107275749961582,0.0290480157447286,-87.56389,46.63872
11026,953,469,151,2019,0.00869432271946144,0.00107275749961582,0.0290480157447286,-87.59091,46.64587
11028,954,469,151,2019,0.00869432271946144,0.00107275749961582,0.0290480157447286,-87.56915,46.65748
11127,955,469,151,2019,0.0582170661274107,0.014795743464456,0.139699170106604,-87.54876,46.60836
11170,956,469,151,2019,0.0582170661274107,0.014795743464456,0.139699170106604,-87.5507,46.62047
11690,957,324,109,2019,0.0154935192955544,0.00252727765146847,0.0460623826481778,-93.47453,47.66804
11691,958,324,109,2019,0.0207131622322169,0.00338760342888439,0.0620726672110187,-93.48549,47.61625
11692,959,324,109,2019,0.0202726552742453,0.00306743355683272,0.0625062921117298,-93.55992,47.65063
11693,960,324,109,2019,0.0154935192955544,0.00252727765146847,0.0460623826481778,-93.46603,47.64156
11694,961,324,109,2019,0.0207131622322169,0.00338760342888439,0.0620726672110187,-93.44607,47.59041
11695,962,324,109,2019,0.0153642016964457,0.0024879722395096,0.0461855979804585,-93.40393,47.59092
11696,963,324,109,2019,0.0243748626766179,0.00398839552096497,0.0724714832199525,-93.51727,47.59335
11697,964,324,109,2019,0.0243748626766179,0.00398839552096497,0.0724714832199525,-93.5424,47.5901
11698,965,324,109,2019,0.0154935192955544,0.00252727765146847,0.0460623826481778,-93.4322,47.6536
11699,966,324,109,2019,0.0189855186318331,0.00310745178961623,0.0566907907863914,-93.40858,47.65998
11700,967,324,109,2019,0.0105936163669751,0.00162534162150259,0.0330104749352512,-93.35054,47.63762
11701,968,324,109,2019,0.0153642016964457,0.0024879722395096,0.0461855979804585,-93.39327,47.62157
11702,969,324,109,2019,0.0154935192955544,0.00252727765146847,0.0460623826481778,-93.43865,47.65924
11703,970,324,109,2019,0.0196835157978162,0.00322996603831596,0.058605247030123,-93.53394,47.67053
11704,971,324,109,2019,0.0196835157978162,0.00322996603831596,0.058605247030123,-93.51644,47.66787
11705,972,324,109,2019,0.0196835157978162,0.00322996603831596,0.058605247030123,-93.52912,47.67487
14387,973,333,118,2019,0.997493427320719,0.975499366314827,0.999999999999999,-71.08986,45.21374
14388,974,333,118,2019,0.999633158931283,0.996862987725691,1,-71.11049,45.23198
14389,975,333,118,2019,0.982933615645052,0.89050920412155,0.999999875303649,-71.15907,45.18418
14390,976,333,118,2019,0.999248709761905,0.992817332286241,1,-71.13473,45.18189
14391,977,333,118,2019,0.994949008236812,0.952995209350788,0.999999999999953,-71.09856,45.28265
14392,978,333,118,2019,0.999633158931283,0.996862987725691,1,-71.10031,45.2573
14393,979,405,118,2019,0.986278515906472,0.908619534658086,0.999999936360683,-71.1037,45.07564
14394,980,332,118,2019,0.960781051939641,0.802608122613369,0.999993853433905,-71.25655,45.14856
15354,981,554,157,2019,0.0117825049915707,0.00231872599800275,0.0335862351801266,-74.19706,44.45408
15355,982,554,157,2019,0.0117825049915707,0.00231872599800275,0.0335862351801266,-74.19694,44.45408
15356,983,554,157,2019,0.0117825049915707,0.00231872599800275,0.0335862351801266,-74.19397,44.45465
15357,984,554,157,2019,0.0117825049915707,0.00231872599800275,0.0335862351801266,-74.199,44.4543
15370,985,554,157,2019,0.0117825049915707,0.00231872599800275,0.0335862351801266,-74.1985,44.45625
15371,986,554,157,2019,0.0117825049915707,0.00231872599800275,0.0335862351801266,-74.19622,44.45548
15372,987,554,157,2019,0.0117825049915707,0.00231872599800275,0.0335862351801266,-74.19744,44.45325
15373,988,554,157,2019,0.0117825049915707,0.00231872599800275,0.0335862351801266,-74.20113,44.4532
15374,989,554,157,2019,0.0117825049915707,0.00231872599800275,0.0335862351801266,-74.19816,44.45246
15452,990,553,156,2019,0.0349003260537887,0.00480293404433354,0.111337860322699,-75.09218,44.43389
15453,991,553,156,2019,0.0349003260537887,0.00480293404433354,0.111337860322699,-75.09184,44.42655
15456,992,553,156,2019,0.0172958798415837,0.00232100562148144,0.0556497507466294,-75.14827,44.40567
15458,993,553,156,2019,0.0349003260537887,0.00480293404433354,0.111337860322699,-75.06884,44.40518
15460,994,553,156,2019,0.0349003260537887,0.00480293404433354,0.111337860322699,-75.07318,44.41022
15462,995,553,156,2019,0.0349003260537887,0.00480293404433354,0.111337860322699,-75.069614,44.4142598
15464,996,553,156,2019,0.0349003260537887,0.00480293404433354,0.111337860322699,-75.0663509,44.40878253
15467,997,553,156,2019,0.0172958798415837,0.00232100562148144,0.0556497507466294,-75.13918,44.40343
15480,998,553,156,2019,0.0172958798415837,0.00232100562148144,0.0556497507466294,-75.1433,44.40972
15481,999,553,156,2019,0.0172958798415837,0.00232100562148144,0.0556497507466294,-75.14827,44.403
15483,1000,632,198,2019,0.00469212215263474,0.00035525831861738,0.0178467521180534,-75.09711,44.36555
15485,1001,632,198,2019,0.00469212215263474,0.00035525831861738,0.0178467521180534,-75.10128,44.37095
15488,1002,632,198,2019,0.00469212215263474,0.00035525831861738,0.0178467521180534,-75.07588,44.36014
15490,1003,553,156,2019,0.0349003260537887,0.00480293404433354,0.111337860322699,-75.103,44.42615
16474,1004,349,89,2019,0.00473966821534807,3.01485967074411e-06,0.0350407848648926,-118.59501,45.30413
16475,1005,349,89,2019,0.00473966821534807,3.01485967074411e-06,0.0350407848648926,-118.58209,45.30507
16476,1006,349,89,2019,0.00473966821534807,3.01485967074411e-06,0.0350407848648926,-118.58155,45.29552
16477,1007,349,89,2019,0.00473966821534807,3.01485967074411e-06,0.0350407848648926,-118.59368,45.28672
16478,1008,349,89,2019,0.00473966821534807,3.01485967074411e-06,0.0350407848648926,-118.58028,45.28695
16479,1009,349,89,2019,0.00473966821534807,3.01485967074411e-06,0.0350407848648926,-118.5694,45.28624
16480,1010,349,89,2019,0.00473966821534807,3.01485967074411e-06,0.0350407848648926,-118.55641,45.28681
16481,1011,349,89,2019,0.00473966821534807,3.01485967074411e-06,0.0350407848648926,-118.54344,45.28763
16482,1012,349,89,2019,0.0120185559397242,1.90237370388147e-05,0.0787646537795672,-118.60679,45.27832
16483,1013,349,89,2019,0.00473966821534807,3.01485967074411e-06,0.0350407848648926,-118.57935,45.27778
16484,1014,349,89,2019,0.00473966821534807,3.01485967074411e-06,0.0350407848648926,-118.56878,45.27759
16485,1015,349,89,2019,0.00473966821534807,3.01485967074411e-06,0.0350407848648926,-118.55618,45.27851
16486,1016,349,89,2019,0.00473966821534807,3.01485967074411e-06,0.0350407848648926,-118.54291,45.27849
16487,1017,349,89,2019,0.00473966821534807,3.01485967074411e-06,0.0350407848648926,-118.58045,45.26926
16488,1018,349,89,2019,0.0274693527892842,6.51984847815673e-05,0.170574608846502,-118.56695,45.26884
22695,1019,404,118,2019,0.850365887579529,0.56899606848811,0.99810662656263,-71.7635,44.83333
22696,1020,404,118,2019,0.850365887579529,0.56899606848811,0.99810662656263,-71.78996,44.83717
22697,1021,404,118,2019,0.792041566009414,0.490525411117669,0.992215113972792,-71.73322,44.78024
22698,1022,404,118,2019,0.850365887579529,0.56899606848811,0.99810662656263,-71.7413,44.8154
22699,1023,404,118,2019,0.769133017343666,0.47723880979479,0.982229762219861,-71.73945,44.83556
22700,1024,404,118,2019,0.861544105167224,0.654105574472365,0.989408105275404,-71.74969,44.88344
22701,1025,404,118,2019,0.769952160317823,0.500473837395445,0.973146275470759,-71.72334,44.85395
23777,1026,540,149,2019,0.0181139004605389,0.00124044800549078,0.0626385166743973,-90.88437,46.20542
11023,1482,469,151,2019,0.045328401114461,0.0101576958823389,0.11583738285394,-87.61017,46.63312
11024,1483,469,151,2019,0.215599003989036,0.0638783808926641,0.468602739973211,-87.60623,46.6241
11025,1484,469,151,2019,0.00869432271946144,0.00107275749961582,0.0290480157447286,-87.59148,46.63608
11027,1485,469,151,2019,0.00869432271946144,0.00107275749961582,0.0290480157447286,-87.55459,46.66467
11029,1486,469,151,2019,0.00869432271946144,0.00107275749961582,0.0290480157447286,-87.57115,46.66727
11030,1487,469,151,2019,0.0018294138794711,0.000109727448040853,0.00791144731419562,-87.48078,46.62767
11072,1488,469,151,2019,0.0018294138794711,0.000109727448040853,0.00791144731419562,-87.49741,46.62478
11154,1489,469,151,2019,0.0582170661274107,0.014795743464456,0.139699170106604,-87.54854,46.61073
11171,1490,469,151,2019,0.0582170661274107,0.014795743464456,0.139699170106604,-87.53201,46.62084
11173,1491,469,151,2019,0.0175974152187732,0.00258731348812375,0.0560394139948213,-87.521,46.6154
11174,1492,469,151,2019,0.0175974152187732,0.00258731348812375,0.0560394139948213,-87.47283,46.60846
11175,1493,469,151,2019,0.0175974152187732,0.00258731348812375,0.0560394139948213,-87.4696,46.59897
11032,1494,544,151,2019,0.640875417650838,0.412890936758068,0.86634494215627,-88.23905,46.19967
11033,1495,544,151,2019,0.450984521680113,0.249008229676224,0.691727574141982,-88.32997,46.23294
11034,1496,544,151,2019,0.517146045024936,0.328414513687234,0.727294271553842,-88.28762,46.22338
11035,1497,544,151,2019,0.51407249233784,0.312230637032936,0.74502774127442,-88.21314,46.21864
11036,1498,544,151,2019,0.51407249233784,0.312230637032936,0.74502774127442,-88.2013,46.23143
11037,1499,544,151,2019,0.450984521680113,0.249008229676224,0.691727574141982,-88.32473,46.24751
11038,1500,544,151,2019,0.517146045024936,0.328414513687234,0.727294271553842,-88.25655,46.2492
11039,1501,544,151,2019,0.51407249233784,0.312230637032936,0.74502774127442,-88.17546,46.25086
11040,1502,544,151,2019,0.450984521680113,0.249008229676224,0.691727574141982,-88.3508,46.26158
11041,1503,468,151,2019,0.506140536806198,0.319014707893387,0.720296867429367,-88.23572,46.26542
11176,1504,397,113,2019,0.0115521504763365,0.000631037265115064,0.0526843193602862,-87.56363,46.67646
11193,1505,469,151,2019,0.0175974152187732,0.00258731348812375,0.0560394139948213,-87.49008,46.60141
11194,1506,469,151,2019,0.0018294138794711,0.000109727448040853,0.00791144731419562,-87.52031,46.66167
11195,1507,469,151,2019,0.0018294138794711,0.000109727448040853,0.00791144731419562,-87.49364,46.63494
11196,1508,469,151,2019,0.0018294138794711,0.000109727448040853,0.00791144731419562,-87.51401,46.64261
11197,1509,469,151,2019,0.00869432271946144,0.00107275749961582,0.0290480157447286,-87.53234,46.64661
11198,1510,469,151,2019,0.00869432271946144,0.00107275749961582,0.0290480157447286,-87.54597,46.64875
11199,1511,469,151,2019,0.00869432271946144,0.00107275749961582,0.0290480157447286,-87.55525,46.63062
23775,1512,540,149,2019,0.0158667673776155,0.00107838359622721,0.0559018631255496,-90.93378,46.20989
23776,1513,540,149,2019,0.0377927572274507,0.00274204034198747,0.128653354637059,-90.93947,46.14581
23787,1514,540,149,2019,0.0232287117709329,0.00161072497102752,0.0794829329980362,-90.86001,46.1934
23788,1515,540,149,2019,0.0223110307922717,0.00159962576180597,0.0759026690101122,-90.97356,46.18952
23789,1516,540,149,2019,0.0223110307922717,0.00159962576180597,0.0759026690101122,-90.98592,46.19031
23790,1517,540,149,2019,0.0232287117709329,0.00161072497102752,0.0794829329980362,-90.89167,46.17813
23791,1518,540,149,2019,0.0238655410975256,0.0016992617450666,0.0813042278504995,-90.89916,46.17247
23792,1519,540,149,2019,0.0232287117709329,0.00161072497102752,0.0794829329980362,-90.86635,46.16611
23793,1520,540,149,2019,0.0367137430003273,0.00266179360001521,0.1244362160582,-90.88772,46.15689
7987,379,166,57,2025,0.537491707038008,0.396164903766979,0.699717208414317,-116.801328,46.79528
7998,380,166,57,2025,0.537491707038008,0.396164903766979,0.699717208414317,-116.802903,46.79362
8005,381,166,57,2025,0.319381806469384,0.158251233184886,0.542134854302892,-116.82735,46.80458
7981,382,166,57,2025,0.319381806469384,0.158251233184886,0.542134854302892,-116.8283974,46.805044
8009,383,166,57,2025,0.537491707038008,0.396164903766979,0.699717208414317,-116.814201,46.798874
7991,384,166,57,2025,0.537491707038008,0.396164903766979,0.699717208414317,-116.814765,46.801022
7982,385,166,57,2025,0.537491707038008,0.396164903766979,0.699717208414317,-116.804444,46.796697
8007,386,166,57,2025,0.537491707038008,0.396164903766979,0.699717208414317,-116.802056,46.789134
7990,387,166,57,2025,0.537491707038008,0.396164903766979,0.699717208414317,-116.81313,46.792285
8000,388,166,57,2025,0.537491707038008,0.396164903766979,0.699717208414317,-116.82121,46.795835
8002,389,166,57,2025,0.537491707038008,0.396164903766979,0.699717208414317,-116.812165,46.792968
8008,390,166,57,2025,0.537491707038008,0.396164903766979,0.699717208414317,-116.814639,46.793393
7994,391,166,57,2025,0.537491707038008,0.396164903766979,0.699717208414317,-116.801103,46.783962
7992,392,166,57,2025,0.537491707038008,0.396164903766979,0.699717208414317,-116.801103,46.783962
8004,393,166,57,2025,0.537491707038008,0.396164903766979,0.699717208414317,-116.813365,46.797709
7989,394,166,57,2025,0.537491707038008,0.396164903766979,0.699717208414317,-116.817398,46.796568
7993,395,166,57,2025,0.537491707038008,0.396164903766979,0.699717208414317,-116.79764,46.78263
7996,396,166,57,2025,0.537491707038008,0.396164903766979,0.699717208414317,-116.819148,46.796139
7985,397,166,57,2025,0.537491707038008,0.396164903766979,0.699717208414317,-116.831664,46.801065
7999,398,166,57,2025,0.537491707038008,0.396164903766979,0.699717208414317,-116.80121,46.79041
11856,399,203,75,2025,0.0416653306329279,0.0075416141680429,0.11516843980524,-92.98044,48.29353
11845,400,203,75,2025,0.0416653306329279,0.0075416141680429,0.11516843980524,-92.9772,48.29043
11844,401,203,75,2025,0.0416653306329279,0.0075416141680429,0.11516843980524,-92.98098,48.28572
11849,402,203,75,2025,0.0308714987470211,0.00493569744685001,0.0898096488080085,-92.97411,48.30849
11846,403,202,75,2025,0.0474997032260911,0.00857492137771313,0.132450666825535,-93.00032,48.28757
11847,404,203,75,2025,0.0416653306329279,0.0075416141680429,0.11516843980524,-92.99547,48.28935
11848,405,203,75,2025,0.0308714987470211,0.00493569744685001,0.0898096488080085,-92.9707,48.31089
14397,406,637,201,2025,0.0346145697348889,0.012405886843936,0.0727808914179494,-71.770833,43.798889
14416,407,637,201,2025,0.0346145697348889,0.012405886843936,0.0727808914179494,-71.768611,43.799722
14400,408,637,201,2025,0.0346145697348889,0.012405886843936,0.0727808914179494,-71.768889,43.801389
14417,409,637,201,2025,0.0346145697348889,0.012405886843936,0.0727808914179494,-71.767778,43.805
14405,410,637,201,2025,0.0346145697348889,0.012405886843936,0.0727808914179494,-71.770278,43.806389
14407,411,637,201,2025,0.0346145697348889,0.012405886843936,0.0727808914179494,-71.771111,43.804722
14409,412,637,201,2025,0.0346145697348889,0.012405886843936,0.0727808914179494,-71.770278,43.802778
10736,413,271,82,2025,0.586157604941358,0.329456026951126,0.868883706519092,-69.234334,45.400028
12867,414,231,60,2025,0.114780340960588,0.0463274114393448,0.222741444160187,-113.23394,47.07086
23898,415,540,149,2025,0.0212104774879823,0.0015008782605556,0.0723544019203428,-90.851,46.155
23899,416,540,149,2025,0.0212104774879823,0.0015008782605556,0.0723544019203428,-90.8409,46.14723
23900,417,540,149,2025,0.00975225494280812,0.000651494686166951,0.0340339728779013,-90.8961,46.10339
23901,418,540,149,2025,0.00975225494280812,0.000651494686166951,0.0340339728779013,-90.8888,46.10254
23903,419,540,149,2025,0.0128192776205308,0.000899409284888367,0.0439375649474803,-90.9548,46.16856
23904,420,540,149,2025,0.0107561240417588,0.000721929001174776,0.0373703499260816,-91.0059,46.15333
23905,421,540,149,2025,0.0191645928365252,0.00135900362134656,0.0659168770423105,-90.9395,46.14581
23897,422,540,149,2025,0.0130051195382468,0.000889497683680593,0.0447101421061056,-90.8332,46.19641
11402,423,469,151,2025,0.00109151144457216,6.20833603162507e-05,0.00472770886674888,-87.514014,46.642608
14412,424,637,201,2025,0.0346145697348889,0.012405886843936,0.0727808914179494,-71.771667,43.802222
14414,425,637,201,2025,0.0346145697348889,0.012405886843936,0.0727808914179494,-71.772222,43.801111
22016,426,1325,348,2025,0.293688893342885,0.133283003744176,0.517135059474999,-111.60793,40.78496
22006,427,1325,348,2025,0.155925907116082,0.0696355455914003,0.284756019987382,-111.59702,40.76943
10732,428,271,82,2025,0.63438910259551,0.391687315325063,0.880735642742484,-69.193614,45.421765
11403,429,469,151,2025,0.00499184313389252,0.000598800141393266,0.0169526641358371,-87.5323467,46.646619
11425,430,469,151,2025,0.00499184313389252,0.000598800141393266,0.0169526641358371,-87.5459715,46.6487507
14366,431,559,159,2025,0.147311444148029,0.0826842713092558,0.232069547408766,-71.2774144,44.062608
11404,432,469,151,2025,0.00499184313389252,0.000598800141393266,0.0169526641358371,-87.554589,46.664674
14368,433,559,159,2025,0.147311444148029,0.0826842713092558,0.232069547408766,-71.2710622,44.0572582
14369,434,559,159,2025,0.147311444148029,0.0826842713092558,0.232069547408766,-71.29445815,44.05414133
14370,435,559,159,2025,0.147311444148029,0.0826842713092558,0.232069547408766,-71.28963779,44.05700574
11405,436,469,151,2025,0.00499184313389252,0.000598800141393266,0.0169526641358371,-87.569154,46.657475
14373,437,559,159,2025,0.234966588364339,0.135670468253038,0.361357638351616,-71.30446174,44.05489127
14371,438,559,159,2025,0.147311444148029,0.0826842713092558,0.232069547408766,-71.28439844,44.05225324
14374,439,559,159,2025,0.311997005919834,0.18069744247444,0.482813826773849,-71.30743492,44.05291758
14375,440,559,159,2025,0.27951417434839,0.162108876265599,0.431501737070535,-71.2945316,44.0486186
14367,441,559,159,2025,0.147311444148029,0.0826842713092558,0.232069547408766,-71.2797219,44.0600284
14372,442,559,159,2025,0.147311444148029,0.0826842713092558,0.232069547408766,-71.28470404,44.05759287
12955,443,171,59,2025,0.00492154313409104,0.00073960178777609,0.0141469084117712,-113.668142,47.524764
11426,444,469,151,2025,0.00109151144457216,6.20833603162507e-05,0.00472770886674888,-87.480784,46.6276697
12956,445,171,59,2025,0.00385226276367155,0.000552332880162815,0.0112951233702607,-113.66996564,47.52706126
12951,446,171,59,2025,0.00492154313409104,0.00073960178777609,0.0141469084117712,-113.671308,47.523655
12952,447,171,59,2025,0.00492154313409104,0.00073960178777609,0.0141469084117712,-113.669901,47.523799
11406,448,469,151,2025,0.00109151144457216,6.20833603162507e-05,0.00472770886674888,-87.4974129,46.6247818
11407,449,469,151,2025,0.0101862099864677,0.00146169955392289,0.0325671814623324,-87.521005,46.615407
11408,450,469,151,2025,0.0101862099864677,0.00146169955392289,0.0325671814623324,-87.4728312,46.60846219
12953,451,171,59,2025,0.00492154313409104,0.00073960178777609,0.0141469084117712,-113.671946,47.524622
12954,452,171,59,2025,0.00492154313409104,0.00073960178777609,0.0141469084117712,-113.672418,47.524833
14402,453,637,201,2025,0.0346145697348889,0.012405886843936,0.0727808914179494,-71.767778,43.803056
22716,454,556,158,2025,0.000556716922534987,3.71077976073414e-05,0.00226641646031132,-73.1429896,44.1528931
12637,455,82,32,2025,0.0193747664751165,0.00239890292323143,0.0598705767500204,-114.465678,48.407683
12633,456,82,32,2025,0.0193747664751165,0.00239890292323143,0.0598705767500204,-114.459503,48.4081
22717,457,556,158,2025,0.000556716922534987,3.71077976073414e-05,0.00226641646031132,-73.1433748,44.1519956
22718,458,556,158,2025,0.000556716922534987,3.71077976073414e-05,0.00226641646031132,-73.1423613,44.1525205
22719,459,556,158,2025,0.000556716922534987,3.71077976073414e-05,0.00226641646031132,-73.1410637,44.1511531
22720,460,556,158,2025,0.000556716922534987,3.71077976073414e-05,0.00226641646031132,-73.1416341,44.1508053
22721,461,556,158,2025,0.000556716922534987,3.71077976073414e-05,0.00226641646031132,-73.1402259,44.1515866
22722,462,556,158,2025,0.000556716922534987,3.71077976073414e-05,0.00226641646031132,-73.1403882,44.1528755
22723,463,556,158,2025,0.000556716922534987,3.71077976073414e-05,0.00226641646031132,-73.1388362,44.1507974
22724,464,556,158,2025,0.000556716922534987,3.71077976073414e-05,0.00226641646031132,-73.1391896,44.153837
22725,465,556,158,2025,0.000556716922534987,3.71077976073414e-05,0.00226641646031132,-73.1395771,44.1557739
22726,466,556,158,2025,0.000556716922534987,3.71077976073414e-05,0.00226641646031132,-73.1381391,44.1567544
22727,467,556,158,2025,0.000556716922534987,3.71077976073414e-05,0.00226641646031132,-73.1414721,44.1555947
22728,468,556,158,2025,0.00188179716542268,0.000156715261762541,0.00698701016982973,-73.1414429,44.1576946
22729,469,556,158,2025,0.00242579137426039,0.000302490387859369,0.00779923762093689,-73.1399054,44.1588403
22730,470,556,158,2025,0.00242579137426039,0.000302490387859369,0.00779923762093689,-73.1403054,44.1596121
12640,471,82,32,2025,0.0193747664751165,0.00239890292323143,0.0598705767500204,-114.460645,48.41065
22731,472,556,158,2025,0.00242579137426039,0.000302490387859369,0.00779923762093689,-73.1390109,44.1621614
22738,473,556,158,2025,0.000556716922534987,3.71077976073414e-05,0.00226641646031132,-73.140126,44.1552038
22732,474,556,158,2025,0.00242579137426039,0.000302490387859369,0.00779923762093689,-73.133381,44.1612367
22733,475,556,158,2025,0.00242579137426039,0.000302490387859369,0.00779923762093689,-73.1374206,44.1612799
22734,476,556,158,2025,0.00242579137426039,0.000302490387859369,0.00779923762093689,-73.1362395,44.1597577
22735,477,556,158,2025,0.00242579137426039,0.000302490387859369,0.00779923762093689,-73.1368175,44.1591852
22737,478,556,158,2025,0.00242579137426039,0.000302490387859369,0.00779923762093689,-73.13536,44.1586402
22736,479,556,158,2025,0.00242579137426039,0.000302490387859369,0.00779923762093689,-73.1369063,44.1587155
11424,480,469,151,2025,0.00109151144457216,6.20833603162507e-05,0.00472770886674888,-87.520314,46.661667
22665,481,635,200,2025,0.11488103249558,0.0596676087774731,0.190526124942627,-72.98988699,43.97969197
10733,482,272,83,2025,0.483382968760707,0.228237851249452,0.78463172853501,-69.08603,45.405317
10737,483,271,82,2025,0.586157604941358,0.329456026951126,0.868883706519092,-69.225501,45.399981
12636,484,82,32,2025,0.0193747664751165,0.00239890292323143,0.0598705767500204,-114.466153,48.407393
12642,485,82,32,2025,0.0193747664751165,0.00239890292323143,0.0598705767500204,-114.457083,48.410669
12634,486,82,32,2025,0.0193747664751165,0.00239890292323143,0.0598705767500204,-114.464129,48.409434
12641,487,82,32,2025,0.0193747664751165,0.00239890292323143,0.0598705767500204,-114.460645,48.41065
12632,488,82,32,2025,0.0193747664751165,0.00239890292323143,0.0598705767500204,-114.456115,48.408711
12635,489,82,32,2025,0.0193747664751165,0.00239890292323143,0.0598705767500204,-114.461817,48.408513
22007,490,1325,348,2025,0.155925907116082,0.0696355455914003,0.284756019987382,-111.57477,40.78041
22008,491,1325,348,2025,0.155925907116082,0.0696355455914003,0.284756019987382,-111.57391,40.78282
12638,492,82,32,2025,0.0193747664751165,0.00239890292323143,0.0598705767500204,-114.466033,48.410575
22009,493,1325,348,2025,0.155925907116082,0.0696355455914003,0.284756019987382,-111.5727,40.7868
22010,494,1325,348,2025,0.155925907116082,0.0696355455914003,0.284756019987382,-111.5727,40.7868
10728,495,271,82,2025,0.800310669699493,0.587632590437287,0.963065447480335,-69.27336967,45.42074197
10731,496,271,82,2025,0.800310669699493,0.587632590437287,0.963065447480335,-69.325102,45.414273
10734,497,272,83,2025,0.483382968760707,0.228237851249452,0.78463172853501,-69.081103,45.402778
10735,498,272,83,2025,0.483382968760707,0.228237851249452,0.78463172853501,-69.07360075,45.40832521
10729,499,271,82,2025,0.735339555164773,0.47624772664656,0.955652313143645,-69.329764,45.422177
10730,500,271,82,2025,0.735339555164773,0.47624772664656,0.955652313143645,-69.328296,45.419233
10738,501,271,82,2025,0.63438910259551,0.391687315325063,0.880735642742484,-69.254843,45.422119
10740,502,271,82,2025,0.594302443573975,0.287626954009633,0.921077978068174,-69.135283,45.434645
10739,503,271,82,2025,0.586157604941358,0.329456026951126,0.868883706519092,-69.253168,45.417935
15130,504,633,199,2025,0.0147820374081673,0.00390969744049885,0.035742332881211,-74.784659,44.162939
15135,505,633,199,2025,0.0271038671023581,0.00726822395420735,0.0639502646601041,-74.792163,44.159558
15185,506,633,199,2025,0.0271038671023581,0.00726822395420735,0.0639502646601041,-74.786048,44.158565
15186,507,633,199,2025,0.0271038671023581,0.00726822395420735,0.0639502646601041,-74.793551,44.155184
15187,508,633,199,2025,0.0271038671023581,0.00726822395420735,0.0639502646601041,-74.787436,44.154191
15188,509,633,199,2025,0.0271038671023581,0.00726822395420735,0.0639502646601041,-74.781321,44.153198
15189,510,633,199,2025,0.0271038671023581,0.00726822395420735,0.0639502646601041,-74.801054,44.151802
15190,511,633,199,2025,0.0271038671023581,0.00726822395420735,0.0639502646601041,-74.794939,44.15081
15191,512,633,199,2025,0.0271038671023581,0.00726822395420735,0.0639502646601041,-74.788824,44.149817
15131,513,633,199,2025,0.0271038671023581,0.00726822395420735,0.0639502646601041,-74.782709,44.148825
15132,514,633,199,2025,0.0271038671023581,0.00726822395420735,0.0639502646601041,-74.796326,44.146436
15133,515,633,199,2025,0.0271038671023581,0.00726822395420735,0.0639502646601041,-74.790212,44.145444
15134,516,633,199,2025,0.0271038671023581,0.00726822395420735,0.0639502646601041,-74.784097,44.144451
12868,517,231,60,2025,0.114780340960588,0.0463274114393448,0.222741444160187,-113.2307,47.06986
12882,518,231,60,2025,0.310823871685029,0.16381911137854,0.506349071580202,-113.23474,47.09235
12871,519,231,60,2025,0.113559572993875,0.0491641593566108,0.214459761992203,-113.26482,47.07493
12869,520,231,60,2025,0.114780340960588,0.0463274114393448,0.222741444160187,-113.23581,47.06396
12880,521,231,60,2025,0.310823871685029,0.16381911137854,0.506349071580202,-113.20391,47.09427
12870,522,231,60,2025,0.114780340960588,0.0463274114393448,0.222741444160187,-113.24484,47.07295
12873,523,231,60,2025,0.114780340960588,0.0463274114393448,0.222741444160187,-113.23241,47.0493
12874,524,231,60,2025,0.310823871685029,0.16381911137854,0.506349071580202,-113.21421,47.10416
12875,525,231,60,2025,0.310823871685029,0.16381911137854,0.506349071580202,-113.24046,47.07969
12876,526,231,60,2025,0.310823871685029,0.16381911137854,0.506349071580202,-113.23725,47.08408
12878,527,231,60,2025,0.310823871685029,0.16381911137854,0.506349071580202,-113.22383,47.1016
12881,528,231,60,2025,0.310823871685029,0.16381911137854,0.506349071580202,-113.2324,47.10863
12877,529,231,60,2025,0.114780340960588,0.0463274114393448,0.222741444160187,-113.23911,47.05506
12879,530,231,60,2025,0.133411351125664,0.0578663399563063,0.249270854322691,-113.26985,47.06651
12872,531,231,60,2025,0.114780340960588,0.0463274114393448,0.222741444160187,-113.22428,47.06428
24419,532,821,214,2025,0.350017183683408,0.223631497422024,0.503336883281827,-110.49669,43.6524
24420,533,821,214,2025,0.350017183683408,0.223631497422024,0.503336883281827,-110.49669,43.6524
14423,534,559,159,2025,0.00950069238340373,0.00240731824462325,0.0249376307269294,-71.031869,43.960831
24421,535,821,214,2025,0.385508457659136,0.247120376964392,0.550750696666612,-110.50107,43.65211
24422,536,821,214,2025,0.385508457659136,0.247120376964392,0.550750696666612,-110.50479,43.65353
24423,537,821,214,2025,0.379150927472365,0.196866013117365,0.617702850009667,-110.51148,43.65962
24424,538,821,214,2025,0.385508457659136,0.247120376964392,0.550750696666612,-110.51278,43.6553
24425,539,821,214,2025,0.385508457659136,0.247120376964392,0.550750696666612,-110.51519,43.64962
24426,540,821,214,2025,0.385508457659136,0.247120376964392,0.550750696666612,-110.50744,43.64553
24427,541,821,214,2025,0.350017183683408,0.223631497422024,0.503336883281827,-110.49235,43.64614
24428,542,821,214,2025,0.350017183683408,0.223631497422024,0.503336883281827,-110.4944,43.64982
24429,543,821,214,2025,0.350017183683408,0.223631497422024,0.503336883281827,-110.48782,43.6486
24431,544,821,214,2025,0.350017183683408,0.223631497422024,0.503336883281827,-110.48761,43.65417
24432,545,821,214,2025,0.350017183683408,0.223631497422024,0.503336883281827,-110.48286,43.65155
24433,546,821,214,2025,0.350017183683408,0.223631497422024,0.503336883281827,-110.48448,43.64934
14430,547,559,159,2025,0.00950069238340373,0.00240731824462325,0.0249376307269294,-71.029882,43.964555
24434,548,821,214,2025,0.350017183683408,0.223631497422024,0.503336883281827,-110.47497,43.64165
24435,549,821,214,2025,0.350017183683408,0.223631497422024,0.503336883281827,-110.48381,43.63842
24436,550,821,214,2025,0.350017183683408,0.223631497422024,0.503336883281827,-110.4794,43.64499
24418,551,821,214,2025,0.385508457659136,0.247120376964392,0.550750696666612,-110.49897,43.65031
14419,552,559,159,2025,0.00950069238340373,0.00240731824462325,0.0249376307269294,-71.033885,43.961924
14425,553,559,159,2025,0.00950069238340373,0.00240731824462325,0.0249376307269294,-71.029575,43.960265
14422,554,559,159,2025,0.00950069238340373,0.00240731824462325,0.0249376307269294,-71.031824,43.963603
14426,555,559,159,2025,0.00950069238340373,0.00240731824462325,0.0249376307269294,-71.035112,43.966248
14427,556,559,159,2025,0.00950069238340373,0.00240731824462325,0.0249376307269294,-71.034808,43.964052
14429,557,559,159,2025,0.00950069238340373,0.00240731824462325,0.0249376307269294,-71.030014,43.962396
14432,558,559,159,2025,0.00950069238340373,0.00240731824462325,0.0249376307269294,-71.033408,43.967867
14428,559,559,159,2025,0.00950069238340373,0.00240731824462325,0.0249376307269294,-71.037144,43.963748
14431,560,559,159,2025,0.00950069238340373,0.00240731824462325,0.0249376307269294,-71.029306,43.96641
14420,561,559,159,2025,0.00950069238340373,0.00240731824462325,0.0249376307269294,-71.036371,43.960206
14424,562,559,159,2025,0.00950069238340373,0.00240731824462325,0.0249376307269294,-71.032499,43.965127
14421,563,559,159,2025,0.00950069238340373,0.00240731824462325,0.0249376307269294,-71.036363,43.962024
8003,564,166,57,2025,0.537491707038008,0.396164903766979,0.699717208414317,-116.814595,46.796111
7983,565,166,57,2025,0.537491707038008,0.396164903766979,0.699717208414317,-116.813213,46.793446
7984,566,166,57,2025,0.537491707038008,0.396164903766979,0.699717208414317,-116.811607,46.799956
7986,567,166,57,2025,0.537491707038008,0.396164903766979,0.699717208414317,-116.81796,46.79827
7997,568,166,57,2025,0.537491707038008,0.396164903766979,0.699717208414317,-116.809132,46.793278
8001,569,166,57,2025,0.537491707038008,0.396164903766979,0.699717208414317,-116.833243,46.799568
7988,570,166,57,2025,0.537491707038008,0.396164903766979,0.699717208414317,-116.805879,46.797573
8010,571,166,57,2025,0.537491707038008,0.396164903766979,0.699717208414317,-116.801446,46.788512
7995,572,166,57,2025,0.537491707038008,0.396164903766979,0.699717208414317,-116.803045,46.785219
7980,573,166,57,2025,0.537491707038008,0.396164903766979,0.699717208414317,-116.79635,46.78445
8006,574,166,57,2025,0.537491707038008,0.396164903766979,0.699717208414317,-116.79653,46.78164
22666,575,635,200,2025,0.11488103249558,0.0596676087774731,0.190526124942627,-72.98693698,43.97961996
22667,576,635,200,2025,0.11488103249558,0.0596676087774731,0.190526124942627,-73.00322603,43.98189498
22669,577,635,200,2025,0.11488103249558,0.0596676087774731,0.190526124942627,-72.99658396,43.98196799
22693,578,635,200,2025,0.11488103249558,0.0596676087774731,0.190526124942627,-72.98994198,43.98191401
22670,579,635,200,2025,0.11488103249558,0.0596676087774731,0.190526124942627,-72.99326599,43.98203999
22694,580,635,200,2025,0.11488103249558,0.0596676087774731,0.190526124942627,-72.98667496,43.981798
11850,581,203,75,2025,0.0308714987470211,0.00493569744685001,0.0898096488080085,-92.97051,48.30811
11851,582,203,75,2025,0.0308714987470211,0.00493569744685001,0.0898096488080085,-92.96785,48.30865
22005,583,1325,348,2025,1.98618019805042e-05,6.33005955985588e-10,0.000160810775574291,-111.556604,40.772185
22012,584,1325,348,2025,0.293688893342885,0.133283003744176,0.517135059474999,-111.62135,40.80777
22013,585,1325,348,2025,0.155925907116082,0.0696355455914003,0.284756019987382,-111.57977,40.78585
22014,586,1325,348,2025,0.293688893342885,0.133283003744176,0.517135059474999,-111.61801,40.76954
22015,587,1325,348,2025,0.0139402234464664,0.000962915880457735,0.0575188711509322,-111.62298,40.76051
22011,588,1325,348,2025,0.155925907116082,0.0696355455914003,0.284756019987382,-111.5906,40.79971
11843,589,203,75,2025,0.0416653306329279,0.0075416141680429,0.11516843980524,-92.9811,48.29672
11853,590,203,75,2025,0.0416653306329279,0.0075416141680429,0.11516843980524,-92.97982,48.2896
11855,591,203,75,2025,0.0416653306329279,0.0075416141680429,0.11516843980524,-92.9811,48.28776
11854,592,202,75,2025,0.0474997032260911,0.00857492137771313,0.132450666825535,-93.00117,48.28927
11852,593,202,75,2025,0.0474997032260911,0.00857492137771313,0.132450666825535,-92.9969,48.2875
22649,594,635,200,2025,0.11488103249558,0.0596676087774731,0.190526124942627,-73.00334699,43.97519499
22650,595,635,200,2025,0.11488103249558,0.0596676087774731,0.190526124942627,-73.00017502,43.97517898
22651,596,635,200,2025,0.11488103249558,0.0596676087774731,0.190526124942627,-72.99678203,43.9756
22652,597,635,200,2025,0.11488103249558,0.0596676087774731,0.190526124942627,-72.99330496,43.97518996
22653,598,635,200,2025,0.11488103249558,0.0596676087774731,0.190526124942627,-72.989975,43.97532298
22654,599,635,200,2025,0.11488103249558,0.0596676087774731,0.190526124942627,-72.98661,43.97519499
22655,600,635,200,2025,0.11488103249558,0.0596676087774731,0.190526124942627,-73.00318999,43.97742701
22656,601,635,200,2025,0.11488103249558,0.0596676087774731,0.190526124942627,-73.00003697,43.97740697
22657,602,635,200,2025,0.11488103249558,0.0596676087774731,0.190526124942627,-72.99658698,43.97741896
22658,603,635,200,2025,0.11488103249558,0.0596676087774731,0.190526124942627,-72.99323397,43.97743598
22660,604,635,200,2025,0.11488103249558,0.0596676087774731,0.190526124942627,-72.98655996,43.97735199
22661,605,635,200,2025,0.11488103249558,0.0596676087774731,0.190526124942627,-73.00352099,43.97950203
22662,606,635,200,2025,0.11488103249558,0.0596676087774731,0.190526124942627,-72.99998299,43.97967696
22663,607,635,200,2025,0.11488103249558,0.0596676087774731,0.190526124942627,-72.99669402,43.97955299
22664,608,635,200,2025,0.11488103249558,0.0596676087774731,0.190526124942627,-72.99332902,43.97978702
22659,609,635,200,2025,0.11488103249558,0.0596676087774731,0.190526124942627,-72.99001004,43.97746397
