"rep","status","bias_all","rmse_all","coverage_all","n_informed","bias_NE","rmse_NE","coverage_NE","n_NE","bias_West","rmse_West","coverage_West","n_West","bias_other","rmse_other","coverage_other","n_other","ne_minus_west_est","sign_recovered","elapsed_sec"
1,"ok",-0.0427034309908748,0.184736036106975,1,178,-0.295848130004147,0.303030104922178,1,44,0.152737045191429,0.156033276781426,1,66,-0.0685961467474638,0.0792814860824367,1,68,0.126819917397016,TRUE,1336.05741405487
2,"ok",-0.127237356961696,1.38694667951488,0.99438202247191,178,-0.937962805707529,2.10602419436793,0.977272727272727,44,0.603142157533015,1.05927215321496,1,66,-0.31154806595926,1.03748771631178,1,68,-0.965699870647952,FALSE,1438.06804823875
3,"ok",-0.0143843181859206,0.125923698394682,1,178,-0.137573471888957,0.179940503386581,1,44,0.057008434701264,0.0944078964084497,1,66,-0.00396665535681164,0.109114117435792,1,68,0.380823186002372,TRUE,1338.63913273811
4,"ok",-0.0446797512878865,0.306765122758992,1,178,-0.347585208564788,0.377408047230201,1,44,0.239828727552199,0.275060803463242,1,66,-0.124822684865269,0.284139141184687,1,68,-0.0120088435243942,FALSE,1359.67738246918
5,"ok",-0.0351015628759903,0.216560585287369,1,178,-0.215550549228807,0.289740341807851,1,44,0.201762212124553,0.20690642739,1,66,-0.148237647442342,0.163988719769483,1,68,0.158092331239233,TRUE,1346.18642830849
6,"ok",-0.0598751764861467,0.249193142279286,1,178,-0.383417748617428,0.393099587480213,1,44,0.211529128402176,0.21414095169752,1,66,-0.113945925733984,0.134360471018354,1,68,-0.0195417844270117,FALSE,1382.03929901123
7,"ok",-0.0302216642008963,0.177270945716136,1,178,-0.160344593744315,0.227968517308925,1,44,0.143997917268937,0.158143884104825,1,66,-0.115119950628817,0.15607112399033,1,68,0.271062581579341,TRUE,1636.77292227745
8,"ok",-0.0768848005536563,0.291111814165838,0.926966292134832,178,-0.473863952620362,0.478212922618281,0.704545454545455,44,0.228681310247935,0.232260367916058,1,66,-0.116594809700273,0.146638178794646,1,68,-0.127140170275705,FALSE,1647.04783535004
9,"ok",-0.0263188988872678,0.160599598680208,1,178,-0.19353891623888,0.23072996988185,1,44,0.135539743003561,0.145031372272606,1,66,-0.0752158047890877,0.112483238542286,1,68,0.246326433350151,TRUE,1688.57033896446
10,"ok",-0.0143030899747821,0.154936108173286,1,178,-0.0336157469782008,0.146118868733026,1,44,0.00713886777414536,0.178705737952993,1,66,-0.0226179767877055,0.134259101845691,1,68,0.534650477840246,TRUE,1636.51292848587
11,"ok",-0.0211025963006723,0.152639224025953,1,178,-0.127827911084616,0.233949523277624,1,44,0.0920600851247358,0.115112202586457,1,66,-0.0618794069416045,0.11274617907945,1,68,0.35551709638324,TRUE,1349.15468645096
12,"ok",-0.0364183017625469,0.167555543846057,1,178,-0.270360729989995,0.284450493141236,1,44,0.0520109796287066,0.085801321461375,1,66,0.0291277904460559,0.118278725407186,1,68,0.253033382973891,TRUE,1362.08491754532
13,"ok",-0.0372344055256041,0.17238138463169,1,178,-0.253914930658039,0.270387089404112,1,44,0.0948365553272102,0.138996737377168,1,66,-0.0252158806794074,0.108288887825455,1,68,0.226653606607344,TRUE,1340.68838214874
14,"ok",-0.0204452018758737,0.437335686638956,0.98876404494382,178,0.0308368831844023,0.578781893263536,0.954545454545455,44,-0.220635062648466,0.381855735619091,1,66,0.140674196187934,0.377326535811829,1,68,0.826877038425461,TRUE,1278.93738865852
15,"ok",-0.109179727180235,0.472068093880263,0.97752808988764,178,-0.672684435395856,0.720965749833817,0.909090909090909,44,0.342730374480764,0.381229546690625,1,66,-0.183177661711684,0.32548583572117,1,68,-0.440009717284027,FALSE,1309.88607954979
16,"ok",-0.0546685150201251,0.240799447016903,1,178,-0.35073743393008,0.384726573353665,1,44,0.134593864224838,0.160946937150052,1,66,-0.0467903473455596,0.175688579209074,1,68,0.0900737944376749,TRUE,1350.90493869781
17,"ok",-0.0517847143757215,0.213023448030181,1,178,-0.340604136898406,0.344630410396929,1,44,0.177867543319271,0.18090033580484,1,66,-0.0877993381532418,0.100858766029464,1,68,0.0569334123749159,TRUE,1263.51327896118
18,"ok",-0.0422757157881274,0.302312147028887,1,178,-0.331750339925809,0.459231147835816,1,44,0.197958139671513,0.252911025311066,1,66,-0.0881367598804544,0.201719188072286,1,68,0.0456966129952707,TRUE,1562.1732852459
19,"ok",-0.00135780086983362,0.146417837038814,1,178,0.0363420475970029,0.114184096818811,1,44,0.0381866778626122,0.14625239102121,1,66,-0.0641332262945723,0.164074944317779,1,68,0.573560462326983,TRUE,1546.2294178009
20,"ok",-0.0544732201121081,0.236555993901266,1,178,-0.319640542424483,0.357393455073148,1,44,0.125546441880055,0.16341580657858,1,66,-0.0576193305494355,0.19471018837607,1,68,0.130218108288055,TRUE,1383.22285318375
21,"ok",-0.027910467436778,0.166908893880983,1,178,-0.201036649533644,0.241778451325965,1,44,0.122529503343058,0.134940145878854,1,66,-0.0619029094839409,0.132006202023262,1,68,0.251838939715891,TRUE,1266.26493096352
22,"ok",0.00595292900352479,0.814955979179984,0.971910112359551,178,-0.144311153672182,1.11447322671631,0.909090909090909,44,0.250132235074443,0.769898489795739,0.984848484848485,66,-0.133814932216321,0.599607343899053,1,68,0.180961703845968,TRUE,1354.57851743698
23,"ok",-0.0924811912161819,0.458119492573462,0.98314606741573,178,-0.620675084160374,0.668552971205738,1,44,0.327184455077511,0.44134102378533,0.954545454545455,66,-0.158031211302053,0.266665049346586,1,68,-0.372454446645292,FALSE,1362.21943306923
24,"ok",-0.0251614954206496,0.112686605822147,1,178,-0.162255827204553,0.174677323200142,1,44,0.0137121162699537,0.0739164779458597,1,66,0.0258163314457021,0.0905178147791376,1,68,0.399437149118086,TRUE,1359.21406793594
25,"ok",-0.0592127347556818,0.235739130359782,1,178,-0.391600686028487,0.398835745907855,1,44,0.181387390900096,0.188501636006912,1,66,-0.077661829421533,0.0897493064879678,1,68,0.00241701566401013,TRUE,1339.68498134613
26,"ok",-0.0503517063268015,0.436064241708761,1,178,-0.352795009519393,0.737949576666607,1,44,0.165681725962141,0.284159466841155,1,66,-0.0643326061885096,0.258864116224361,1,68,0.0569283571110587,TRUE,1345.01630139351
27,"ok",-0.00373097173056777,0.250286620428158,1,178,-0.0826525565609588,0.402802143135269,1,44,0.107783746043314,0.16098566963124,1,66,-0.0608989370326122,0.183954176273011,1,68,0.384968789988319,TRUE,1270.82704281807
28,"ok",-0.0307293557457817,0.21522112153492,1,178,-0.218269074248761,0.283081675800992,1,44,0.136085478937293,0.214007975665619,1,66,-0.0712886421421323,0.157940406533019,1,68,0.221050539406539,TRUE,920.147510528564
29,"ok",-0.0061005546546077,0.156525689272314,1,178,-0.0179928903212086,0.24119752462846,1,44,0.0909631833830692,0.115434793299917,1,66,-0.0926144361421994,0.116431904567745,1,68,0.466449018888315,TRUE,945.366425514221
30,"ok",-0.0448927569824521,0.177021156327424,1,178,-0.274961478947032,0.287169514483571,1,44,0.118871537333017,0.130000946205433,1,66,-0.0549724578409737,0.110743504861076,1,68,0.181572076312544,TRUE,945.227163791656
31,"ok",-0.0520185767055103,0.209357444293431,0.98314606741573,178,-0.32912041268844,0.333661310588745,0.931818181818182,44,0.16848088267494,0.177834731312018,1,66,-0.0867315698799342,0.109548477714515,1,68,0.0778037972292119,TRUE,814.774362564087
32,"ok",-0.0416126130352352,0.258175975546869,1,178,-0.285567669416352,0.419238894288964,1,44,0.0697970930584869,0.120047904329803,1,66,0.00810770870863987,0.216248309645158,1,68,0.220040330117753,TRUE,802.501435279846
33,"ok",-0.0644889956786521,0.282417280915049,0.949438202247191,178,-0.42480197398312,0.428932807071697,0.795454545454545,44,0.245135636233827,0.248949586314733,1,66,-0.131863328926108,0.171991704554657,1,68,-0.0945325176243542,FALSE,1342.08317542076
34,"ok",-0.0609040809161025,0.245230702150145,0.98876404494382,178,-0.399780966123183,0.432430314412334,0.954545454545455,44,0.0509305779576314,0.16387938872061,1,66,0.0498237935463258,0.101766194547583,1,68,0.124693548511778,TRUE,1359.52042579651
35,"ok",-0.0364042856879027,0.16868911639834,1,178,-0.250322524356775,0.277378484597525,1,44,0.0101867044448008,0.120847319494037,1,66,0.0567927312631553,0.102612494463445,1,68,0.314895863791017,TRUE,1278.50936579704
36,"ok",-0.0619113906916766,0.386002175032776,1,178,-0.372334955588914,0.600733034991031,1,44,0.162887643159682,0.276124455423046,1,66,-0.0792363815550771,0.287246251508588,1,68,0.0401824938439964,TRUE,1367.02198052406
37,"ok",-0.0395996254399824,0.22043432110565,1,178,-0.233124820063773,0.319281587477652,1,44,0.0958913155710618,0.224818314081851,1,66,-0.0458833540176606,0.110347131857101,1,68,0.246388956957757,TRUE,1421.6682498455
38,"ok",-0.00921699414667241,0.168153943522417,1,178,-0.0558991407815662,0.183635106410887,1,44,-0.0918918090287797,0.158657909189026,1,66,0.101232303414422,0.166625145040751,1,68,0.611397760839806,TRUE,1283.32811355591
39,"ok",-0.051005223130917,0.212164530085883,1,178,-0.340819117659722,0.348367066305172,1,44,0.169916726134471,0.17695133715662,1,66,-0.0779028303698611,0.0944063548241987,1,68,0.0646692487983997,TRUE,1524.77503108978
40,"ok",-0.0684616392244122,0.282797308277485,1,178,-0.37900549723056,0.395547870538663,1,44,0.241623839237347,0.263220524742256,1,66,-0.1684868131392,0.202137780385136,1,68,-0.0452242438753137,FALSE,1284.24199056625
41,"ok",-0.00104725564762158,0.204841498048463,1,178,-0.0345853564509172,0.315055921351152,1,44,-0.00469642015440302,0.0916115815815869,1,66,0.0241957045405046,0.193554967034173,1,68,0.545516156296078,TRUE,1557.74196600914
42,"ok",0.00440719725407785,0.176755897594046,1,178,0.0539119734862719,0.199078180153709,1,44,-0.063634089394497,0.212048959004571,1,66,0.038414767321569,0.111783906471544,1,68,0.692951155473362,TRUE,1648.61547327042
43,"ok",-0.0618277512137939,0.300290864583401,1,178,-0.428463510856224,0.484663192635684,1,44,0.226180876009503,0.254446064307555,1,66,-0.104130633161892,0.145648881144011,1,68,-0.0792392942731346,FALSE,1204.32687425613
44,"ok",-0.0211123654991391,0.21984975706041,1,178,-0.149151619339836,0.381465428559249,1,44,0.0951581605154555,0.124575597156941,1,66,-0.0511142412046181,0.131533899114896,1,68,0.331095312737301,TRUE,1353.67501115799
45,"ok",-0.0524150480388646,0.2397256405002,1,178,-0.331528037746677,0.392301785529054,1,44,0.120553686412293,0.186255564255521,1,66,-0.0396939440187566,0.131066148420492,1,68,0.123323368433623,TRUE,1357.27710056305
46,"ok",0.0293288788703514,0.528766021120164,0.99438202247191,178,0.0948714261976882,0.818463843908456,0.977272727272727,44,-0.103618217024358,0.388916049059331,1,66,0.115955882497527,0.389379471411091,1,68,0.773894735814638,TRUE,1291.49401307106
47,"ok",0.000808214257491079,0.212160164651317,1,178,-0.0124020302023304,0.241791469411737,1,44,-0.00505453954042952,0.0649662765492855,1,66,0.0150463393588867,0.275499192348612,1,68,0.568057601930692,TRUE,1341.32818603516
48,"ok",-0.0896879694705651,0.893902558435778,0.99438202247191,178,-0.732383318224194,1.27473121621292,1,44,0.543716423585683,0.804311810805329,0.984848484848485,66,-0.288601125302222,0.642136800938976,1,68,-0.700694649217284,FALSE,1268.90787672997
49,"ok",-0.0429571459547,0.200503721732781,1,178,-0.266697354877888,0.272317175135223,1,44,0.189735434856648,0.196785471711914,1,66,-0.124032750968357,0.140230869409018,1,68,0.118972302858057,TRUE,1307.42175889015
50,"ok",-0.053186589519854,0.199588721450569,1,178,-0.353956695281979,0.366224714130411,1,44,0.0694058363890578,0.0979429172570275,1,66,0.0224425949440477,0.0904496503374238,1,68,0.152042560921556,TRUE,1463.94777274132
