"rep","status","grain","label","bias_all","rmse_all","coverage_all","n_informed","spatial_cor"
1,"ok",0,"grain=0 (noise-seeded)",0.0238099109968223,0.339863189997277,0.97752808988764,178,-0.106700781925803
10,"ok",0,"grain=0 (noise-seeded)",0.00118874263421699,0.302739430138019,1,178,-0.0871409276489713
11,"ok",0,"grain=0 (noise-seeded)",-0.0171997123542045,0.222876734409289,1,178,-0.0313143034407051
12,"ok",0,"grain=0 (noise-seeded)",-0.0217651581770152,0.221523226528997,1,178,0.0206826321135636
13,"ok",0,"grain=0 (noise-seeded)",-0.0578880527298979,0.233520586904015,0.99438202247191,178,0.0976126209410292
14,"ok",0,"grain=0 (noise-seeded)",-0.028837770820198,0.211918712815681,0.99438202247191,178,0.061493029288125
15,"ok",0,"grain=0 (noise-seeded)",-0.0488426599270781,0.244431731101841,0.943820224719101,178,0.101762350707898
2,"ok",0,"grain=0 (noise-seeded)",-0.0640892473698117,0.565492720313184,1,178,0.0320942760177351
3,"ok",0,"grain=0 (noise-seeded)",-0.0407121998832266,0.21096189226672,0.99438202247191,178,0.0869515734364427
4,"ok",0,"grain=0 (noise-seeded)",-0.0222226214928392,0.304747051272397,1,178,0.040471015080134
5,"ok",0,"grain=0 (noise-seeded)",-0.0382206184147551,0.218171161606732,0.98876404494382,178,0.0857171845962356
6,"ok",0,"grain=0 (noise-seeded)",-0.112735604282567,0.39652973852181,0.99438202247191,178,0.163138440169357
7,"ok",0,"grain=0 (noise-seeded)",-0.0275715147197006,0.215932301415028,0.99438202247191,178,-0.0445622755117374
8,"ok",0,"grain=0 (noise-seeded)",-0.037118785259248,0.21282934088795,0.971910112359551,178,0.120217477050644
9,"ok",0,"grain=0 (noise-seeded)",-0.00748331325024272,0.261530817349738,0.98314606741573,178,-0.0854139103994812
1,"ok",1,"grain=1 (noise-seeded)",-0.035151914099284,0.232867278232233,1,178,-0.0161945136878215
10,"ok",1,"grain=1 (noise-seeded)",-0.0120096614578457,0.218020615757066,0.938202247191011,178,-0.0900918024909522
11,"ok",1,"grain=1 (noise-seeded)",-0.00955490477969061,0.216871898597139,0.960674157303371,178,-0.0983920688845547
12,"ok",1,"grain=1 (noise-seeded)",-0.0533918500273843,0.222399752770711,0.99438202247191,178,0.110780397307228
13,"ok",1,"grain=1 (noise-seeded)",0.0771760464326105,0.508211645127046,0.98314606741573,178,-0.0971929191971372
14,"ok",1,"grain=1 (noise-seeded)",-0.0657450996651725,0.48541956865878,1,178,0.0047463622318308
15,"ok",1,"grain=1 (noise-seeded)",-0.0163253183659462,0.211597978424304,1,178,-0.0549008487195827
2,"ok",1,"grain=1 (noise-seeded)",-0.0430762000551749,0.223706906958739,1,178,0.0850312962707414
3,"ok",1,"grain=1 (noise-seeded)",-0.0849006401023444,0.752274179089274,1,178,0.0285934614815846
4,"ok",1,"grain=1 (noise-seeded)",-0.042574936617926,0.288500860620493,1,178,0.0955444908121796
5,"ok",1,"grain=1 (noise-seeded)",-0.0499952026058403,0.298282502558773,1,178,0.0190124692916816
6,"ok",1,"grain=1 (noise-seeded)",-0.066023757399221,0.252598082882311,0.98876404494382,178,0.0508311759517771
7,"ok",1,"grain=1 (noise-seeded)",-0.0535179008871151,0.227469955529276,0.971910112359551,178,0.0726797436118126
8,"ok",1,"grain=1 (noise-seeded)",-0.0832336216631874,0.604805075195985,1,178,-0.0260318120853047
9,"ok",1,"grain=1 (noise-seeded)",-0.0576253276117979,0.260290175023292,1,178,0.0794850248861961
1,"ok",8,"grain=8 (noise-seeded)",-0.0364489071336426,0.203215094457696,0.938202247191011,178,-0.000995702530616758
10,"ok",8,"grain=8 (noise-seeded)",-0.0887716705280382,0.293523248831213,1,178,0.0433627226561012
11,"ok",8,"grain=8 (noise-seeded)",-0.031760424135847,0.323425414079366,1,178,-0.182243201839378
12,"ok",8,"grain=8 (noise-seeded)",-0.106708538881709,0.409986593436939,0.966292134831461,178,0.0768129569836283
13,"ok",8,"grain=8 (noise-seeded)",-0.0308681646888525,0.226665762299944,0.97752808988764,178,-0.0515396348399467
14,"ok",8,"grain=8 (noise-seeded)",-0.0420994494959343,0.203254868060066,0.949438202247191,178,0.00204990304071258
15,"ok",8,"grain=8 (noise-seeded)",-0.010211100739769,0.294276174806558,1,178,0.0163816316692278
2,"ok",8,"grain=8 (noise-seeded)",-0.029645319441949,0.271015497849666,1,178,-0.0515011165672063
3,"ok",8,"grain=8 (noise-seeded)",-0.0219167226621221,0.28130587975701,1,178,-0.0769592505979535
4,"ok",8,"grain=8 (noise-seeded)",-0.0332554567796413,0.229469587231841,1,178,-0.0396863599721518
5,"ok",8,"grain=8 (noise-seeded)",-0.0463555463371447,0.217755167630883,1,178,0.134344672147321
6,"ok",8,"grain=8 (noise-seeded)",-0.0473981911636924,0.199415230663616,0.966292134831461,178,0.0487353923964959
7,"ok",8,"grain=8 (noise-seeded)",0.0655584710460554,0.481210807710822,1,178,0.0131462171345748
8,"ok",8,"grain=8 (noise-seeded)",-0.0556476792706686,0.402050913317821,1,178,-0.192359618613398
9,"ok",8,"grain=8 (noise-seeded)",-0.0587497139874944,0.215194696283349,1,178,0.0674430150150202
1,"ok",3,"grain=3 (original, regional-structure truth)",-0.0427034309908748,0.184736036106975,1,178,NA
10,"ok",3,"grain=3 (original, regional-structure truth)",-0.0143030899747821,0.154936108173286,1,178,NA
11,"ok",3,"grain=3 (original, regional-structure truth)",-0.0211025963006723,0.152639224025953,1,178,NA
12,"ok",3,"grain=3 (original, regional-structure truth)",-0.0364183017625469,0.167555543846057,1,178,NA
13,"ok",3,"grain=3 (original, regional-structure truth)",-0.0372344055256041,0.17238138463169,1,178,NA
14,"ok",3,"grain=3 (original, regional-structure truth)",-0.0204452018758737,0.437335686638956,0.98876404494382,178,NA
15,"ok",3,"grain=3 (original, regional-structure truth)",-0.109179727180235,0.472068093880263,0.97752808988764,178,NA
16,"ok",3,"grain=3 (original, regional-structure truth)",-0.0546685150201251,0.240799447016903,1,178,NA
17,"ok",3,"grain=3 (original, regional-structure truth)",-0.0517847143757215,0.213023448030181,1,178,NA
18,"ok",3,"grain=3 (original, regional-structure truth)",-0.0422757157881274,0.302312147028887,1,178,NA
19,"ok",3,"grain=3 (original, regional-structure truth)",-0.00135780086983362,0.146417837038814,1,178,NA
2,"ok",3,"grain=3 (original, regional-structure truth)",-0.127237356961696,1.38694667951488,0.99438202247191,178,NA
20,"ok",3,"grain=3 (original, regional-structure truth)",-0.0544732201121081,0.236555993901266,1,178,NA
21,"ok",3,"grain=3 (original, regional-structure truth)",-0.027910467436778,0.166908893880983,1,178,NA
22,"ok",3,"grain=3 (original, regional-structure truth)",0.00595292900352479,0.814955979179984,0.971910112359551,178,NA
23,"ok",3,"grain=3 (original, regional-structure truth)",-0.0924811912161819,0.458119492573462,0.98314606741573,178,NA
24,"ok",3,"grain=3 (original, regional-structure truth)",-0.0251614954206496,0.112686605822147,1,178,NA
25,"ok",3,"grain=3 (original, regional-structure truth)",-0.0592127347556818,0.235739130359782,1,178,NA
26,"ok",3,"grain=3 (original, regional-structure truth)",-0.0503517063268015,0.436064241708761,1,178,NA
27,"ok",3,"grain=3 (original, regional-structure truth)",-0.00373097173056777,0.250286620428158,1,178,NA
28,"ok",3,"grain=3 (original, regional-structure truth)",-0.0307293557457817,0.21522112153492,1,178,NA
29,"ok",3,"grain=3 (original, regional-structure truth)",-0.0061005546546077,0.156525689272314,1,178,NA
3,"ok",3,"grain=3 (original, regional-structure truth)",-0.0143843181859206,0.125923698394682,1,178,NA
30,"ok",3,"grain=3 (original, regional-structure truth)",-0.0448927569824521,0.177021156327424,1,178,NA
31,"ok",3,"grain=3 (original, regional-structure truth)",-0.0520185767055103,0.209357444293431,0.98314606741573,178,NA
32,"ok",3,"grain=3 (original, regional-structure truth)",-0.0416126130352352,0.258175975546869,1,178,NA
33,"ok",3,"grain=3 (original, regional-structure truth)",-0.0644889956786521,0.282417280915049,0.949438202247191,178,NA
34,"ok",3,"grain=3 (original, regional-structure truth)",-0.0609040809161025,0.245230702150145,0.98876404494382,178,NA
35,"ok",3,"grain=3 (original, regional-structure truth)",-0.0364042856879027,0.16868911639834,1,178,NA
36,"ok",3,"grain=3 (original, regional-structure truth)",-0.0619113906916766,0.386002175032776,1,178,NA
37,"ok",3,"grain=3 (original, regional-structure truth)",-0.0395996254399824,0.22043432110565,1,178,NA
38,"ok",3,"grain=3 (original, regional-structure truth)",-0.00921699414667241,0.168153943522417,1,178,NA
39,"ok",3,"grain=3 (original, regional-structure truth)",-0.051005223130917,0.212164530085883,1,178,NA
4,"ok",3,"grain=3 (original, regional-structure truth)",-0.0446797512878865,0.306765122758992,1,178,NA
40,"ok",3,"grain=3 (original, regional-structure truth)",-0.0684616392244122,0.282797308277485,1,178,NA
41,"ok",3,"grain=3 (original, regional-structure truth)",-0.00104725564762158,0.204841498048463,1,178,NA
42,"ok",3,"grain=3 (original, regional-structure truth)",0.00440719725407785,0.176755897594046,1,178,NA
43,"ok",3,"grain=3 (original, regional-structure truth)",-0.0618277512137939,0.300290864583401,1,178,NA
44,"ok",3,"grain=3 (original, regional-structure truth)",-0.0211123654991391,0.21984975706041,1,178,NA
45,"ok",3,"grain=3 (original, regional-structure truth)",-0.0524150480388646,0.2397256405002,1,178,NA
46,"ok",3,"grain=3 (original, regional-structure truth)",0.0293288788703514,0.528766021120164,0.99438202247191,178,NA
47,"ok",3,"grain=3 (original, regional-structure truth)",0.000808214257491079,0.212160164651317,1,178,NA
48,"ok",3,"grain=3 (original, regional-structure truth)",-0.0896879694705651,0.893902558435778,0.99438202247191,178,NA
49,"ok",3,"grain=3 (original, regional-structure truth)",-0.0429571459547,0.200503721732781,1,178,NA
5,"ok",3,"grain=3 (original, regional-structure truth)",-0.0351015628759903,0.216560585287369,1,178,NA
50,"ok",3,"grain=3 (original, regional-structure truth)",-0.053186589519854,0.199588721450569,1,178,NA
6,"ok",3,"grain=3 (original, regional-structure truth)",-0.0598751764861467,0.249193142279286,1,178,NA
7,"ok",3,"grain=3 (original, regional-structure truth)",-0.0302216642008963,0.177270945716136,1,178,NA
8,"ok",3,"grain=3 (original, regional-structure truth)",-0.0768848005536563,0.291111814165838,0.926966292134832,178,NA
9,"ok",3,"grain=3 (original, regional-structure truth)",-0.0263188988872678,0.160599598680208,1,178,NA
1,"ok",3,"grain=3 (noise-seeded, supplement)",-0.0172422825198261,0.210289779860617,1,178,-0.00953012501346706
10,"ok",3,"grain=3 (noise-seeded, supplement)",-0.0344786970386552,0.228354626600556,1,178,0.0752454935934975
11,"ok",3,"grain=3 (noise-seeded, supplement)",0.010789207810467,0.300516739564241,1,178,0.0219717580067023
12,"ok",3,"grain=3 (noise-seeded, supplement)",-0.0237821140547082,0.231324024355849,0.99438202247191,178,0.0122992538433094
13,"ok",3,"grain=3 (noise-seeded, supplement)",-0.0368449664631988,0.206622936256109,1,178,0.0533880300122319
14,"ok",3,"grain=3 (noise-seeded, supplement)",0.0163698465499273,0.281120204707629,0.98876404494382,178,-0.0405061281942754
15,"ok",3,"grain=3 (noise-seeded, supplement)",-0.0683307022639778,0.302237506102807,1,178,0.0415695130028791
2,"ok",3,"grain=3 (noise-seeded, supplement)",-0.0221243029674265,0.495380757189882,0.99438202247191,178,-0.0363796913907759
3,"ok",3,"grain=3 (noise-seeded, supplement)",-0.0576625376694283,0.231864002402477,0.971910112359551,178,0.0267875097879587
4,"ok",3,"grain=3 (noise-seeded, supplement)",-0.0361880448054613,0.469849561479518,1,178,0.0865547500564699
5,"ok",3,"grain=3 (noise-seeded, supplement)",-0.0164594949258249,0.214265012104681,0.943820224719101,178,-0.0673590181281068
6,"ok",3,"grain=3 (noise-seeded, supplement)",-0.0239807927999558,0.236893153156269,1,178,-0.115245690981004
7,"ok",3,"grain=3 (noise-seeded, supplement)",-0.0441218515813453,0.212837884093171,1,178,-0.0173468315522807
8,"ok",3,"grain=3 (noise-seeded, supplement)",-0.0335481429553149,0.20968565982704,0.955056179775281,178,-0.0625768839087891
9,"ok",3,"grain=3 (noise-seeded, supplement)",-0.0248118790411759,0.222872804388807,1,178,0.0277009867390986
