cell100,count,x100,y100,xi,yi,in_iucn,in_expanded,in_presence
1,0,-1975000,3210000,-20,32,FALSE,FALSE,FALSE
3,0,-2075000,3110000,-21,31,FALSE,FALSE,FALSE
4,0,-1975000,3110000,-20,31,FALSE,FALSE,FALSE
5,0,-1875000,3110000,-19,31,TRUE,TRUE,FALSE
6,13,-1775000,3110000,-18,31,TRUE,TRUE,TRUE
7,46,-1675000,3110000,-17,31,TRUE,TRUE,TRUE
8,14,-1575000,3110000,-16,31,TRUE,TRUE,TRUE
10,0,-2075000,3010000,-21,30,FALSE,FALSE,FALSE
11,0,-1975000,3010000,-20,30,FALSE,FALSE,FALSE
16,89,-1475000,3010000,-15,30,TRUE,TRUE,TRUE
17,150,-1375000,3010000,-14,30,TRUE,TRUE,TRUE
18,191,-1275000,3010000,-13,30,TRUE,TRUE,TRUE
12,0,-1875000,3010000,-19,30,TRUE,TRUE,FALSE
19,0,-1175000,3010000,-12,30,TRUE,TRUE,FALSE
26,0,-1975000,2910000,-20,29,TRUE,TRUE,FALSE
27,0,-1875000,2910000,-19,29,TRUE,TRUE,FALSE
30,284,-1575000,2910000,-16,29,TRUE,TRUE,TRUE
33,2,-1275000,2910000,-13,29,TRUE,TRUE,TRUE
37,17,-875000,2910000,-9,29,TRUE,TRUE,TRUE
39,0,-675000,2910000,-7,29,TRUE,TRUE,FALSE
47,6,125000,2910000,1,29,TRUE,TRUE,TRUE
24,0,-2175000,2910000,-22,29,FALSE,FALSE,FALSE
25,0,-2075000,2910000,-21,29,TRUE,TRUE,FALSE
28,0,-1775000,2910000,-18,29,TRUE,TRUE,FALSE
46,17,25000,2910000,0,29,TRUE,TRUE,TRUE
48,3,1925000,2910000,19,29,TRUE,TRUE,TRUE
51,0,-2175000,2810000,-22,28,FALSE,FALSE,FALSE
52,3,-2075000,2810000,-21,28,TRUE,TRUE,TRUE
57,117,-1575000,2810000,-16,28,TRUE,TRUE,TRUE
58,10,-1475000,2810000,-15,28,TRUE,TRUE,TRUE
59,515,-1375000,2810000,-14,28,TRUE,TRUE,TRUE
66,0,-675000,2810000,-7,28,TRUE,TRUE,FALSE
53,0,-1975000,2810000,-20,28,TRUE,TRUE,FALSE
55,0,-1775000,2810000,-18,28,TRUE,TRUE,FALSE
76,81,325000,2810000,3,28,TRUE,TRUE,TRUE
77,26,425000,2810000,4,28,TRUE,TRUE,TRUE
84,264,2225000,2810000,22,28,TRUE,TRUE,TRUE
85,0,-2175000,2710000,-22,27,TRUE,TRUE,FALSE
102,11,-475000,2710000,-5,27,TRUE,TRUE,TRUE
111,23,425000,2710000,4,27,FALSE,TRUE,TRUE
118,68,1925000,2710000,19,27,TRUE,TRUE,TRUE
121,292,2225000,2710000,22,27,FALSE,TRUE,TRUE
90,13,-1675000,2710000,-17,27,TRUE,TRUE,TRUE
101,11,-575000,2710000,-6,27,TRUE,TRUE,TRUE
115,13,825000,2710000,8,27,FALSE,TRUE,TRUE
116,163,925000,2710000,9,27,TRUE,TRUE,TRUE
117,228,1825000,2710000,18,27,TRUE,TRUE,TRUE
120,560,2125000,2710000,21,27,TRUE,TRUE,TRUE
122,0,-2275000,2610000,-23,26,FALSE,FALSE,FALSE
123,0,-2175000,2610000,-22,26,TRUE,TRUE,FALSE
126,0,-1875000,2610000,-19,26,TRUE,TRUE,FALSE
128,0,-1675000,2610000,-17,26,TRUE,TRUE,FALSE
135,27,-975000,2610000,-10,26,TRUE,TRUE,TRUE
150,103,525000,2610000,5,26,TRUE,TRUE,TRUE
153,52,825000,2610000,8,26,FALSE,TRUE,TRUE
154,488,925000,2610000,9,26,FALSE,TRUE,TRUE
156,182,1625000,2610000,16,26,FALSE,TRUE,TRUE
158,1524,1825000,2610000,18,26,TRUE,TRUE,TRUE
159,158,1925000,2610000,19,26,TRUE,TRUE,TRUE
160,403,2025000,2610000,20,26,TRUE,TRUE,TRUE
161,99,2125000,2610000,21,26,FALSE,TRUE,TRUE
125,0,-1975000,2610000,-20,26,TRUE,TRUE,FALSE
129,18,-1575000,2610000,-16,26,TRUE,TRUE,TRUE
131,5,-1375000,2610000,-14,26,TRUE,TRUE,TRUE
133,175,-1175000,2610000,-12,26,TRUE,TRUE,TRUE
134,10,-1075000,2610000,-11,26,TRUE,TRUE,TRUE
146,137,125000,2610000,1,26,TRUE,TRUE,TRUE
149,88,425000,2610000,4,26,TRUE,TRUE,TRUE
169,11,-1575000,2510000,-16,25,FALSE,TRUE,TRUE
173,24,-1175000,2510000,-12,25,TRUE,TRUE,TRUE
174,48,-1075000,2510000,-11,25,TRUE,TRUE,TRUE
175,2,-975000,2510000,-10,25,TRUE,TRUE,TRUE
187,896,225000,2510000,2,25,TRUE,TRUE,TRUE
190,135,525000,2510000,5,25,TRUE,TRUE,TRUE
191,64,625000,2510000,6,25,TRUE,TRUE,TRUE
192,58,725000,2510000,7,25,FALSE,TRUE,TRUE
193,285,825000,2510000,8,25,FALSE,TRUE,TRUE
197,497,1525000,2510000,15,25,FALSE,TRUE,TRUE
198,177,1625000,2510000,16,25,TRUE,TRUE,TRUE
200,801,1825000,2510000,18,25,TRUE,TRUE,TRUE
202,505,2025000,2510000,20,25,TRUE,TRUE,TRUE
162,0,-2275000,2510000,-23,25,TRUE,TRUE,FALSE
163,0,-2175000,2510000,-22,25,TRUE,TRUE,FALSE
165,0,-1975000,2510000,-20,25,TRUE,TRUE,FALSE
172,8,-1275000,2510000,-13,25,TRUE,TRUE,TRUE
189,17,425000,2510000,4,25,TRUE,TRUE,TRUE
201,1118,1925000,2510000,19,25,TRUE,TRUE,TRUE
203,0,-2275000,2410000,-23,24,FALSE,FALSE,FALSE
204,0,-2175000,2410000,-22,24,FALSE,FALSE,FALSE
207,0,-1875000,2410000,-19,24,FALSE,FALSE,FALSE
209,0,-1675000,2410000,-17,24,FALSE,FALSE,FALSE
210,1,-1575000,2410000,-16,24,FALSE,FALSE,TRUE
213,28,-1275000,2410000,-13,24,TRUE,TRUE,TRUE
214,38,-1175000,2410000,-12,24,TRUE,TRUE,TRUE
219,78,-675000,2410000,-7,24,TRUE,TRUE,TRUE
228,2206,225000,2410000,2,24,TRUE,TRUE,TRUE
229,176,325000,2410000,3,24,TRUE,TRUE,TRUE
231,600,525000,2410000,5,24,TRUE,TRUE,TRUE
240,850,1525000,2410000,15,24,FALSE,TRUE,TRUE
243,621,1825000,2410000,18,24,TRUE,TRUE,TRUE
244,1161,1925000,2410000,19,24,TRUE,TRUE,TRUE
245,3542,2025000,2410000,20,24,FALSE,TRUE,TRUE
220,60,-575000,2410000,-6,24,TRUE,TRUE,TRUE
230,85,425000,2410000,4,24,TRUE,TRUE,TRUE
239,104,1425000,2410000,14,24,FALSE,TRUE,TRUE
241,610,1625000,2410000,16,24,TRUE,TRUE,TRUE
246,166,2125000,2410000,21,24,FALSE,TRUE,TRUE
247,0,-2375000,2310000,-24,23,FALSE,FALSE,FALSE
248,0,-2275000,2310000,-23,23,FALSE,FALSE,FALSE
252,0,-1875000,2310000,-19,23,FALSE,FALSE,FALSE
260,7,-1075000,2310000,-11,23,TRUE,TRUE,TRUE
265,217,-575000,2310000,-6,23,TRUE,TRUE,TRUE
266,11,-475000,2310000,-5,23,TRUE,TRUE,TRUE
273,66,225000,2310000,2,23,TRUE,TRUE,TRUE
277,551,625000,2310000,6,23,TRUE,TRUE,TRUE
280,473,925000,2310000,9,23,TRUE,TRUE,TRUE
283,295,1325000,2310000,13,23,FALSE,TRUE,TRUE
285,257,1525000,2310000,15,23,TRUE,TRUE,TRUE
286,1054,1625000,2310000,16,23,TRUE,TRUE,TRUE
287,301,1725000,2310000,17,23,TRUE,TRUE,TRUE
289,1336,1925000,2310000,19,23,TRUE,TRUE,TRUE
290,998,2025000,2310000,20,23,FALSE,TRUE,TRUE
258,1,-1275000,2310000,-13,23,TRUE,TRUE,TRUE
275,127,425000,2310000,4,23,TRUE,TRUE,TRUE
276,318,525000,2310000,5,23,TRUE,TRUE,TRUE
279,441,825000,2310000,8,23,TRUE,TRUE,TRUE
292,0,-2375000,2210000,-24,22,FALSE,FALSE,FALSE
293,0,-2275000,2210000,-23,22,FALSE,FALSE,FALSE
295,0,-2075000,2210000,-21,22,FALSE,FALSE,FALSE
302,0,-1375000,2210000,-14,22,TRUE,TRUE,FALSE
307,10,-875000,2210000,-9,22,TRUE,TRUE,TRUE
321,565,525000,2210000,5,22,TRUE,TRUE,TRUE
322,928,625000,2210000,6,22,TRUE,TRUE,TRUE
324,1361,825000,2210000,8,22,TRUE,TRUE,TRUE
325,956,925000,2210000,9,22,TRUE,TRUE,TRUE
326,2344,1025000,2210000,10,22,TRUE,TRUE,TRUE
330,220,1425000,2210000,14,22,TRUE,TRUE,TRUE
333,1105,1725000,2210000,17,22,TRUE,TRUE,TRUE
334,5121,1825000,2210000,18,22,TRUE,TRUE,TRUE
335,1561,1925000,2210000,19,22,FALSE,TRUE,TRUE
294,0,-2175000,2210000,-22,22,FALSE,FALSE,FALSE
314,18,-175000,2210000,-2,22,TRUE,TRUE,TRUE
328,169,1225000,2210000,12,22,FALSE,TRUE,TRUE
329,388,1325000,2210000,13,22,TRUE,TRUE,TRUE
337,0,-2375000,2110000,-24,21,FALSE,FALSE,FALSE
339,0,-2175000,2110000,-22,21,FALSE,FALSE,FALSE
341,0,-1975000,2110000,-20,21,TRUE,TRUE,FALSE
347,0,-1375000,2110000,-14,21,FALSE,FALSE,FALSE
348,0,-1275000,2110000,-13,21,TRUE,TRUE,FALSE
350,0,-1075000,2110000,-11,21,TRUE,TRUE,FALSE
363,621,225000,2110000,2,21,TRUE,TRUE,TRUE
367,2256,625000,2110000,6,21,TRUE,TRUE,TRUE
368,1737,725000,2110000,7,21,FALSE,TRUE,TRUE
370,146,925000,2110000,9,21,TRUE,TRUE,TRUE
371,500,1025000,2110000,10,21,TRUE,TRUE,TRUE
372,853,1125000,2110000,11,21,TRUE,TRUE,TRUE
373,3077,1225000,2110000,12,21,TRUE,TRUE,TRUE
374,1284,1325000,2110000,13,21,TRUE,TRUE,TRUE
376,341,1525000,2110000,15,21,TRUE,TRUE,TRUE
378,6383,1725000,2110000,17,21,TRUE,TRUE,TRUE
379,2231,1825000,2110000,18,21,TRUE,TRUE,TRUE
338,0,-2275000,2110000,-23,21,FALSE,FALSE,FALSE
340,0,-2075000,2110000,-21,21,FALSE,FALSE,FALSE
344,0,-1675000,2110000,-17,21,FALSE,FALSE,FALSE
352,5,-875000,2110000,-9,21,TRUE,TRUE,TRUE
365,113,425000,2110000,4,21,TRUE,TRUE,TRUE
369,184,825000,2110000,8,21,TRUE,TRUE,TRUE
377,516,1625000,2110000,16,21,TRUE,TRUE,TRUE
381,0,-2275000,2010000,-23,20,FALSE,FALSE,FALSE
382,0,-2175000,2010000,-22,20,FALSE,FALSE,FALSE
383,0,-2075000,2010000,-21,20,FALSE,FALSE,FALSE
391,0,-1275000,2010000,-13,20,FALSE,FALSE,FALSE
393,0,-1075000,2010000,-11,20,FALSE,FALSE,FALSE
395,2,-875000,2010000,-9,20,FALSE,FALSE,TRUE
396,554,-775000,2010000,-8,20,TRUE,TRUE,TRUE
404,345,25000,2010000,0,20,TRUE,TRUE,TRUE
415,1311,1125000,2010000,11,20,TRUE,TRUE,TRUE
417,2251,1325000,2010000,13,20,TRUE,TRUE,TRUE
418,549,1425000,2010000,14,20,TRUE,TRUE,TRUE
420,2899,1625000,2010000,16,20,TRUE,TRUE,TRUE
421,1408,1725000,2010000,17,20,TRUE,TRUE,TRUE
422,153,1825000,2010000,18,20,FALSE,TRUE,TRUE
389,0,-1475000,2010000,-15,20,FALSE,FALSE,FALSE
409,176,525000,2010000,5,20,TRUE,TRUE,TRUE
413,128,925000,2010000,9,20,TRUE,TRUE,TRUE
419,609,1525000,2010000,15,20,TRUE,TRUE,TRUE
424,0,-2275000,1910000,-23,19,FALSE,FALSE,FALSE
427,0,-1975000,1910000,-20,19,FALSE,FALSE,FALSE
431,0,-1575000,1910000,-16,19,FALSE,FALSE,FALSE
437,0,-975000,1910000,-10,19,FALSE,FALSE,FALSE
438,2,-875000,1910000,-9,19,TRUE,TRUE,TRUE
439,727,-775000,1910000,-8,19,TRUE,TRUE,TRUE
444,2,-275000,1910000,-3,19,TRUE,TRUE,TRUE
448,30,125000,1910000,1,19,TRUE,TRUE,TRUE
453,544,625000,1910000,6,19,TRUE,TRUE,TRUE
455,419,825000,1910000,8,19,TRUE,TRUE,TRUE
457,710,1025000,1910000,10,19,TRUE,TRUE,TRUE
458,349,1125000,1910000,11,19,TRUE,TRUE,TRUE
461,544,1425000,1910000,14,19,TRUE,TRUE,TRUE
462,1742,1525000,1910000,15,19,TRUE,TRUE,TRUE
463,12249,1625000,1910000,16,19,TRUE,TRUE,TRUE
464,713,1725000,1910000,17,19,TRUE,TRUE,TRUE
425,0,-2175000,1910000,-22,19,FALSE,FALSE,FALSE
426,0,-2075000,1910000,-21,19,FALSE,FALSE,FALSE
434,0,-1275000,1910000,-13,19,FALSE,FALSE,FALSE
454,147,725000,1910000,7,19,TRUE,TRUE,TRUE
456,698,925000,1910000,9,19,TRUE,TRUE,TRUE
459,610,1225000,1910000,12,19,TRUE,TRUE,TRUE
465,499,1825000,1910000,18,19,FALSE,TRUE,TRUE
466,0,-2275000,1810000,-23,18,FALSE,FALSE,FALSE
467,0,-2175000,1810000,-22,18,FALSE,FALSE,FALSE
468,0,-2075000,1810000,-21,18,FALSE,FALSE,FALSE
469,0,-1975000,1810000,-20,18,FALSE,FALSE,FALSE
475,0,-1375000,1810000,-14,18,FALSE,FALSE,FALSE
479,0,-975000,1810000,-10,18,FALSE,FALSE,FALSE
496,38,725000,1810000,7,18,TRUE,TRUE,TRUE
499,459,1025000,1810000,10,18,TRUE,TRUE,TRUE
506,224,1725000,1810000,17,18,FALSE,TRUE,TRUE
507,71,1825000,1810000,18,18,FALSE,TRUE,TRUE
470,0,-1875000,1810000,-19,18,FALSE,FALSE,FALSE
476,0,-1275000,1810000,-13,18,FALSE,FALSE,FALSE
477,0,-1175000,1810000,-12,18,FALSE,FALSE,FALSE
480,0,-875000,1810000,-9,18,FALSE,FALSE,FALSE
481,114,-775000,1810000,-8,18,TRUE,TRUE,TRUE
485,5,-375000,1810000,-4,18,TRUE,TRUE,TRUE
489,126,25000,1810000,0,18,TRUE,TRUE,TRUE
491,16,225000,1810000,2,18,TRUE,TRUE,TRUE
492,431,325000,1810000,3,18,TRUE,TRUE,TRUE
504,858,1525000,1810000,15,18,TRUE,TRUE,TRUE
505,1154,1625000,1810000,16,18,TRUE,TRUE,TRUE
508,0,-2275000,1710000,-23,17,FALSE,FALSE,FALSE
511,0,-1975000,1710000,-20,17,FALSE,FALSE,FALSE
516,0,-1475000,1710000,-15,17,FALSE,FALSE,FALSE
517,0,-1375000,1710000,-14,17,FALSE,FALSE,FALSE
520,0,-1075000,1710000,-11,17,FALSE,FALSE,FALSE
521,0,-975000,1710000,-10,17,FALSE,FALSE,FALSE
522,1,-875000,1710000,-9,17,TRUE,TRUE,TRUE
524,2,-675000,1710000,-7,17,TRUE,TRUE,TRUE
533,117,225000,1710000,2,17,TRUE,TRUE,TRUE
536,608,525000,1710000,5,17,TRUE,TRUE,TRUE
538,53,725000,1710000,7,17,TRUE,TRUE,TRUE
545,415,1425000,1710000,14,17,TRUE,TRUE,TRUE
547,312,1625000,1710000,16,17,TRUE,TRUE,TRUE
548,664,1725000,1710000,17,17,TRUE,TRUE,TRUE
509,0,-2175000,1710000,-22,17,FALSE,FALSE,FALSE
512,0,-1875000,1710000,-19,17,FALSE,FALSE,FALSE
519,0,-1175000,1710000,-12,17,FALSE,FALSE,FALSE
523,23,-775000,1710000,-8,17,TRUE,TRUE,TRUE
542,62,1125000,1710000,11,17,TRUE,TRUE,TRUE
550,0,-2175000,1610000,-22,16,FALSE,FALSE,FALSE
552,0,-1975000,1610000,-20,16,FALSE,FALSE,FALSE
555,0,-1675000,1610000,-17,16,FALSE,FALSE,FALSE
558,0,-1375000,1610000,-14,16,FALSE,FALSE,FALSE
562,0,-975000,1610000,-10,16,FALSE,FALSE,FALSE
577,51,525000,1610000,5,16,TRUE,TRUE,TRUE
580,190,825000,1610000,8,16,TRUE,TRUE,TRUE
585,222,1325000,1610000,13,16,TRUE,TRUE,TRUE
590,183,1825000,1610000,18,16,FALSE,TRUE,TRUE
551,0,-2075000,1610000,-21,16,FALSE,FALSE,FALSE
557,0,-1475000,1610000,-15,16,FALSE,FALSE,FALSE
565,0,-675000,1610000,-7,16,TRUE,TRUE,FALSE
574,107,225000,1610000,2,16,TRUE,TRUE,TRUE
584,666,1225000,1610000,12,16,TRUE,TRUE,TRUE
586,436,1425000,1610000,14,16,TRUE,TRUE,TRUE
587,2227,1525000,1610000,15,16,TRUE,TRUE,TRUE
589,74,1725000,1610000,17,16,FALSE,TRUE,TRUE
591,0,-2175000,1510000,-22,15,FALSE,FALSE,FALSE
592,0,-2075000,1510000,-21,15,FALSE,FALSE,FALSE
602,0,-1075000,1510000,-11,15,FALSE,FALSE,FALSE
604,1,-875000,1510000,-9,15,TRUE,TRUE,TRUE
605,10,-775000,1510000,-8,15,TRUE,TRUE,TRUE
622,117,925000,1510000,9,15,TRUE,TRUE,TRUE
623,447,1025000,1510000,10,15,TRUE,TRUE,TRUE
625,1508,1225000,1510000,12,15,TRUE,TRUE,TRUE
628,1493,1525000,1510000,15,15,TRUE,TRUE,TRUE
631,69,1825000,1510000,18,15,FALSE,TRUE,TRUE
593,0,-1975000,1510000,-20,15,FALSE,FALSE,FALSE
603,0,-975000,1510000,-10,15,FALSE,FALSE,FALSE
624,1120,1125000,1510000,11,15,TRUE,TRUE,TRUE
626,463,1325000,1510000,13,15,TRUE,TRUE,TRUE
633,0,-2075000,1410000,-21,14,FALSE,FALSE,FALSE
634,0,-1975000,1410000,-20,14,FALSE,FALSE,FALSE
635,0,-1875000,1410000,-19,14,FALSE,FALSE,FALSE
636,0,-1775000,1410000,-18,14,FALSE,FALSE,FALSE
637,0,-1675000,1410000,-17,14,TRUE,TRUE,FALSE
639,53,-1475000,1410000,-15,14,TRUE,TRUE,TRUE
640,111,-1375000,1410000,-14,14,TRUE,TRUE,TRUE
641,0,-1275000,1410000,-13,14,FALSE,FALSE,FALSE
643,0,-1075000,1410000,-11,14,FALSE,FALSE,FALSE
645,4,-875000,1410000,-9,14,TRUE,TRUE,TRUE
653,181,-75000,1410000,-1,14,TRUE,TRUE,TRUE
656,160,225000,1410000,2,14,TRUE,TRUE,TRUE
658,56,425000,1410000,4,14,TRUE,TRUE,TRUE
663,522,925000,1410000,9,14,TRUE,TRUE,TRUE
665,168,1125000,1410000,11,14,TRUE,TRUE,TRUE
666,446,1225000,1410000,12,14,TRUE,TRUE,TRUE
667,380,1325000,1410000,13,14,TRUE,TRUE,TRUE
644,0,-975000,1410000,-10,14,FALSE,FALSE,FALSE
670,90,1625000,1410000,16,14,TRUE,TRUE,TRUE
673,0,-1975000,1310000,-20,13,FALSE,FALSE,FALSE
674,0,-1875000,1310000,-19,13,FALSE,FALSE,FALSE
675,0,-1775000,1310000,-18,13,FALSE,FALSE,FALSE
678,4,-1475000,1310000,-15,13,TRUE,TRUE,TRUE
687,19,-575000,1310000,-6,13,TRUE,TRUE,TRUE
698,154,525000,1310000,5,13,TRUE,TRUE,TRUE
705,79,1225000,1310000,12,13,TRUE,TRUE,TRUE
708,91,1525000,1310000,15,13,TRUE,TRUE,TRUE
676,0,-1675000,1310000,-17,13,TRUE,TRUE,FALSE
681,1,-1175000,1310000,-12,13,TRUE,TRUE,TRUE
682,0,-1075000,1310000,-11,13,TRUE,TRUE,FALSE
695,111,225000,1310000,2,13,TRUE,TRUE,TRUE
703,1028,1025000,1310000,10,13,TRUE,TRUE,TRUE
704,1076,1125000,1310000,11,13,TRUE,TRUE,TRUE
711,0,-1775000,1210000,-18,12,TRUE,TRUE,FALSE
715,49,-1375000,1210000,-14,12,TRUE,TRUE,TRUE
719,0,-975000,1210000,-10,12,FALSE,FALSE,FALSE
723,26,-575000,1210000,-6,12,TRUE,TRUE,TRUE
724,88,-475000,1210000,-5,12,TRUE,TRUE,TRUE
725,610,-375000,1210000,-4,12,TRUE,TRUE,TRUE
730,88,125000,1210000,1,12,TRUE,TRUE,TRUE
737,344,825000,1210000,8,12,TRUE,TRUE,TRUE
740,247,1125000,1210000,11,12,TRUE,TRUE,TRUE
743,214,1425000,1210000,14,12,TRUE,TRUE,TRUE
718,4,-1075000,1210000,-11,12,TRUE,TRUE,TRUE
720,4,-875000,1210000,-9,12,TRUE,TRUE,TRUE
728,166,-75000,1210000,-1,12,TRUE,TRUE,TRUE
748,1030,-1375000,1110000,-14,11,TRUE,TRUE,TRUE
751,3,-1075000,1110000,-11,11,TRUE,TRUE,TRUE
773,34,1125000,1110000,11,11,TRUE,TRUE,TRUE
774,21,1225000,1110000,12,11,TRUE,TRUE,TRUE
747,16,-1475000,1110000,-15,11,TRUE,TRUE,TRUE
749,726,-1275000,1110000,-13,11,TRUE,TRUE,TRUE
760,1245,-175000,1110000,-2,11,TRUE,TRUE,TRUE
761,2361,-75000,1110000,-1,11,TRUE,TRUE,TRUE
777,23,-1475000,1010000,-15,10,TRUE,TRUE,TRUE
778,1193,-1375000,1010000,-14,10,TRUE,TRUE,TRUE
782,0,-975000,1010000,-10,10,TRUE,TRUE,FALSE
797,44,525000,1010000,5,10,TRUE,TRUE,TRUE
801,195,925000,1010000,9,10,TRUE,TRUE,TRUE
802,46,1025000,1010000,10,10,TRUE,TRUE,TRUE
805,20,1325000,1010000,13,10,TRUE,TRUE,TRUE
785,0,-675000,1010000,-7,10,TRUE,TRUE,FALSE
786,54,-575000,1010000,-6,10,TRUE,TRUE,TRUE
812,129,-475000,910000,-5,9,TRUE,TRUE,TRUE
813,83,-375000,910000,-4,9,TRUE,TRUE,TRUE
817,273,25000,910000,0,9,TRUE,TRUE,TRUE
820,39,325000,910000,3,9,TRUE,TRUE,TRUE
821,71,425000,910000,4,9,TRUE,TRUE,TRUE
829,26,1225000,910000,12,9,TRUE,TRUE,TRUE
831,156,1425000,910000,14,9,FALSE,TRUE,TRUE
808,0,-875000,910000,-9,9,TRUE,TRUE,FALSE
809,62,-775000,910000,-8,9,TRUE,TRUE,TRUE
815,1111,-175000,910000,-2,9,TRUE,TRUE,TRUE
818,252,125000,910000,1,9,TRUE,TRUE,TRUE
827,41,1025000,910000,10,9,TRUE,TRUE,TRUE
833,16,-775000,810000,-8,8,TRUE,TRUE,TRUE
835,43,-575000,810000,-6,8,TRUE,TRUE,TRUE
836,44,-475000,810000,-5,8,TRUE,TRUE,TRUE
839,4392,-175000,810000,-2,8,TRUE,TRUE,TRUE
840,946,-75000,810000,-1,8,TRUE,TRUE,TRUE
841,1587,25000,810000,0,8,TRUE,TRUE,TRUE
842,180,125000,810000,1,8,TRUE,TRUE,TRUE
845,96,425000,810000,4,8,TRUE,TRUE,TRUE
848,64,725000,810000,7,8,FALSE,TRUE,TRUE
854,1247,1325000,810000,13,8,TRUE,TRUE,TRUE
855,275,1425000,810000,14,8,TRUE,TRUE,TRUE
838,898,-275000,810000,-3,8,TRUE,TRUE,TRUE
851,119,1025000,810000,10,8,FALSE,TRUE,TRUE
857,1,-775000,710000,-8,7,TRUE,TRUE,TRUE
858,386,-675000,710000,-7,7,TRUE,TRUE,TRUE
860,166,-375000,710000,-4,7,TRUE,TRUE,TRUE
861,7045,-275000,710000,-3,7,TRUE,TRUE,TRUE
862,2101,-175000,710000,-2,7,TRUE,TRUE,TRUE
863,272,-75000,710000,-1,7,TRUE,TRUE,TRUE
864,1094,25000,710000,0,7,TRUE,TRUE,TRUE
865,424,125000,710000,1,7,FALSE,TRUE,TRUE
873,387,1325000,710000,13,7,TRUE,TRUE,TRUE
874,1102,1425000,710000,14,7,TRUE,TRUE,TRUE
875,68,1525000,710000,15,7,FALSE,TRUE,TRUE
880,823,-75000,610000,-1,6,TRUE,TRUE,TRUE
883,759,1325000,610000,13,6,FALSE,TRUE,TRUE
884,245,1425000,610000,14,6,TRUE,TRUE,TRUE
885,278,1525000,610000,15,6,TRUE,TRUE,TRUE
889,750,-175000,510000,-2,5,TRUE,TRUE,TRUE
891,55,1325000,510000,13,5,FALSE,TRUE,TRUE
892,270,1425000,510000,14,5,TRUE,TRUE,TRUE
893,71,1525000,510000,15,5,TRUE,TRUE,TRUE
899,75,1425000,410000,14,4,FALSE,TRUE,TRUE
900,169,1525000,410000,15,4,TRUE,TRUE,TRUE
901,1,1625000,410000,16,4,FALSE,FALSE,TRUE
896,89,-275000,410000,-3,4,TRUE,TRUE,TRUE
902,10,-275000,310000,-3,3,TRUE,TRUE,TRUE
903,112,-175000,310000,-2,3,TRUE,TRUE,TRUE
908,0,1625000,310000,16,3,FALSE,FALSE,FALSE
907,973,1525000,310000,15,3,FALSE,TRUE,TRUE
13,6,-1775000,3010000,-18,30,TRUE,TRUE,TRUE
14,9,-1675000,3010000,-17,30,TRUE,TRUE,TRUE
20,3,-1075000,3010000,-11,30,TRUE,TRUE,TRUE
21,0,-975000,3010000,-10,30,TRUE,TRUE,FALSE
32,259,-1375000,2910000,-14,29,TRUE,TRUE,TRUE
34,13,-1175000,2910000,-12,29,TRUE,TRUE,TRUE
35,0,-1075000,2910000,-11,29,TRUE,TRUE,FALSE
49,11,2025000,2910000,20,29,TRUE,TRUE,TRUE
31,120,-1475000,2910000,-15,29,TRUE,TRUE,TRUE
43,1,-275000,2910000,-3,29,TRUE,TRUE,TRUE
44,0,-175000,2910000,-2,29,TRUE,TRUE,FALSE
56,41,-1675000,2810000,-17,28,TRUE,TRUE,TRUE
60,18,-1275000,2810000,-13,28,TRUE,TRUE,TRUE
78,173,525000,2810000,5,28,FALSE,TRUE,TRUE
81,12,1925000,2810000,19,28,TRUE,TRUE,TRUE
61,11,-1175000,2810000,-12,28,TRUE,TRUE,TRUE
72,36,-75000,2810000,-1,28,TRUE,TRUE,TRUE
73,16,25000,2810000,0,28,TRUE,TRUE,TRUE
86,0,-2075000,2710000,-21,27,TRUE,TRUE,FALSE
87,0,-1975000,2710000,-20,27,TRUE,TRUE,FALSE
93,89,-1375000,2710000,-14,27,TRUE,TRUE,TRUE
100,0,-675000,2710000,-7,27,TRUE,TRUE,FALSE
113,58,625000,2710000,6,27,FALSE,TRUE,TRUE
106,15,-75000,2710000,-1,27,TRUE,TRUE,TRUE
107,48,25000,2710000,0,27,TRUE,TRUE,TRUE
109,115,225000,2710000,2,27,TRUE,TRUE,TRUE
119,106,2025000,2710000,20,27,TRUE,TRUE,TRUE
124,0,-2075000,2610000,-21,26,TRUE,TRUE,FALSE
137,0,-775000,2610000,-8,26,TRUE,TRUE,FALSE
141,26,-375000,2610000,-4,26,TRUE,TRUE,TRUE
144,107,-75000,2610000,-1,26,TRUE,TRUE,TRUE
148,298,325000,2610000,3,26,TRUE,TRUE,TRUE
151,312,625000,2610000,6,26,TRUE,TRUE,TRUE
152,84,725000,2610000,7,26,TRUE,TRUE,TRUE
147,310,225000,2610000,2,26,TRUE,TRUE,TRUE
157,228,1725000,2610000,17,26,TRUE,TRUE,TRUE
179,0,-575000,2510000,-6,25,TRUE,TRUE,FALSE
188,66,325000,2510000,3,25,TRUE,TRUE,TRUE
199,175,1725000,2510000,17,25,TRUE,TRUE,TRUE
164,0,-2075000,2510000,-21,25,TRUE,TRUE,FALSE
166,0,-1875000,2510000,-19,25,TRUE,TRUE,FALSE
171,4,-1375000,2510000,-14,25,TRUE,TRUE,TRUE
206,0,-1975000,2410000,-20,24,TRUE,TRUE,FALSE
208,0,-1775000,2410000,-18,24,FALSE,FALSE,FALSE
242,105,1725000,2410000,17,24,TRUE,TRUE,TRUE
205,0,-2075000,2410000,-21,24,FALSE,FALSE,FALSE
232,384,625000,2410000,6,24,TRUE,TRUE,TRUE
249,0,-2175000,2310000,-22,23,FALSE,FALSE,FALSE
250,0,-2075000,2310000,-21,23,FALSE,FALSE,FALSE
251,0,-1975000,2310000,-20,23,TRUE,TRUE,FALSE
253,0,-1775000,2310000,-18,23,FALSE,FALSE,FALSE
256,0,-1475000,2310000,-15,23,FALSE,FALSE,FALSE
284,1069,1425000,2310000,14,23,TRUE,TRUE,TRUE
288,1168,1825000,2310000,18,23,TRUE,TRUE,TRUE
291,293,2125000,2310000,21,23,FALSE,TRUE,TRUE
281,295,1025000,2310000,10,23,TRUE,TRUE,TRUE
303,0,-1275000,2210000,-13,22,TRUE,TRUE,FALSE
312,19,-375000,2210000,-4,22,TRUE,TRUE,TRUE
327,14,1125000,2210000,11,22,FALSE,TRUE,TRUE
300,0,-1575000,2210000,-16,22,FALSE,FALSE,FALSE
304,0,-1175000,2210000,-12,22,TRUE,TRUE,FALSE
309,8,-675000,2210000,-7,22,TRUE,TRUE,TRUE
319,107,325000,2210000,3,22,TRUE,TRUE,TRUE
332,746,1625000,2210000,16,22,TRUE,TRUE,TRUE
345,0,-1575000,2110000,-16,21,FALSE,FALSE,FALSE
351,0,-975000,2110000,-10,21,TRUE,TRUE,FALSE
361,16,25000,2110000,0,21,TRUE,TRUE,TRUE
364,397,325000,2110000,3,21,TRUE,TRUE,TRUE
366,137,525000,2110000,5,21,TRUE,TRUE,TRUE
375,337,1425000,2110000,14,21,TRUE,TRUE,TRUE
349,0,-1175000,2110000,-12,21,TRUE,TRUE,FALSE
353,3,-775000,2110000,-8,21,TRUE,TRUE,TRUE
384,0,-1975000,2010000,-20,20,FALSE,FALSE,FALSE
392,0,-1175000,2010000,-12,20,FALSE,FALSE,FALSE
394,0,-975000,2010000,-10,20,TRUE,TRUE,FALSE
411,244,725000,2010000,7,20,TRUE,TRUE,TRUE
385,0,-1875000,2010000,-19,20,FALSE,FALSE,FALSE
397,6,-675000,2010000,-7,20,TRUE,TRUE,TRUE
401,6,-275000,2010000,-3,20,TRUE,TRUE,TRUE
402,17,-175000,2010000,-2,20,TRUE,TRUE,TRUE
414,554,1025000,2010000,10,20,TRUE,TRUE,TRUE
436,0,-1075000,1910000,-11,19,FALSE,FALSE,FALSE
450,29,325000,1910000,3,19,TRUE,TRUE,TRUE
452,202,525000,1910000,5,19,TRUE,TRUE,TRUE
460,748,1325000,1910000,13,19,TRUE,TRUE,TRUE
478,0,-1075000,1810000,-11,18,FALSE,FALSE,FALSE
497,328,825000,1810000,8,18,TRUE,TRUE,TRUE
498,197,925000,1810000,9,18,TRUE,TRUE,TRUE
500,141,1125000,1810000,11,18,TRUE,TRUE,TRUE
502,190,1325000,1810000,13,18,TRUE,TRUE,TRUE
503,330,1425000,1810000,14,18,TRUE,TRUE,TRUE
482,0,-675000,1810000,-7,18,TRUE,TRUE,FALSE
483,5,-575000,1810000,-6,18,TRUE,TRUE,TRUE
490,431,125000,1810000,1,18,TRUE,TRUE,TRUE
501,175,1225000,1810000,12,18,TRUE,TRUE,TRUE
514,0,-1675000,1710000,-17,17,FALSE,FALSE,FALSE
515,0,-1575000,1710000,-16,17,FALSE,FALSE,FALSE
535,536,425000,1710000,4,17,TRUE,TRUE,TRUE
546,216,1525000,1710000,15,17,TRUE,TRUE,TRUE
530,13,-75000,1710000,-1,17,TRUE,TRUE,TRUE
541,371,1025000,1710000,10,17,TRUE,TRUE,TRUE
554,0,-1775000,1610000,-18,16,FALSE,FALSE,FALSE
561,0,-1075000,1610000,-11,16,FALSE,FALSE,FALSE
566,4,-575000,1610000,-6,16,TRUE,TRUE,TRUE
568,9,-375000,1610000,-4,16,TRUE,TRUE,TRUE
578,258,625000,1610000,6,16,TRUE,TRUE,TRUE
575,41,325000,1610000,3,16,TRUE,TRUE,TRUE
595,0,-1775000,1510000,-18,15,FALSE,FALSE,FALSE
600,0,-1275000,1510000,-13,15,FALSE,FALSE,FALSE
606,3,-675000,1510000,-7,15,TRUE,TRUE,TRUE
611,32,-175000,1510000,-2,15,TRUE,TRUE,TRUE
613,294,25000,1510000,0,15,TRUE,TRUE,TRUE
629,102,1625000,1510000,16,15,TRUE,TRUE,TRUE
598,3,-1475000,1510000,-15,15,TRUE,TRUE,TRUE
599,2,-1375000,1510000,-14,15,FALSE,FALSE,TRUE
601,0,-1175000,1510000,-12,15,FALSE,FALSE,FALSE
609,7,-375000,1510000,-4,15,TRUE,TRUE,TRUE
614,226,125000,1510000,1,15,TRUE,TRUE,TRUE
619,55,625000,1510000,6,15,TRUE,TRUE,TRUE
621,1100,825000,1510000,8,15,TRUE,TRUE,TRUE
630,79,1725000,1510000,17,15,TRUE,TRUE,TRUE
646,2,-775000,1410000,-8,14,TRUE,TRUE,TRUE
652,314,-175000,1410000,-2,14,TRUE,TRUE,TRUE
654,152,25000,1410000,0,14,TRUE,TRUE,TRUE
657,73,325000,1410000,3,14,TRUE,TRUE,TRUE
638,0,-1575000,1410000,-16,14,TRUE,TRUE,FALSE
679,38,-1375000,1310000,-14,13,TRUE,TRUE,TRUE
683,0,-975000,1310000,-10,13,FALSE,FALSE,FALSE
680,1,-1275000,1310000,-13,13,TRUE,TRUE,TRUE
686,0,-675000,1310000,-7,13,TRUE,TRUE,FALSE
690,84,-275000,1310000,-3,13,TRUE,TRUE,TRUE
692,192,-75000,1310000,-1,13,TRUE,TRUE,TRUE
710,0,-1875000,1210000,-19,12,FALSE,FALSE,FALSE
716,26,-1275000,1210000,-13,12,TRUE,TRUE,TRUE
739,473,1025000,1210000,10,12,TRUE,TRUE,TRUE
717,17,-1175000,1210000,-12,12,TRUE,TRUE,TRUE
726,308,-275000,1210000,-3,12,TRUE,TRUE,TRUE
738,60,925000,1210000,9,12,TRUE,TRUE,TRUE
745,0,-1675000,1110000,-17,11,TRUE,TRUE,FALSE
752,0,-975000,1110000,-10,11,TRUE,TRUE,FALSE
753,64,-875000,1110000,-9,11,TRUE,TRUE,TRUE
772,156,1025000,1110000,10,11,TRUE,TRUE,TRUE
776,591,1425000,1110000,14,11,FALSE,TRUE,TRUE
763,95,125000,1110000,1,11,TRUE,TRUE,TRUE
764,33,225000,1110000,2,11,TRUE,TRUE,TRUE
765,29,325000,1110000,3,11,TRUE,TRUE,TRUE
769,36,725000,1110000,7,11,TRUE,TRUE,TRUE
770,75,825000,1110000,8,11,TRUE,TRUE,TRUE
779,23,-1275000,1010000,-13,10,TRUE,TRUE,TRUE
780,17,-1175000,1010000,-12,10,TRUE,TRUE,TRUE
792,246,25000,1010000,0,10,TRUE,TRUE,TRUE
793,108,125000,1010000,1,10,TRUE,TRUE,TRUE
806,114,1425000,1010000,14,10,FALSE,TRUE,TRUE
789,65,-275000,1010000,-3,10,TRUE,TRUE,TRUE
816,253,-75000,910000,-1,9,TRUE,TRUE,TRUE
824,30,725000,910000,7,9,TRUE,TRUE,TRUE
830,158,1325000,910000,13,9,TRUE,TRUE,TRUE
819,46,225000,910000,2,9,TRUE,TRUE,TRUE
837,189,-375000,810000,-4,8,TRUE,TRUE,TRUE
849,94,825000,810000,8,8,FALSE,TRUE,TRUE
852,182,1125000,810000,11,8,FALSE,TRUE,TRUE
843,32,225000,810000,2,8,TRUE,TRUE,TRUE
844,16,325000,810000,3,8,TRUE,TRUE,TRUE
846,246,525000,810000,5,8,TRUE,TRUE,TRUE
847,150,625000,810000,6,8,FALSE,TRUE,TRUE
853,92,1225000,810000,12,8,TRUE,TRUE,TRUE
859,169,-475000,710000,-5,7,TRUE,TRUE,TRUE
866,5,225000,710000,2,7,FALSE,TRUE,TRUE
879,190,-175000,610000,-2,6,TRUE,TRUE,TRUE
881,99,25000,610000,0,6,FALSE,TRUE,TRUE
878,300,-275000,610000,-3,6,TRUE,TRUE,TRUE
887,349,-375000,510000,-4,5,TRUE,TRUE,TRUE
894,96,1625000,510000,16,5,FALSE,TRUE,TRUE
904,4,-75000,310000,-1,3,FALSE,TRUE,TRUE
15,119,-1575000,3010000,-16,30,TRUE,TRUE,TRUE
41,2,-475000,2910000,-5,29,TRUE,TRUE,TRUE
82,44,2025000,2810000,20,28,TRUE,TRUE,TRUE
83,17,2125000,2810000,21,28,TRUE,TRUE,TRUE
88,0,-1875000,2710000,-19,27,TRUE,TRUE,FALSE
110,348,325000,2710000,3,27,TRUE,TRUE,TRUE
91,30,-1575000,2710000,-16,27,TRUE,TRUE,TRUE
132,30,-1275000,2610000,-13,26,TRUE,TRUE,TRUE
194,86,925000,2510000,9,25,TRUE,TRUE,TRUE
170,7,-1475000,2510000,-15,25,TRUE,TRUE,TRUE
186,152,125000,2510000,1,25,TRUE,TRUE,TRUE
235,82,925000,2410000,9,24,TRUE,TRUE,TRUE
236,40,1025000,2410000,10,24,FALSE,TRUE,TRUE
233,87,725000,2410000,7,24,FALSE,TRUE,TRUE
261,1,-975000,2310000,-10,23,TRUE,TRUE,TRUE
270,81,-75000,2310000,-1,23,TRUE,TRUE,TRUE
272,77,125000,2310000,1,23,TRUE,TRUE,TRUE
274,235,325000,2310000,3,23,TRUE,TRUE,TRUE
257,1,-1375000,2310000,-14,23,TRUE,TRUE,TRUE
282,73,1125000,2310000,11,23,TRUE,TRUE,TRUE
310,16,-575000,2210000,-6,22,TRUE,TRUE,TRUE
354,10,-675000,2110000,-7,21,TRUE,TRUE,TRUE
355,4,-575000,2110000,-6,21,TRUE,TRUE,TRUE
398,3,-575000,2010000,-6,20,TRUE,TRUE,TRUE
410,96,625000,2010000,6,20,TRUE,TRUE,TRUE
416,192,1225000,2010000,12,20,TRUE,TRUE,TRUE
387,0,-1675000,2010000,-17,20,FALSE,FALSE,FALSE
428,0,-1875000,1910000,-19,19,FALSE,FALSE,FALSE
429,0,-1775000,1910000,-18,19,FALSE,FALSE,FALSE
495,168,625000,1810000,6,18,TRUE,TRUE,TRUE
528,13,-275000,1710000,-3,17,TRUE,TRUE,TRUE
534,156,325000,1710000,3,17,TRUE,TRUE,TRUE
540,493,925000,1710000,9,17,TRUE,TRUE,TRUE
513,0,-1775000,1710000,-18,17,FALSE,FALSE,FALSE
544,590,1325000,1710000,13,17,TRUE,TRUE,TRUE
563,0,-875000,1610000,-9,16,TRUE,TRUE,FALSE
581,61,925000,1610000,9,16,TRUE,TRUE,TRUE
573,45,125000,1610000,1,16,TRUE,TRUE,TRUE
579,120,725000,1610000,7,16,TRUE,TRUE,TRUE
596,0,-1675000,1510000,-17,15,FALSE,FALSE,FALSE
597,0,-1575000,1510000,-16,15,FALSE,FALSE,FALSE
607,3,-575000,1510000,-6,15,TRUE,TRUE,TRUE
615,131,225000,1510000,2,15,TRUE,TRUE,TRUE
616,97,325000,1510000,3,15,TRUE,TRUE,TRUE
664,344,1025000,1410000,10,14,TRUE,TRUE,TRUE
648,6,-575000,1410000,-6,14,TRUE,TRUE,TRUE
655,267,125000,1410000,1,14,TRUE,TRUE,TRUE
659,235,525000,1410000,5,14,TRUE,TRUE,TRUE
685,0,-775000,1310000,-8,13,TRUE,TRUE,FALSE
691,72,-175000,1310000,-2,13,TRUE,TRUE,TRUE
702,174,925000,1310000,9,13,TRUE,TRUE,TRUE
707,213,1425000,1310000,14,13,TRUE,TRUE,TRUE
709,41,1625000,1310000,16,13,FALSE,TRUE,TRUE
688,86,-475000,1310000,-5,13,TRUE,TRUE,TRUE
696,215,325000,1310000,3,13,TRUE,TRUE,TRUE
700,115,725000,1310000,7,13,TRUE,TRUE,TRUE
701,341,825000,1310000,8,13,TRUE,TRUE,TRUE
712,0,-1675000,1210000,-17,12,TRUE,TRUE,FALSE
727,258,-175000,1210000,-2,12,TRUE,TRUE,TRUE
732,14,325000,1210000,3,12,TRUE,TRUE,TRUE
714,0,-1475000,1210000,-15,12,TRUE,TRUE,FALSE
721,1,-775000,1210000,-8,12,TRUE,TRUE,TRUE
733,23,425000,1210000,4,12,TRUE,TRUE,TRUE
744,177,1525000,1210000,15,12,FALSE,TRUE,TRUE
768,30,625000,1110000,6,11,TRUE,TRUE,TRUE
755,0,-675000,1110000,-7,11,TRUE,TRUE,FALSE
783,0,-875000,1010000,-9,10,TRUE,TRUE,FALSE
784,0,-775000,1010000,-8,10,TRUE,TRUE,FALSE
790,372,-175000,1010000,-2,10,TRUE,TRUE,TRUE
788,482,-375000,1010000,-4,10,TRUE,TRUE,TRUE
791,45,-75000,1010000,-1,10,TRUE,TRUE,TRUE
795,39,325000,1010000,3,10,TRUE,TRUE,TRUE
800,57,825000,1010000,8,10,TRUE,TRUE,TRUE
822,25,525000,910000,5,9,TRUE,TRUE,TRUE
814,235,-275000,910000,-3,9,TRUE,TRUE,TRUE
828,170,1125000,910000,11,9,TRUE,TRUE,TRUE
834,2,-675000,810000,-7,8,TRUE,TRUE,TRUE
850,102,925000,810000,9,8,FALSE,TRUE,TRUE
890,139,-75000,510000,-1,5,FALSE,TRUE,TRUE
888,32,-275000,510000,-3,5,TRUE,TRUE,TRUE
897,123,-175000,410000,-2,4,TRUE,TRUE,TRUE
36,0,-975000,2910000,-10,29,TRUE,TRUE,FALSE
40,0,-575000,2910000,-6,29,TRUE,TRUE,FALSE
68,3,-475000,2810000,-5,28,TRUE,TRUE,TRUE
74,17,125000,2810000,1,28,TRUE,TRUE,TRUE
75,58,225000,2810000,2,28,TRUE,TRUE,TRUE
63,2,-975000,2810000,-10,28,TRUE,TRUE,TRUE
94,18,-1275000,2710000,-13,27,TRUE,TRUE,TRUE
89,0,-1775000,2710000,-18,27,TRUE,TRUE,FALSE
104,11,-275000,2710000,-3,27,TRUE,TRUE,TRUE
139,5,-575000,2610000,-6,26,TRUE,TRUE,TRUE
168,0,-1675000,2510000,-17,25,FALSE,FALSE,FALSE
234,153,825000,2410000,8,24,TRUE,TRUE,TRUE
225,23,-75000,2410000,-1,24,TRUE,TRUE,TRUE
238,77,1325000,2410000,13,24,TRUE,TRUE,TRUE
264,1,-675000,2310000,-7,23,TRUE,TRUE,TRUE
315,73,-75000,2210000,-1,22,TRUE,TRUE,TRUE
320,118,425000,2210000,4,22,TRUE,TRUE,TRUE
412,40,825000,2010000,8,20,TRUE,TRUE,TRUE
447,12,25000,1910000,0,19,TRUE,TRUE,TRUE
473,0,-1575000,1810000,-16,18,FALSE,FALSE,FALSE
472,0,-1675000,1810000,-17,18,FALSE,FALSE,FALSE
510,0,-2075000,1710000,-21,17,FALSE,FALSE,FALSE
525,1,-575000,1710000,-6,17,TRUE,TRUE,TRUE
553,0,-1875000,1610000,-19,16,FALSE,FALSE,FALSE
564,1,-775000,1610000,-8,16,TRUE,TRUE,TRUE
571,193,-75000,1610000,-1,16,TRUE,TRUE,TRUE
576,22,425000,1610000,4,16,TRUE,TRUE,TRUE
583,91,1125000,1610000,11,16,TRUE,TRUE,TRUE
556,0,-1575000,1610000,-16,16,FALSE,FALSE,FALSE
569,10,-275000,1610000,-3,16,TRUE,TRUE,TRUE
594,0,-1875000,1510000,-19,15,FALSE,FALSE,FALSE
612,53,-75000,1510000,-1,15,TRUE,TRUE,TRUE
610,41,-275000,1510000,-3,15,TRUE,TRUE,TRUE
650,13,-375000,1410000,-4,14,TRUE,TRUE,TRUE
660,132,625000,1410000,6,14,TRUE,TRUE,TRUE
662,441,825000,1410000,8,14,TRUE,TRUE,TRUE
632,0,-2175000,1410000,-22,14,FALSE,FALSE,FALSE
651,16,-275000,1410000,-3,14,TRUE,TRUE,TRUE
661,44,725000,1410000,7,14,TRUE,TRUE,TRUE
669,33,1525000,1410000,15,14,TRUE,TRUE,TRUE
672,0,-2075000,1310000,-21,13,FALSE,FALSE,FALSE
677,0,-1575000,1310000,-16,13,TRUE,TRUE,FALSE
693,12,25000,1310000,0,13,TRUE,TRUE,TRUE
706,222,1325000,1310000,13,13,TRUE,TRUE,TRUE
713,0,-1575000,1210000,-16,12,TRUE,TRUE,FALSE
729,31,25000,1210000,0,12,TRUE,TRUE,TRUE
742,85,1325000,1210000,13,12,TRUE,TRUE,TRUE
758,62,-375000,1110000,-4,11,TRUE,TRUE,TRUE
771,130,925000,1110000,9,11,TRUE,TRUE,TRUE
796,26,425000,1010000,4,10,TRUE,TRUE,TRUE
877,17,-375000,610000,-4,6,TRUE,TRUE,TRUE
886,30,1625000,610000,16,6,FALSE,TRUE,TRUE
23,13,2125000,3010000,21,30,TRUE,TRUE,TRUE
38,8,-775000,2910000,-8,29,TRUE,TRUE,TRUE
50,29,2125000,2910000,21,29,TRUE,TRUE,TRUE
54,0,-1875000,2810000,-19,28,TRUE,TRUE,FALSE
64,1,-875000,2810000,-9,28,TRUE,TRUE,TRUE
70,3,-275000,2810000,-3,28,TRUE,TRUE,TRUE
62,3,-1075000,2810000,-11,28,TRUE,TRUE,TRUE
92,11,-1475000,2710000,-15,27,TRUE,TRUE,TRUE
95,8,-1175000,2710000,-12,27,TRUE,TRUE,TRUE
103,21,-375000,2710000,-4,27,TRUE,TRUE,TRUE
108,840,125000,2710000,1,27,TRUE,TRUE,TRUE
127,0,-1775000,2610000,-18,26,TRUE,TRUE,FALSE
145,57,25000,2610000,0,26,TRUE,TRUE,TRUE
217,20,-875000,2410000,-9,24,TRUE,TRUE,TRUE
215,2,-1075000,2410000,-11,24,TRUE,TRUE,TRUE
259,0,-1175000,2310000,-12,23,TRUE,TRUE,FALSE
316,1,25000,2210000,0,22,TRUE,TRUE,TRUE
342,0,-1875000,2110000,-19,21,FALSE,FALSE,FALSE
390,0,-1375000,2010000,-14,20,FALSE,FALSE,FALSE
406,62,225000,2010000,2,20,TRUE,TRUE,TRUE
408,59,425000,2010000,4,20,TRUE,TRUE,TRUE
441,1,-575000,1910000,-6,19,TRUE,TRUE,TRUE
430,0,-1675000,1910000,-17,19,FALSE,FALSE,FALSE
435,0,-1175000,1910000,-12,19,FALSE,FALSE,FALSE
474,0,-1475000,1810000,-15,18,FALSE,FALSE,FALSE
484,3,-475000,1810000,-5,18,TRUE,TRUE,TRUE
526,1,-475000,1710000,-5,17,TRUE,TRUE,TRUE
570,72,-175000,1610000,-2,16,TRUE,TRUE,TRUE
617,55,425000,1510000,4,15,TRUE,TRUE,TRUE
741,60,1225000,1210000,12,12,TRUE,TRUE,TRUE
762,290,25000,1110000,0,11,TRUE,TRUE,TRUE
767,18,525000,1110000,5,11,TRUE,TRUE,TRUE
775,53,1325000,1110000,13,11,TRUE,TRUE,TRUE
757,18,-475000,1110000,-5,11,TRUE,TRUE,TRUE
825,41,825000,910000,8,9,TRUE,TRUE,TRUE
826,59,925000,910000,9,9,TRUE,TRUE,TRUE
895,15,-375000,410000,-4,4,TRUE,TRUE,TRUE
65,3,-775000,2810000,-8,28,TRUE,TRUE,TRUE
142,2,-275000,2610000,-3,26,TRUE,TRUE,TRUE
176,16,-875000,2510000,-9,25,TRUE,TRUE,TRUE
211,0,-1475000,2410000,-15,24,TRUE,TRUE,FALSE
224,9,-175000,2410000,-2,24,TRUE,TRUE,TRUE
269,17,-175000,2310000,-2,23,TRUE,TRUE,TRUE
331,102,1525000,2210000,15,22,TRUE,TRUE,TRUE
386,0,-1775000,2010000,-18,20,FALSE,FALSE,FALSE
403,134,-75000,2010000,-1,20,TRUE,TRUE,TRUE
407,29,325000,2010000,3,20,TRUE,TRUE,TRUE
488,95,-75000,1810000,-1,18,TRUE,TRUE,TRUE
493,104,425000,1810000,4,18,TRUE,TRUE,TRUE
494,201,525000,1810000,5,18,TRUE,TRUE,TRUE
529,63,-175000,1710000,-2,17,TRUE,TRUE,TRUE
531,29,25000,1710000,0,17,TRUE,TRUE,TRUE
539,46,825000,1710000,8,17,TRUE,TRUE,TRUE
543,79,1225000,1710000,12,17,TRUE,TRUE,TRUE
537,51,625000,1710000,6,17,TRUE,TRUE,TRUE
559,0,-1275000,1610000,-13,16,FALSE,FALSE,FALSE
668,131,1425000,1410000,14,14,TRUE,TRUE,TRUE
671,72,1725000,1410000,17,14,FALSE,TRUE,TRUE
689,10,-375000,1310000,-4,13,TRUE,TRUE,TRUE
722,0,-675000,1210000,-7,12,TRUE,TRUE,FALSE
731,47,225000,1210000,2,12,TRUE,TRUE,TRUE
734,35,525000,1210000,5,12,TRUE,TRUE,TRUE
735,26,625000,1210000,6,12,TRUE,TRUE,TRUE
754,0,-775000,1110000,-8,11,TRUE,TRUE,FALSE
759,61,-275000,1110000,-3,11,TRUE,TRUE,TRUE
787,27,-475000,1010000,-5,10,TRUE,TRUE,TRUE
798,23,625000,1010000,6,10,TRUE,TRUE,TRUE
803,37,1125000,1010000,11,10,TRUE,TRUE,TRUE
804,26,1225000,1010000,12,10,TRUE,TRUE,TRUE
810,0,-675000,910000,-7,9,TRUE,TRUE,FALSE
868,5,425000,710000,4,7,FALSE,TRUE,TRUE
22,3,2025000,3010000,20,30,TRUE,TRUE,TRUE
71,2,-175000,2810000,-2,28,TRUE,TRUE,TRUE
114,3,725000,2710000,7,27,FALSE,TRUE,TRUE
130,2,-1475000,2610000,-15,26,TRUE,TRUE,TRUE
167,0,-1775000,2510000,-18,25,FALSE,FALSE,FALSE
178,0,-675000,2510000,-7,25,TRUE,TRUE,FALSE
183,2,-175000,2510000,-2,25,TRUE,TRUE,TRUE
185,30,25000,2510000,0,25,TRUE,TRUE,TRUE
218,0,-775000,2410000,-8,24,TRUE,TRUE,FALSE
268,4,-275000,2310000,-3,23,TRUE,TRUE,TRUE
318,37,225000,2210000,2,22,TRUE,TRUE,TRUE
305,2,-1075000,2210000,-11,22,TRUE,TRUE,TRUE
313,6,-275000,2210000,-3,22,TRUE,TRUE,TRUE
362,66,125000,2110000,1,21,TRUE,TRUE,TRUE
432,0,-1475000,1910000,-15,19,FALSE,FALSE,FALSE
445,4,-175000,1910000,-2,19,TRUE,TRUE,TRUE
527,6,-375000,1710000,-4,17,TRUE,TRUE,TRUE
560,0,-1175000,1610000,-12,16,FALSE,FALSE,FALSE
572,22,25000,1610000,0,16,TRUE,TRUE,TRUE
582,56,1025000,1610000,10,16,TRUE,TRUE,TRUE
620,188,725000,1510000,7,15,TRUE,TRUE,TRUE
627,446,1425000,1510000,14,15,TRUE,TRUE,TRUE
697,11,425000,1310000,4,13,TRUE,TRUE,TRUE
746,0,-1575000,1110000,-16,11,TRUE,TRUE,FALSE
750,2,-1175000,1110000,-12,11,TRUE,TRUE,TRUE
766,7,425000,1110000,4,11,TRUE,TRUE,TRUE
794,68,225000,1010000,2,10,TRUE,TRUE,TRUE
799,24,725000,1010000,7,10,TRUE,TRUE,TRUE
811,112,-575000,910000,-6,9,TRUE,TRUE,TRUE
869,4,525000,710000,5,7,TRUE,TRUE,TRUE
876,11,-475000,610000,-5,6,TRUE,TRUE,TRUE
906,4,1425000,310000,14,3,FALSE,TRUE,TRUE
67,0,-575000,2810000,-6,28,TRUE,TRUE,FALSE
98,0,-875000,2710000,-9,27,TRUE,TRUE,FALSE
97,14,-975000,2710000,-10,27,TRUE,TRUE,TRUE
212,0,-1375000,2410000,-14,24,TRUE,TRUE,FALSE
227,62,125000,2410000,1,24,TRUE,TRUE,TRUE
271,34,25000,2310000,0,23,TRUE,TRUE,TRUE
262,0,-875000,2310000,-9,23,TRUE,TRUE,FALSE
267,10,-375000,2310000,-4,23,TRUE,TRUE,TRUE
278,16,725000,2310000,7,23,FALSE,TRUE,TRUE
301,0,-1475000,2210000,-15,22,FALSE,FALSE,FALSE
306,0,-975000,2210000,-10,22,TRUE,TRUE,FALSE
356,4,-475000,2110000,-5,21,TRUE,TRUE,TRUE
358,3,-275000,2110000,-3,21,TRUE,TRUE,TRUE
440,4,-675000,1910000,-7,19,TRUE,TRUE,TRUE
446,17,-75000,1910000,-1,19,TRUE,TRUE,TRUE
451,28,425000,1910000,4,19,TRUE,TRUE,TRUE
486,11,-275000,1810000,-3,18,TRUE,TRUE,TRUE
532,79,125000,1710000,1,17,TRUE,TRUE,TRUE
518,0,-1275000,1710000,-13,17,FALSE,FALSE,FALSE
608,1,-475000,1510000,-5,15,TRUE,TRUE,TRUE
647,0,-675000,1410000,-7,14,TRUE,TRUE,FALSE
684,0,-875000,1310000,-9,13,TRUE,TRUE,FALSE
694,26,125000,1310000,1,13,TRUE,TRUE,TRUE
781,0,-1075000,1010000,-11,10,TRUE,TRUE,FALSE
807,0,-975000,910000,-10,9,TRUE,TRUE,FALSE
823,32,625000,910000,6,9,TRUE,TRUE,TRUE
832,0,-875000,810000,-9,8,TRUE,TRUE,FALSE
856,0,1525000,810000,15,8,FALSE,FALSE,FALSE
867,5,325000,710000,3,7,FALSE,TRUE,TRUE
870,3,625000,710000,6,7,TRUE,TRUE,TRUE
45,7,-75000,2910000,-1,29,TRUE,TRUE,TRUE
136,1,-875000,2610000,-9,26,TRUE,TRUE,TRUE
195,24,1025000,2510000,10,25,FALSE,TRUE,TRUE
226,36,25000,2410000,0,24,TRUE,TRUE,TRUE
255,0,-1575000,2310000,-16,23,FALSE,FALSE,FALSE
263,0,-775000,2310000,-8,23,TRUE,TRUE,FALSE
296,0,-1975000,2210000,-20,22,TRUE,TRUE,FALSE
297,0,-1875000,2210000,-19,22,FALSE,FALSE,FALSE
299,0,-1675000,2210000,-17,22,FALSE,FALSE,FALSE
405,34,125000,2010000,1,20,TRUE,TRUE,TRUE
388,0,-1575000,2010000,-16,20,FALSE,FALSE,FALSE
400,8,-375000,2010000,-4,20,TRUE,TRUE,TRUE
567,4,-475000,1610000,-5,16,TRUE,TRUE,TRUE
588,57,1625000,1610000,16,16,TRUE,TRUE,TRUE
618,124,525000,1510000,5,15,TRUE,TRUE,TRUE
649,6,-475000,1410000,-5,14,TRUE,TRUE,TRUE
699,71,625000,1310000,6,13,TRUE,TRUE,TRUE
736,29,725000,1210000,7,12,TRUE,TRUE,TRUE
29,12,-1675000,2910000,-17,29,TRUE,TRUE,TRUE
42,9,-375000,2910000,-4,29,TRUE,TRUE,TRUE
69,18,-375000,2810000,-4,28,TRUE,TRUE,TRUE
96,8,-1075000,2710000,-11,27,TRUE,TRUE,TRUE
112,86,525000,2710000,5,27,FALSE,TRUE,TRUE
138,0,-675000,2610000,-7,26,TRUE,TRUE,FALSE
143,13,-175000,2610000,-2,26,TRUE,TRUE,TRUE
181,1,-375000,2510000,-4,25,TRUE,TRUE,TRUE
184,10,-75000,2510000,-1,25,TRUE,TRUE,TRUE
216,2,-975000,2410000,-10,24,TRUE,TRUE,TRUE
254,0,-1675000,2310000,-17,23,FALSE,FALSE,FALSE
308,4,-775000,2210000,-8,22,TRUE,TRUE,TRUE
311,3,-475000,2210000,-5,22,TRUE,TRUE,TRUE
336,25,2025000,2210000,20,22,FALSE,TRUE,TRUE
346,0,-1475000,2110000,-15,21,FALSE,FALSE,FALSE
360,4,-75000,2110000,-1,21,TRUE,TRUE,TRUE
399,5,-475000,2010000,-5,20,TRUE,TRUE,TRUE
433,0,-1375000,1910000,-14,19,FALSE,FALSE,FALSE
442,2,-475000,1910000,-5,19,TRUE,TRUE,TRUE
449,7,225000,1910000,2,19,TRUE,TRUE,TRUE
487,17,-175000,1810000,-2,18,TRUE,TRUE,TRUE
756,0,-575000,1110000,-6,11,TRUE,TRUE,FALSE
105,5,-175000,2710000,-2,27,TRUE,TRUE,TRUE
140,1,-475000,2610000,-5,26,TRUE,TRUE,TRUE
180,0,-475000,2510000,-5,25,TRUE,TRUE,FALSE
182,1,-275000,2510000,-3,25,TRUE,TRUE,TRUE
223,9,-275000,2410000,-3,24,TRUE,TRUE,TRUE
222,36,-375000,2410000,-4,24,TRUE,TRUE,TRUE
298,0,-1775000,2210000,-18,22,FALSE,FALSE,FALSE
317,16,125000,2210000,1,22,TRUE,TRUE,TRUE
343,0,-1775000,2110000,-18,21,FALSE,FALSE,FALSE
357,0,-375000,2110000,-4,21,TRUE,TRUE,FALSE
99,0,-775000,2710000,-8,27,TRUE,TRUE,FALSE
177,1,-775000,2510000,-8,25,TRUE,TRUE,TRUE
359,3,-175000,2110000,-2,21,TRUE,TRUE,TRUE
443,4,-375000,1910000,-4,19,TRUE,TRUE,TRUE
642,0,-1175000,1410000,-12,14,FALSE,FALSE,FALSE
221,0,-475000,2410000,-5,24,TRUE,TRUE,FALSE
471,0,-1775000,1810000,-18,18,FALSE,FALSE,FALSE
898,0,-75000,410000,-1,4,FALSE,FALSE,FALSE
