"rep","status","camera_level","n_site_keep","site_replace","inat_level","global_mult","bias_all","rmse_all","coverage_all","frac_sign_correct","sigma_region_mean","elapsed_sec"
1,"ok","0.5x",350,FALSE,"0.25x",0.25,0.00207764403268321,0.376949199611561,1,0.25,0.533531562224212,1441.77968072891
2,"ok","0.5x",350,FALSE,"0.25x",0.25,-0.0677959735642487,0.228724514903309,1,0.625,0.631647403666203,1258.28104615211
3,"ok","0.5x",350,FALSE,"0.25x",0.25,-0.0175077853000271,0.201875040925684,1,0.25,0.314058222400434,1228.68363285065
4,"ok","0.5x",350,FALSE,"0.25x",0.25,-0.0851812681981535,0.629043421153985,1,0.5,0.930364728854501,1258.98437929153
5,"ok","0.5x",350,FALSE,"0.25x",0.25,-0.135047237280714,0.491648440870451,1,0.25,1.04395957212869,1360.14616322517
6,"ok","0.5x",350,FALSE,"0.25x",0.25,-0.055815885275736,0.251565597530514,1,0.75,0.530155217979479,1317.80754756927
7,"ok","0.5x",350,FALSE,"0.25x",0.25,-0.252510723220793,0.646113850126322,1,0.375,1.34386327321235,1333.03287935257
8,"ok","0.5x",350,FALSE,"0.25x",0.25,-0.0177450857774464,0.193927230479609,1,0.75,0.319410545606168,1325.17348861694
9,"ok","0.5x",350,FALSE,"0.25x",0.25,-0.00119164801875967,0.201712427317148,1,0.5,0.282903008763341,1320.38418340683
10,"ok","0.5x",350,FALSE,"0.25x",0.25,-0.0405855583265144,0.173940452673175,1,0.375,0.477870446784594,970.346055984497
11,"ok","0.5x",350,FALSE,"0.25x",0.25,-0.0216826410488559,0.241740966424314,1,0.5,0.382164503891472,887.142524957657
12,"ok","0.5x",350,FALSE,"0.25x",0.25,0.0225008958230347,0.17012826445773,1,0.625,0.207146769469005,1275.03394341469
13,"ok","0.5x",350,FALSE,"0.25x",0.25,-0.00367399125525163,0.200797896478011,1,0.375,0.225303019624679,1268.10516834259
14,"ok","0.5x",350,FALSE,"0.25x",0.25,0.00360656575374746,0.191090808073265,1,0.625,0.299192739725064,1316.66682529449
15,"ok","0.5x",350,FALSE,"0.25x",0.25,-0.032497655566549,0.299733288745817,1,0.75,0.612759310836908,879.768391370773
16,"ok","0.5x",350,FALSE,"0.25x",0.25,-0.0154393244956384,0.182775646360948,1,0.625,0.300094683031609,912.246970176697
17,"ok","0.5x",350,FALSE,"0.25x",0.25,3.63496581853046e-05,0.191970872974849,1,0.625,0.2813151804924,1319.91115736961
18,"ok","0.5x",350,FALSE,"0.25x",0.25,0.0251771950972608,0.437969136640773,1,0.375,0.590805702350243,1327.5329117775
19,"ok","0.5x",350,FALSE,"0.25x",0.25,-0.0739342359530782,0.255997740167275,1,0.375,0.607081801329221,1304.74808263779
20,"ok","0.5x",350,FALSE,"0.25x",0.25,-0.00662414150793901,0.187601957773339,1,0.5,0.18665302662086,1460.32786560059
21,"ok","0.5x",350,FALSE,"0.25x",0.25,-0.0709850800628334,0.351169513541543,1,0.5,0.547820457765648,954.026644945145
22,"ok","0.5x",350,FALSE,"0.25x",0.25,-0.00118855445285832,0.20019288191624,1,0.5,0.278833188048166,879.735288143158
23,"ok","0.5x",350,FALSE,"0.25x",0.25,-0.106475342811256,0.382096214082684,1,0.375,1.10098176406597,944.694082736969
24,"ok","0.5x",350,FALSE,"0.25x",0.25,-0.0489604344297812,0.230407549408005,1,0.375,0.444969059045893,1322.64855027199
25,"ok","0.5x",350,FALSE,"0.25x",0.25,-0.0087596855044018,0.285541645785354,1,0.5,0.500450779456664,1294.68884897232
26,"ok","0.5x",350,FALSE,"0.25x",0.25,0.00399482521241663,0.171683146869675,1,0.75,0.329039602282892,1286.86096930504
27,"ok","0.5x",350,FALSE,"0.25x",0.25,0.215175672491166,0.739812863926703,1,0.5,1.10896434966709,1344.57479047775
28,"ok","0.5x",350,FALSE,"0.25x",0.25,-0.136891082633686,0.27805509698604,1,0.75,0.999531297041062,1301.92729067802
29,"ok","0.5x",350,FALSE,"0.25x",0.25,-0.005071722830506,0.212431131114503,1,0.25,0.191010797483423,1327.12774324417
30,"ok","0.5x",350,FALSE,"0.25x",0.25,-0.00977294508055012,0.200456815572849,1,0.5,0.376524406026859,1252.51869130135
1,"ok","0.5x",350,FALSE,"16x",16,0.00903768359134881,0.113205638829422,1,1,0.21271331473215,1431.2244913578
2,"ok","0.5x",350,FALSE,"16x",16,-0.00329419279920963,0.143124038289142,1,0.875,0.153580986767879,1279.35398697853
3,"ok","0.5x",350,FALSE,"16x",16,-0.0167420647688138,0.143932641291434,1,0.75,0.177146556449062,982.790106773376
4,"ok","0.5x",350,FALSE,"16x",16,0.0126937007204869,0.13061596309592,1,1,0.377087550836915,1305.50363874435
5,"ok","0.5x",350,FALSE,"16x",16,-0.00380178244965365,0.17124808055777,0.5,0.625,0.0805322328020712,1325.58515524864
6,"ok","0.5x",350,FALSE,"16x",16,-0.0082918370763905,0.141736928291518,1,0.75,0.25352102113096,1307.12420487404
7,"ok","0.5x",350,FALSE,"16x",16,0.00261873935481804,0.135401565884535,1,0.875,0.159283114248694,1417.7814013958
8,"ok","0.5x",350,FALSE,"16x",16,0.00357606058725473,0.189189964159811,0.375,0.5,0.0346058871088843,1319.1691224575
9,"ok","0.5x",350,FALSE,"16x",16,0.0286596725574749,0.154248558743245,1,0.5,0.367200595391444,1401.64768719673
10,"ok","0.5x",350,FALSE,"16x",16,0.00337768449622112,0.159930541288722,1,0.625,0.137655681386561,1235.43774795532
11,"ok","0.5x",350,FALSE,"16x",16,-0.000928753931480055,0.209434482720709,0.625,0.25,0.112892729084219,1332.85370349884
12,"ok","0.5x",350,FALSE,"16x",16,-0.006549056373708,0.140428788493842,1,0.875,0.126261274011315,1388.52708745003
13,"ok","0.5x",350,FALSE,"16x",16,-0.030657657538417,0.606616176691757,0.875,0.5,0.661860398588924,1297.67455887794
14,"ok","0.5x",350,FALSE,"16x",16,0.0128183155911293,0.147787291994403,1,0.75,0.271675210204871,1301.405397892
15,"ok","0.5x",350,FALSE,"16x",16,0.00890173701133365,0.131635729206305,1,0.875,0.163738874538214,1249.52023077011
16,"ok","0.5x",350,FALSE,"16x",16,-0.00528346496733837,0.126536383607664,1,0.875,0.167864126478379,1315.30492210388
17,"ok","0.5x",350,FALSE,"16x",16,0.0066546480556115,0.164698707734777,0.875,0.75,0.111477036188748,1209.4612121582
18,"ok","0.5x",350,FALSE,"16x",16,-0.00517609724240506,0.129763261522069,1,0.875,0.171296956423749,1327.79869365692
19,"ok","0.5x",350,FALSE,"16x",16,0.0144818874862883,0.283189915568329,1,1,0.621609598854814,1355.65387392044
20,"ok","0.5x",350,FALSE,"16x",16,0.0115748384592913,0.127632297425499,1,1,0.182762175965853,1342.43380188942
21,"ok","0.5x",350,FALSE,"16x",16,0.0204661124408624,0.135540873534835,1,0.875,0.374788067249107,1356.5307674408
22,"ok","0.5x",350,FALSE,"16x",16,0.00406279229243366,0.221437903559825,1,0.625,0.410539960387191,1280.06767487526
23,"ok","0.5x",350,FALSE,"16x",16,-0.00160835278149232,0.142044841092153,0.875,0.75,0.14158738786763,1295.17125582695
24,"ok","0.5x",350,FALSE,"16x",16,0.0146731453561832,0.215410429806853,0.75,0.625,0.175336673991215,1425.70731639862
25,"ok","0.5x",350,FALSE,"16x",16,0.0291944779047624,0.50390440012972,0.875,0.125,0.527330312738587,1283.67417573929
26,"ok","0.5x",350,FALSE,"16x",16,0.00272144216941405,0.158157519737637,0.625,1,0.0743067451120904,1296.64403676987
27,"ok","0.5x",350,FALSE,"16x",16,-0.00038477084145388,0.130432815862572,1,0.75,0.155267092188154,1312.50435376167
28,"ok","0.5x",350,FALSE,"16x",16,0.000899349774312008,0.150735203707366,1,0.75,0.161269559005175,1373.54098582268
29,"ok","0.5x",350,FALSE,"16x",16,0.00558881090748611,0.133633653175252,1,1,0.221322791975052,1358.80840110779
30,"ok","0.5x",350,FALSE,"16x",16,0.00395776784154834,0.153521540401811,1,0.75,0.151361048424684,1369.10296940804
1,"ok","0.5x",350,FALSE,"1x",1,-0.00871634338315883,0.160087540792678,1,0.625,0.228221786498346,1269.6925983429
2,"ok","0.5x",350,FALSE,"1x",1,-0.00802253903382626,0.205938000501602,1,0.5,0.337241045230571,1297.90398979187
3,"ok","0.5x",350,FALSE,"1x",1,0.00996361412360449,0.17514786011211,1,0.625,0.249856791147753,1371.38815903664
4,"ok","0.5x",350,FALSE,"1x",1,0.00746692460692993,0.160537030124372,1,0.625,0.218773199331084,1227.11154723167
5,"ok","0.5x",350,FALSE,"1x",1,-0.00902299038792459,0.175865513999848,1,0.625,0.124126374502952,1311.66280817986
6,"ok","0.5x",350,FALSE,"1x",1,-0.0374367243824394,0.147605800812948,1,0.75,0.677103087385443,1274.35616660118
7,"ok","0.5x",350,FALSE,"1x",1,-0.0483800524408664,0.20107157871544,1,0.375,0.290451807071173,1387.17076206207
8,"ok","0.5x",350,FALSE,"1x",1,0.00092586492931349,0.190190883198711,0.875,0.5,0.167274633793348,1343.16339683533
9,"ok","0.5x",350,FALSE,"1x",1,0.00448138826682341,0.306454301686195,1,0.5,0.596517220856607,1356.98670625687
10,"ok","0.5x",350,FALSE,"1x",1,-0.0329391311497085,0.288920617383263,1,0.875,0.573016893589387,1262.91825842857
11,"ok","0.5x",350,FALSE,"1x",1,-0.0101405280812909,0.196115875204572,1,0.5,0.354140156848647,1369.78117203712
12,"ok","0.5x",350,FALSE,"1x",1,-0.0112576516011173,0.317992818699002,1,0.5,0.605820306116625,1329.02606344223
13,"ok","0.5x",350,FALSE,"1x",1,-0.0482676953377935,0.391368527200818,1,0.75,0.779532119926588,1312.67368507385
14,"ok","0.5x",350,FALSE,"1x",1,-0.00210149627178271,0.172953625875153,1,0.75,0.326015362152919,1251.57368922234
15,"ok","0.5x",350,FALSE,"1x",1,-0.0515366415226475,0.304793342989583,1,0.375,0.596690269050843,1304.42291712761
16,"ok","0.5x",350,FALSE,"1x",1,-0.04050984441717,0.256044541551361,1,0.625,0.535313238908366,1289.31655740738
17,"ok","0.5x",350,FALSE,"1x",1,0.0351016188292711,0.267373479207059,0.875,0.625,0.354154278145273,1418.93571996689
18,"ok","0.5x",350,FALSE,"1x",1,-0.00106533590032233,0.179771748380061,1,0.5,0.149977025528519,1301.67887639999
19,"ok","0.5x",350,FALSE,"1x",1,0.00279251016728767,0.171104101505632,0.75,0.75,0.0948240440486522,1344.58241152763
20,"ok","0.5x",350,FALSE,"1x",1,-0.00285876456579158,0.194509235607966,0.75,0.5,0.123292045240175,1268.30719161034
21,"ok","0.5x",350,FALSE,"1x",1,0.00642995370892666,0.201745951400732,0.875,0.375,0.182247736397053,1353.32151651382
22,"ok","0.5x",350,FALSE,"1x",1,-0.0592330260181751,0.947213231201582,1,0.5,1.55256483672306,1296.1155025959
23,"ok","0.5x",350,FALSE,"1x",1,0.00860666758375103,0.303599269754182,1,0.5,0.439726021197466,1381.49143457413
24,"ok","0.5x",350,FALSE,"1x",1,0.0244863987674564,0.169894075405476,1,0.625,0.297602756430601,1394.33528828621
25,"ok","0.5x",350,FALSE,"1x",1,-0.0123286735101453,0.150909796157825,1,0.75,0.263240073412344,1314.45651078224
26,"ok","0.5x",350,FALSE,"1x",1,0.0331265927147873,0.133957691892716,1,0.625,0.394933100916497,1311.03649973869
27,"ok","0.5x",350,FALSE,"1x",1,-0.0229835600974965,0.27134019130352,1,0.5,0.38101862647534,1412.89248180389
28,"ok","0.5x",350,FALSE,"1x",1,-0.0071518333957094,0.192746682850723,0.875,0.75,0.217659740290692,1286.44422078133
29,"ok","0.5x",350,FALSE,"1x",1,0.00787191737148722,0.142023414509201,1,1,0.130737074293239,1299.91497254372
30,"ok","0.5x",350,FALSE,"1x",1,-0.0146835261271368,0.237860249506432,1,0.75,0.310572134700347,1254.37236189842
1,"ok","0.5x",350,FALSE,"4x",4,0.000583365274524381,0.176471468022944,1,0.5,0.101901630868931,1300.82539916039
2,"ok","0.5x",350,FALSE,"4x",4,-0.000700628904474937,0.237491859261293,1,0.25,0.227225715109464,1337.56963610649
3,"ok","0.5x",350,FALSE,"4x",4,-0.000563269919173646,0.224819748547521,1,0.375,0.25084530949749,1352.50072598457
4,"ok","0.5x",350,FALSE,"4x",4,-0.0282867679423886,0.169834390805205,1,0.75,0.255317265969157,1333.05124592781
5,"ok","0.5x",350,FALSE,"4x",4,-0.0089546993742023,0.163199754546299,0.875,0.75,0.135458742412364,1313.80414032936
6,"ok","0.5x",350,FALSE,"4x",4,-0.0309317067288303,0.245373132850117,1,0.75,0.523453811959054,1290.91848254204
7,"ok","0.5x",350,FALSE,"4x",4,-0.0097045770020996,0.138136597413474,1,0.5,0.290627570963374,1220.57095980644
8,"ok","0.5x",350,FALSE,"4x",4,-0.00463748918709104,0.173498588961011,0.875,0.625,0.12022101594834,1299.89117383957
9,"ok","0.5x",350,FALSE,"4x",4,-0.00552200428875259,0.192842819301724,0.625,0.625,0.101569518854549,1317.60740447044
10,"ok","0.5x",350,FALSE,"4x",4,-0.00334973442700185,0.15230596546087,1,0.625,0.23957189173395,1412.59054684639
11,"ok","0.5x",350,FALSE,"4x",4,0.0125817786192301,0.188112853343837,1,0.625,0.200006743919024,1315.98320055008
12,"ok","0.5x",350,FALSE,"4x",4,-0.00261084842295545,0.20535734101818,0.75,0.375,0.121360660976864,1328.0945289135
13,"ok","0.5x",350,FALSE,"4x",4,0.00949044735677192,0.156231915190547,1,0.625,0.215711243085226,1417.36199498177
14,"ok","0.5x",350,FALSE,"4x",4,0.0125755701270463,0.138653292256689,1,0.625,0.358957416149771,1370.42526578903
15,"ok","0.5x",350,FALSE,"4x",4,-0.0267134433553383,0.253899278395119,1,0.625,0.280063066728501,1312.78076863289
16,"ok","0.5x",350,FALSE,"4x",4,-0.0391190137515462,0.159516042074974,1,0.625,0.242344420603101,1308.92309999466
17,"ok","0.5x",350,FALSE,"4x",4,-0.0260540078312828,0.111210068057393,1,0.625,0.217526557207772,1310.83050251007
18,"ok","0.5x",350,FALSE,"4x",4,-0.00442364147736054,0.18385847994128,1,0.75,0.176966851995889,1363.74668955803
19,"ok","0.5x",350,FALSE,"4x",4,-0.010415513583981,0.185331255560868,1,0.5,0.149015936193107,1375.92290019989
20,"ok","0.5x",350,FALSE,"4x",4,-0.00187537764681317,0.145181580085065,1,0.5,0.178903359377858,1290.98486065865
21,"ok","0.5x",350,FALSE,"4x",4,0.0624005098725125,0.319505459081744,0.875,0.25,0.31277668644845,1309.2223200798
22,"ok","0.5x",350,FALSE,"4x",4,-0.000951871641395697,0.150008712126248,1,0.75,0.236342776805475,1239.15499806404
23,"ok","0.5x",350,FALSE,"4x",4,-0.0160580240948216,0.110431205539045,1,0.75,0.276188243401501,1318.73713994026
24,"ok","0.5x",350,FALSE,"4x",4,-0.00372683028057642,0.213963060192252,1,0.5,0.335419498235186,1339.17006540298
25,"ok","0.5x",350,FALSE,"4x",4,-0.00351219347505646,0.171740818984829,1,0.625,0.156752094076314,1309.51179099083
26,"ok","0.5x",350,FALSE,"4x",4,-0.00602879056161648,0.165268409566403,1,0.5,0.207321335453778,1318.66849136353
27,"ok","0.5x",350,FALSE,"4x",4,0.00275817672494471,0.166910880075361,1,0.625,0.17853260812147,1285.91563630104
28,"ok","0.5x",350,FALSE,"4x",4,0.0495934003924199,0.384906065433797,0.75,0.25,0.365002106650809,1350.28263378143
29,"ok","0.5x",350,FALSE,"4x",4,-0.0068650928250665,0.194424068695486,1,0.625,0.297782478471052,1328.34215688705
30,"ok","0.5x",350,FALSE,"4x",4,0.00394374799500548,0.150193160283285,1,0.75,0.274909316776598,1352.06576061249
1,"ok","1x",700,FALSE,"0.25x",0.25,0.0169762305967138,0.183126628594924,1,0.375,0.279999246157402,1312.07476186752
2,"ok","1x",700,FALSE,"0.25x",0.25,-0.000634213312698405,0.255122063108425,1,0.25,0.321945304840508,1391.84182667732
3,"ok","1x",700,FALSE,"0.25x",0.25,-0.0214163306888995,0.176744168383933,1,0.75,0.282393215337277,1404.47327327728
4,"ok","1x",700,FALSE,"0.25x",0.25,0.0253345091695991,0.196934648118453,1,0.375,0.254784520233529,1382.83975744247
5,"ok","1x",700,FALSE,"0.25x",0.25,0.000985455425274588,0.243300952755957,1,0.25,0.32003434401901,1376.55126142502
6,"ok","1x",700,FALSE,"0.25x",0.25,-0.0190196515455012,0.231587877344209,1,0.5,0.445084875903826,1366.22427940369
7,"ok","1x",700,FALSE,"0.25x",0.25,-0.00361905931402691,0.205893533392929,1,0.5,0.24050139882821,1367.97150588036
8,"ok","1x",700,FALSE,"0.25x",0.25,-0.0105544946674074,0.176087595554563,1,0.375,0.196003512646774,1388.90501451492
9,"ok","1x",700,FALSE,"0.25x",0.25,-0.0235012994668093,0.286083524555809,1,0.5,0.496159332973741,1383.19405245781
10,"ok","1x",700,FALSE,"0.25x",0.25,-0.00878272287563117,0.186056134158273,0.875,0.625,0.147373596637028,1368.27418851852
11,"ok","1x",700,FALSE,"0.25x",0.25,0.0161945223256292,0.242350224915922,1,0.75,0.4164667033573,1368.1233227253
12,"ok","1x",700,FALSE,"0.25x",0.25,-0.0274411091776859,0.270567828206585,1,0.375,0.361223305503246,1390.46673178673
13,"ok","1x",700,FALSE,"0.25x",0.25,-0.00648786798456203,0.183346809562541,0.875,0.5,0.097134990695953,1383.20449781418
14,"ok","1x",700,FALSE,"0.25x",0.25,-0.00326033684816331,0.202829288246319,1,0.25,0.248061986398694,1313.74585676193
15,"ok","1x",700,FALSE,"0.25x",0.25,-0.00935906989597836,0.20745006022309,1,0.375,0.281998548475604,1357.33186125755
16,"ok","1x",700,FALSE,"0.25x",0.25,-0.0134653165760744,0.193562827212861,1,0.5,0.37627544453517,1376.29028344154
17,"ok","1x",700,FALSE,"0.25x",0.25,-0.0394898882496241,0.170221649267522,1,0.375,0.297305758576106,1284.74849104881
18,"ok","1x",700,FALSE,"0.25x",0.25,0.0158588359898767,0.207491157669993,1,0.25,0.263321890193747,1376.54733943939
19,"ok","1x",700,FALSE,"0.25x",0.25,-0.00585156130031941,0.251678760560188,1,0.25,0.374425954493492,1360.13068199158
20,"ok","1x",700,FALSE,"0.25x",0.25,0.0468803378404407,0.28094458557295,1,0.75,0.585905514937804,1354.41955304146
21,"ok","1x",700,FALSE,"0.25x",0.25,0.00665320216866484,0.190642038461702,1,0.375,0.239531750377803,1361.76485824585
22,"ok","1x",700,FALSE,"0.25x",0.25,-0.0538030701875235,0.453533041746054,0.875,0.375,0.658902818942945,1342.04354357719
23,"ok","1x",700,FALSE,"0.25x",0.25,-0.00748555814859796,0.206159909031121,1,0.5,0.259552491170078,1356.94596004486
24,"ok","1x",700,FALSE,"0.25x",0.25,0.0484167877550537,0.265132369419969,1,0.75,0.5966496144755,1403.85936880112
25,"ok","1x",700,FALSE,"0.25x",0.25,-0.00786552161038594,0.23614490511894,1,0.375,0.288186877848744,1371.60046195984
26,"ok","1x",700,FALSE,"0.25x",0.25,0.00819650817915423,0.151446674524559,1,0.875,0.205168352575718,1392.89383935928
27,"ok","1x",700,FALSE,"0.25x",0.25,-0.00389954716834228,0.210363042183853,1,0.5,0.354784527891225,1394.58381938934
28,"ok","1x",700,FALSE,"0.25x",0.25,-0.0234453224343102,0.265386740951326,1,0.375,0.324375370972518,1382.89161634445
29,"ok","1x",700,FALSE,"0.25x",0.25,-0.00321134836984304,0.184167631040087,0.875,0.375,0.144322642926665,1378.2937142849
30,"ok","1x",700,FALSE,"0.25x",0.25,-0.0259310137780785,0.279451317167938,1,0.625,0.464311031604309,1303.65591812134
1,"ok","1x",700,FALSE,"16x",16,-0.00406117246197997,0.148540504811849,1,0.75,0.15087684743592,1339.34369564056
2,"ok","1x",700,FALSE,"16x",16,0.00724154865690324,0.13933911068746,0.875,0.625,0.190642121773497,1353.49301028252
3,"ok","1x",700,FALSE,"16x",16,0.00217407441361602,0.169699097330352,0.625,0.625,0.0793282541297107,1432.57822918892
4,"ok","1x",700,FALSE,"16x",16,-0.0281273060618824,0.102162254217948,1,0.875,0.297986640119072,1378.58740830421
5,"ok","1x",700,FALSE,"16x",16,-0.00815831762498517,0.187100817632741,0.875,0.625,0.170256199260902,1410.2822728157
6,"ok","1x",700,FALSE,"16x",16,-0.0131612293276433,0.0891863874661017,1,1,0.222624520916954,1371.26746630669
7,"ok","1x",700,FALSE,"16x",16,-0.00430047184588883,0.140930248397251,1,0.75,0.190739709521062,1367.62225818634
8,"ok","1x",700,FALSE,"16x",16,-0.00205661288352754,0.176938485459066,0.5,0.875,0.0613674735354076,1379.22751736641
9,"ok","1x",700,FALSE,"16x",16,0.0925356052720999,0.671892185910816,0.75,0.25,0.701882703819555,1417.52086997032
10,"ok","1x",700,FALSE,"16x",16,-0.0256422153465573,0.432249840656777,0.875,0.25,0.434776630071661,1417.18766975403
11,"ok","1x",700,FALSE,"16x",16,-0.00159407807302661,0.132996250617321,1,1,0.141945621870293,1347.436855793
12,"ok","1x",700,FALSE,"16x",16,0.00801041007538547,0.130644097786596,1,0.875,0.187386584758903,1407.8034992218
13,"ok","1x",700,FALSE,"16x",16,0.00126565561254123,0.274640098081718,0.875,0.25,0.250840841341966,1345.92945098877
14,"ok","1x",700,FALSE,"16x",16,0.00476490557042352,0.16026506343324,1,0.625,0.116317712234282,1406.78338694572
15,"ok","1x",700,FALSE,"16x",16,-0.00939928536705937,0.154384143924749,1,0.875,0.133256459474292,1390.82890105247
16,"ok","1x",700,FALSE,"16x",16,0.00521352838966054,0.201346338466574,0.5,0.5,0.0601291859763814,1370.15586304665
17,"ok","1x",700,FALSE,"16x",16,-0.00979472703017329,0.127139661607948,1,0.875,0.241951675804886,1367.507771492
18,"ok","1x",700,FALSE,"16x",16,0.0262336923366468,0.109334218774159,1,0.75,0.26167630382233,1380.04407763481
19,"ok","1x",700,FALSE,"16x",16,-0.0030200396299475,0.120787623206257,1,0.875,0.232345498448943,1406.72140336037
20,"ok","1x",700,FALSE,"16x",16,-0.00867131047644683,0.114768971315947,1,0.75,0.239617114007492,1351.32838082314
21,"ok","1x",700,FALSE,"16x",16,-0.0127453952770516,0.155618667414648,0.875,0.75,0.140886531633289,1431.92483091354
22,"ok","1x",700,FALSE,"16x",16,-0.0034198830559272,0.129541936756256,1,0.875,0.147502106037258,1073.54013442993
23,"ok","1x",700,FALSE,"16x",16,-0.0082119298229026,0.128244635716655,1,0.75,0.236431948773043,1369.03104567528
24,"ok","1x",700,FALSE,"16x",16,0.0226706846771454,0.165784188835648,1,0.75,0.261802822644418,1377.15148210526
25,"ok","1x",700,FALSE,"16x",16,0.00795106148506203,0.110609832032096,1,0.75,0.252191139013319,1359.93032741547
26,"ok","1x",700,FALSE,"16x",16,0.000409712681481088,0.186186851714008,0.125,0.625,0.0141881004477607,1406.17844319344
27,"ok","1x",700,FALSE,"16x",16,0.0130857769327083,0.100471771767188,1,1,0.248320239200464,1375.49868917465
28,"ok","1x",700,FALSE,"16x",16,0.0281390396198615,0.182578301437999,1,0.875,0.465449944327311,1367.6404736042
29,"ok","1x",700,FALSE,"16x",16,0.00393038828255294,0.17173406225633,0.875,0.625,0.132824986885708,1389.2463517189
30,"ok","1x",700,FALSE,"16x",16,0.00578799639830624,0.133058613094,1,0.875,0.28505645810725,1359.12491512299
1,"ok","1x",700,FALSE,"1x",1,-0.0148667071266876,0.188801016370589,1,0.625,0.222731476264432,1327.93754124641
2,"ok","1x",700,FALSE,"1x",1,-0.00428087384739262,0.166196678357011,1,0.625,0.163406844057943,1343.307939291
3,"ok","1x",700,FALSE,"1x",1,-0.00898003707215548,0.185095264634199,1,0.75,0.116271209991671,1394.1741104126
4,"ok","1x",700,FALSE,"1x",1,-0.0315689722839801,0.173781264608096,1,0.5,0.178237343388468,1408.10461974144
5,"ok","1x",700,FALSE,"1x",1,-0.00589571001906551,0.16490467852024,1,0.75,0.171457177951391,1460.93605232239
6,"ok","1x",700,FALSE,"1x",1,-0.036282400101144,0.21905595493214,1,0.75,0.39317983715248,1396.55337381363
7,"ok","1x",700,FALSE,"1x",1,0.0152282431995493,0.186011403264907,1,0.5,0.286993134334469,1391.00590801239
8,"ok","1x",700,FALSE,"1x",1,-0.00642240732328646,0.185303631830318,0.875,0.625,0.149808073184382,1317.46993017197
9,"ok","1x",700,FALSE,"1x",1,-0.0156675528598623,0.162718570179473,1,0.5,0.242643854752773,1427.91579031944
10,"ok","1x",700,FALSE,"1x",1,-0.0143054219541305,0.172784989712557,1,0.875,0.259837678665933,1380.52756333351
11,"ok","1x",700,FALSE,"1x",1,-0.0024743451751841,0.193782914735389,1,0.5,0.216996803845627,1398.7247262001
12,"ok","1x",700,FALSE,"1x",1,0.0160498270911305,0.309026102305643,1,0.75,0.496551765922785,1381.6880967617
13,"ok","1x",700,FALSE,"1x",1,0.00104427484416608,0.164560946793296,1,0.5,0.224558857605603,1427.01428246498
14,"ok","1x",700,FALSE,"1x",1,0.0065159584355776,0.154172228824066,1,0.875,0.201824664755377,1391.95249462128
15,"ok","1x",700,FALSE,"1x",1,-0.0378325666125216,0.136487617827296,1,0.875,0.363647441399416,1394.93073058128
16,"ok","1x",700,FALSE,"1x",1,0.00435242468752288,0.191707501156976,1,0.75,0.383469141726881,1349.84619450569
17,"ok","1x",700,FALSE,"1x",1,-0.00593692818876888,0.163896375571988,1,0.625,0.256630034433362,1340.39432501793
18,"ok","1x",700,FALSE,"1x",1,-0.0098415846972719,0.210321275429267,1,0.5,0.276725827770572,1390.88423657417
19,"ok","1x",700,FALSE,"1x",1,-0.03119210237634,0.20736418180645,1,0.75,0.529468164416862,1388.05380129814
20,"ok","1x",700,FALSE,"1x",1,-0.00889775635875729,0.156087734232885,1,0.625,0.220138136950741,1351.52269935608
21,"ok","1x",700,FALSE,"1x",1,0.0051543253800204,0.162627782834335,1,0.75,0.129950566787955,1389.2281165123
22,"ok","1x",700,FALSE,"1x",1,0.0250537659595028,0.28156233705857,1,0.75,0.57693219587284,1395.40056061745
23,"ok","1x",700,FALSE,"1x",1,-0.0109354474122858,0.238621438856398,1,0.375,0.265349222304864,1409.44997119904
24,"ok","1x",700,FALSE,"1x",1,0.0120541204521042,0.176854056773982,1,0.5,0.146030586314102,1358.33649492264
25,"ok","1x",700,FALSE,"1x",1,-2.37865226900523e-06,0.175171588717956,0.75,0.5,0.151233241469713,1394.87549591064
26,"ok","1x",700,FALSE,"1x",1,-0.00645410899215349,0.164985698702313,1,0.625,0.125071086010029,1413.81903839111
27,"ok","1x",700,FALSE,"1x",1,0.00815490027814738,0.17565018443046,1,0.625,0.258880392761891,1346.88308525085
28,"ok","1x",700,FALSE,"1x",1,-0.00387287698933671,0.18126792117091,0.625,0.375,0.0723343847252196,1394.31032013893
29,"ok","1x",700,FALSE,"1x",1,0.0200155511019238,0.240298081300932,1,0.5,0.365601052608073,1396.48863124847
30,"ok","1x",700,FALSE,"1x",1,-0.0198240131312042,0.176248112739435,0.875,0.75,0.275089797772536,1360.41025710106
1,"ok","1x",700,FALSE,"4x",4,-0.0235441608237365,0.154304318699864,1,0.875,0.227501845675293,1403.3373208046
2,"ok","1x",700,FALSE,"4x",4,-0.012517435348422,0.151115375299595,1,0.75,0.210395908817643,1417.34780025482
3,"ok","1x",700,FALSE,"4x",4,-0.0150262223056491,0.135809894742343,1,0.75,0.271974093921656,1407.66791009903
4,"ok","1x",700,FALSE,"4x",4,0.00231987296582589,0.132899278260706,1,0.75,0.229245605020151,1355.87258768082
5,"ok","1x",700,FALSE,"4x",4,0.0190859401178183,0.235847474744705,0.875,0.5,0.209578677188189,1405.89491152763
6,"ok","1x",700,FALSE,"4x",4,-0.00457663407334557,0.154010514197899,1,0.625,0.132567161888705,1396.68996119499
7,"ok","1x",700,FALSE,"4x",4,-0.0120207462201567,0.118162960254987,1,0.75,0.224109680631024,1408.36256790161
8,"ok","1x",700,FALSE,"4x",4,0.010478106290603,0.11997403681433,1,0.75,0.293734909838385,1409.94888019562
9,"ok","1x",700,FALSE,"4x",4,-0.0280927436963958,0.188941470353184,0.875,0.5,0.120781570463351,1399.64799499512
10,"ok","1x",700,FALSE,"4x",4,-0.0223975717986446,0.175465573155215,1,0.5,0.206623583900035,1355.61896848679
11,"ok","1x",700,FALSE,"4x",4,0.00472502661149717,0.170987208648734,1,0.5,0.162592482226915,1398.04088020325
12,"ok","1x",700,FALSE,"4x",4,-0.0621487636281802,0.163343072840922,1,0.875,0.434328750575415,1452.45660948753
13,"ok","1x",700,FALSE,"4x",4,0.0137292887939763,0.136241727763726,1,0.75,0.194533102654792,1357.8941423893
14,"ok","1x",700,FALSE,"4x",4,-0.00264496663673053,0.177884692927176,1,0.625,0.152200899107835,1401.03369832039
15,"ok","1x",700,FALSE,"4x",4,-0.00615540566388825,0.130391604451154,1,0.75,0.183963742366341,1411.62474799156
16,"ok","1x",700,FALSE,"4x",4,-0.00335849339896845,0.185603639635664,0.75,0.625,0.103666390425535,1373.26218032837
17,"ok","1x",700,FALSE,"4x",4,0.000618880548192178,0.19012658658617,1,0.5,0.210355575944876,1405.81326532364
18,"ok","1x",700,FALSE,"4x",4,-0.00381512281937995,0.181276902427408,0.875,0.625,0.135927126525497,1393.17860627174
19,"ok","1x",700,FALSE,"4x",4,-0.0152122986414308,0.176653087265799,1,0.625,0.285022634216136,1377.44066548347
20,"ok","1x",700,FALSE,"4x",4,-0.010421637727578,0.198335340046592,0.75,0.25,0.153320280658169,1398.04284954071
21,"ok","1x",700,FALSE,"4x",4,0.0232459453258966,0.184073372583291,1,0.5,0.250433137207498,1401.02038526535
22,"ok","1x",700,FALSE,"4x",4,1.59567119625942,2.81067086825541,1,0.75,3.07089200664802,1337.08346796036
23,"ok","1x",700,FALSE,"4x",4,-0.0114082600588991,0.169684234077943,1,0.625,0.256359288594822,1326.49889731407
24,"ok","1x",700,FALSE,"4x",4,0.00409000586598292,0.122914689611077,1,0.625,0.2148864203383,1366.65541267395
25,"ok","1x",700,FALSE,"4x",4,0.475443512128883,0.551461144576756,1,0.5,0.790541069121628,1377.35738039017
26,"ok","1x",700,FALSE,"4x",4,-0.00652952638454932,0.186931202691776,0.75,0.5,0.110912955308917,1380.09304380417
27,"ok","1x",700,FALSE,"4x",4,-0.00761503304700397,0.161980653897308,0.875,0.625,0.176266220587981,1390.80623531342
28,"ok","1x",700,FALSE,"4x",4,0.000309121926338801,0.167614132913062,1,0.75,0.193238873458529,1373.63320827484
29,"ok","1x",700,FALSE,"4x",4,-0.00629405187868624,0.177479674178677,0.75,0.75,0.107456121849952,1024.19851350784
30,"ok","1x",700,FALSE,"4x",4,0.0121133220215093,0.170027715382683,0.875,0.625,0.0829676667536555,1096.29738068581
1,"ok","2x",1400,TRUE,"0.25x",0.25,-0.0219551324611689,0.226135938921719,1,0.375,0.218248041619872,1147.44544816017
2,"ok","2x",1400,TRUE,"0.25x",0.25,-0.0200365703286631,0.206941141113239,1,0.5,0.320597110789827,1404.91865444183
3,"ok","2x",1400,TRUE,"0.25x",0.25,-0.0136900697137642,0.227213688358217,1,0.375,0.322668892428446,1437.5016605854
4,"ok","2x",1400,TRUE,"0.25x",0.25,0.000278132246589278,0.169564812331924,1,0.25,0.184721185461744,1434.55184412003
5,"ok","2x",1400,TRUE,"0.25x",0.25,-0.0283075967951751,0.211701700915387,1,0.375,0.324213194422457,1042.57361006737
6,"ok","2x",1400,TRUE,"0.25x",0.25,-0.00311190885653803,0.168774461452815,1,0.875,0.133934138711504,1417.677942276
7,"ok","2x",1400,TRUE,"0.25x",0.25,-0.0013488051436992,0.182618871437674,1,0.625,0.190261954676659,1429.5839381218
8,"ok","2x",1400,TRUE,"0.25x",0.25,-0.0022175278656753,0.18823537029498,0.75,0.25,0.124518363507541,1431.34101033211
9,"ok","2x",1400,TRUE,"0.25x",0.25,0.0418197376371127,0.208970981643978,1,0.625,0.302111844108801,1438.13713383675
10,"ok","2x",1400,TRUE,"0.25x",0.25,-0.00814827497948151,0.178975298443196,1,0.5,0.206779876877779,1427.95034003258
11,"ok","2x",1400,TRUE,"0.25x",0.25,-0.00486546378354936,0.240130002268774,1,0.125,0.348583124873439,1061.18305659294
12,"ok","2x",1400,TRUE,"0.25x",0.25,0.000541427354197432,0.183740138385615,1,0.5,0.162882931001463,1431.43494772911
13,"ok","2x",1400,TRUE,"0.25x",0.25,-0.0174156758260675,0.225139960300235,1,0.5,0.344127023220599,1437.38820552826
14,"ok","2x",1400,TRUE,"0.25x",0.25,-0.00124789934710557,0.172373459917415,1,0.875,0.152396696343081,1054.13481402397
15,"ok","2x",1400,TRUE,"0.25x",0.25,-0.0175598195397192,0.263364885999724,1,0.5,0.401026408301755,1069.22944879532
16,"ok","2x",1400,TRUE,"0.25x",0.25,-0.117950943718633,0.368298738413619,0.875,0.5,0.599357036749258,1420.83636045456
17,"ok","2x",1400,TRUE,"0.25x",0.25,-0.00117876735915726,0.207839473668126,1,0.5,0.178373348182477,1419.95950388908
18,"ok","2x",1400,TRUE,"0.25x",0.25,-0.00681046362802193,0.219400091362514,1,0.75,0.257988706178098,1427.8999774456
19,"ok","2x",1400,TRUE,"0.25x",0.25,0.00952465535590747,0.232974030134462,1,0.5,0.333982416020658,1381.86215400696
20,"ok","2x",1400,TRUE,"0.25x",0.25,-0.0121422105225368,0.191771417679711,1,0.375,0.193450145205565,1431.98615789413
21,"ok","2x",1400,TRUE,"0.25x",0.25,-0.0250225593910244,0.229441811778043,1,0.5,0.353267457609495,1432.99997544289
22,"ok","2x",1400,TRUE,"0.25x",0.25,0.0435381272838964,0.302003406906416,0.75,0.625,0.373321602764372,1421.43588685989
23,"ok","2x",1400,TRUE,"0.25x",0.25,-0.0349126935153384,0.276755206595021,0.875,0.25,0.341476083748176,1070.80079627037
24,"ok","2x",1400,TRUE,"0.25x",0.25,-0.0397323819845231,0.144452154534098,1,0.875,0.272327992282896,1086.37528347969
25,"ok","2x",1400,TRUE,"0.25x",0.25,0.00967560585146034,0.203280285823166,1,0.25,0.1699949584637,1446.96152091026
26,"ok","2x",1400,TRUE,"0.25x",0.25,-0.0128625467460208,0.0836692450558939,1,0.875,0.39436118869884,1426.52690815926
27,"ok","2x",1400,TRUE,"0.25x",0.25,0.00837225046230337,0.206971684048082,1,0.625,0.23160958603741,1421.19841146469
28,"ok","2x",1400,TRUE,"0.25x",0.25,-0.0101443625119827,0.181019981217395,1,0.625,0.162091445874388,1427.04959487915
29,"ok","2x",1400,TRUE,"0.25x",0.25,-0.0238075181878028,0.218181143188809,1,0.875,0.337594685869729,1434.76217389107
30,"ok","2x",1400,TRUE,"0.25x",0.25,-0.00964563610834606,0.213273907046407,0.75,0.25,0.138544297823171,1443.01099872589
1,"ok","2x",1400,TRUE,"16x",16,0.000396849850908931,0.165697450204642,0.875,0.625,0.0967000567086383,1398.05238318443
2,"ok","2x",1400,TRUE,"16x",16,1.38097935825139,2.66296382271335,1,0.5,3.02476078886964,1154.28146386147
3,"ok","2x",1400,TRUE,"16x",16,0.000873610336703656,0.0757730631975592,1,0.875,0.222453590384448,1403.89202952385
4,"ok","2x",1400,TRUE,"16x",16,0.00215355967739811,0.148642769439326,1,0.75,0.226908794561632,1102.45038843155
5,"ok","2x",1400,TRUE,"16x",16,-0.0114477129415582,0.149039609012947,0.75,1,0.1128965982637,1449.87186050415
6,"ok","2x",1400,TRUE,"16x",16,-0.00508475078319004,0.173683982339179,0.625,0.75,0.103164986201151,1479.63471841812
7,"ok","2x",1400,TRUE,"16x",16,-0.00891899977903618,0.135181614043962,1,0.75,0.14470848284998,1491.97985911369
8,"ok","2x",1400,TRUE,"16x",16,-0.00611271240103855,0.149083287220912,0.875,1,0.097644393112147,1374.96360993385
9,"ok","2x",1400,TRUE,"16x",16,0.00460747050932807,0.127047692347713,1,0.75,0.163961174243029,1458.45973420143
10,"ok","2x",1400,TRUE,"16x",16,-0.00571455184039216,0.145212701645622,0.875,0.875,0.136134043670636,1493.56396102905
11,"ok","2x",1400,TRUE,"16x",16,0.0114053668424856,0.102411363026557,1,1,0.231890294301721,1430.28974556923
12,"ok","2x",1400,TRUE,"16x",16,-0.0233064727157753,0.109347495347372,1,0.875,0.313160058831256,1493.47837972641
13,"ok","2x",1400,TRUE,"16x",16,-0.00401815399230872,0.170665568717789,0.625,1,0.0737936708509808,1115.28952145576
14,"ok","2x",1400,TRUE,"16x",16,-0.0101750990663461,0.180497706963428,0.625,0.5,0.115928980855592,1455.92091369629
15,"ok","2x",1400,TRUE,"16x",16,0.00406895869804861,0.146762419096179,0.875,0.75,0.150198083385556,1453.60092043877
16,"ok","2x",1400,TRUE,"16x",16,-0.0188543622434903,0.143711439567812,1,0.875,0.175596138843034,1095.33712315559
17,"ok","2x",1400,TRUE,"16x",16,0.00709760170925711,0.11028023195505,1,0.75,0.215479134769605,1184.70505595207
18,"ok","2x",1400,TRUE,"16x",16,0.00865608496636232,0.101422705427972,1,1,0.23094330275579,1491.6118144989
19,"ok","2x",1400,TRUE,"16x",16,-0.0282360525206115,0.166600723654626,1,0.75,0.237290814857936,1494.45806264877
20,"ok","2x",1400,TRUE,"16x",16,0.00212716721914777,0.160447136300954,0.875,0.625,0.0975895677078385,1390.1684782505
21,"ok","2x",1400,TRUE,"16x",16,-0.00140983267044007,0.166499907517379,0.625,1,0.0689061160998607,1508.58015155792
22,"ok","2x",1400,TRUE,"16x",16,-0.00419720637421084,0.125964132016652,1,1,0.118523709021564,1504.23718619347
23,"ok","2x",1400,TRUE,"16x",16,0.0124459747136181,0.238874216282586,0.375,0.25,0.120826481103625,1509.22927570343
24,"ok","2x",1400,TRUE,"16x",16,-0.00477056671951725,0.0880220787392564,1,0.875,0.286041277243263,1378.90828108788
25,"ok","2x",1400,TRUE,"16x",16,-0.00249734780196579,0.166215824094487,0.75,0.625,0.0750156377281397,1402.20994257927
26,"ok","2x",1400,TRUE,"16x",16,0.000232061828645944,0.166330042342079,0.875,0.625,0.123030178515353,1517.47238469124
27,"ok","2x",1400,TRUE,"16x",16,0.749870438231685,1.41729448273668,0.875,0.5,1.47594252022794,1510.61869478226
28,"ok","2x",1400,TRUE,"16x",16,0.0894119589004639,0.250162081300528,0.625,0.5,0.210776680799267,1184.13315224648
29,"ok","2x",1400,TRUE,"16x",16,0.00618220585831487,0.140720533976494,0.875,0.75,0.126360324807264,1496.82198667526
30,"ok","2x",1400,TRUE,"16x",16,-0.00605094660910441,0.171348809747839,0.75,0.625,0.111704522219374,1485.7811384201
1,"ok","2x",1400,TRUE,"1x",1,0.00249725033360837,0.191623193843219,0.875,0.5,0.145535715050658,1485.93972039223
2,"ok","2x",1400,TRUE,"1x",1,0.00271027272792822,0.199182727220876,0.75,0.5,0.11263979060352,1472.60367465019
3,"ok","2x",1400,TRUE,"1x",1,-0.0132558958960671,0.187396408545919,1,0.625,0.17091468015724,1474.07282710075
4,"ok","2x",1400,TRUE,"1x",1,-0.0165788673723964,0.208701547199226,1,0.375,0.219821301410881,1269.70187020302
5,"ok","2x",1400,TRUE,"1x",1,-0.00928687929419982,0.106987655302286,1,0.75,0.224014586410249,1441.64721107483
6,"ok","2x",1400,TRUE,"1x",1,-0.000549611493785614,0.191880789434637,0.625,0.25,0.0734196476519163,1481.52261185646
7,"ok","2x",1400,TRUE,"1x",1,-0.00349465329917805,0.183112933755649,0.875,0.625,0.166941920719941,1410.79051280022
8,"ok","2x",1400,TRUE,"1x",1,-0.0143369524621077,0.189549839944658,1,0.375,0.210125452277937,1469.49339771271
9,"ok","2x",1400,TRUE,"1x",1,0.0200441864155658,0.375906086335708,0.75,0.5,0.479995258054315,1487.14220547676
10,"ok","2x",1400,TRUE,"1x",1,-0.0169825458755112,0.204294676989666,1,0.5,0.192432899313701,1464.4569580555
11,"ok","2x",1400,TRUE,"1x",1,0.00298900163016435,0.163174189367726,1,0.5,0.174104721944301,1471.57692551613
12,"ok","2x",1400,TRUE,"1x",1,0.00128785503386098,0.215619077159655,1,0.5,0.300953523669167,1476.85323476791
13,"ok","2x",1400,TRUE,"1x",1,0.00366134922393971,0.183893446737504,0.75,0.5,0.087823810921885,1271.15362215042
14,"ok","2x",1400,TRUE,"1x",1,-0.00252150324812941,0.158626960689165,1,0.625,0.219601862561923,1433.21652626991
15,"ok","2x",1400,TRUE,"1x",1,0.00116636129878192,0.191046481201264,1,0.5,0.158597820191664,1475.70189476013
16,"ok","2x",1400,TRUE,"1x",1,0.0145143008653667,0.168043798820164,1,0.75,0.373647691921656,1316.50823497772
17,"ok","2x",1400,TRUE,"1x",1,-0.0130076285168197,0.218720923503281,0.875,0.5,0.261663520529141,1493.94673323631
18,"ok","2x",1400,TRUE,"1x",1,0.0013621537850961,0.186238059122018,0.625,0.375,0.102898409883628,1472.43097710609
19,"ok","2x",1400,TRUE,"1x",1,-0.00526543428190261,0.176442638527899,0.625,0.625,0.0902784476011523,1317.93550515175
20,"ok","2x",1400,TRUE,"1x",1,0.0115151550650338,0.185022435239201,1,0.625,0.22762953127875,1471.55491566658
21,"ok","2x",1400,TRUE,"1x",1,-0.00775807568428772,0.148359123112334,1,0.875,0.134814547296888,1382.0073800087
22,"ok","2x",1400,TRUE,"1x",1,-0.0146206482074182,0.156571697323427,1,0.75,0.274133068450423,1407.80993390083
23,"ok","2x",1400,TRUE,"1x",1,-0.0184001575079468,0.191971558994552,0.875,0.375,0.16708306186998,1477.82498073578
24,"ok","2x",1400,TRUE,"1x",1,-0.011064405811225,0.135586186799349,1,0.75,0.288407940528871,1426.99499630928
25,"ok","2x",1400,TRUE,"1x",1,-0.00808729678724841,0.180825933127941,1,0.75,0.357401637201378,1467.69096541405
26,"ok","2x",1400,TRUE,"1x",1,0.000664520053186857,0.1679905156274,1,0.75,0.141100557635845,1271.29859209061
27,"ok","2x",1400,TRUE,"1x",1,-0.00645234121884415,0.176979480309662,1,0.75,0.119570387426108,1481.72557902336
28,"ok","2x",1400,TRUE,"1x",1,-0.00921191882907029,0.173421866955709,1,0.75,0.186330656841947,1470.53968477249
29,"ok","2x",1400,TRUE,"1x",1,0.0141694753030614,0.198684647209051,0.875,0.5,0.179352198856831,1304.36800074577
30,"ok","2x",1400,TRUE,"1x",1,0.000356579501204043,0.182802178030295,1,0.375,0.23863078661857,1458.49600028992
1,"ok","2x",1400,TRUE,"4x",4,-0.0188461951656454,0.226382262075406,0.875,0.375,0.313221817703883,1469.54513001442
2,"ok","2x",1400,TRUE,"4x",4,-0.0142910576383549,0.172597690746958,0.875,0.625,0.161323338805373,1479.07462072372
3,"ok","2x",1400,TRUE,"4x",4,-0.0102346551757723,0.163602641877807,1,0.5,0.254332295637946,1437.88409018517
4,"ok","2x",1400,TRUE,"4x",4,-0.00327877876654319,0.176026844858056,0.875,0.625,0.104118671290385,1471.12769937515
5,"ok","2x",1400,TRUE,"4x",4,0.00159176912606358,0.101154123486551,1,1,0.20143267258122,1328.39184498787
6,"ok","2x",1400,TRUE,"4x",4,-0.027692451481946,0.17528327624726,0.875,0.625,0.2277349618102,1464.30769443512
7,"ok","2x",1400,TRUE,"4x",4,-0.0135335996395235,0.160595936327723,1,0.75,0.123597221826686,1476.53263807297
8,"ok","2x",1400,TRUE,"4x",4,0.0107146214387217,0.175141003194262,0.625,0.75,0.0911794499545538,1402.71761155128
9,"ok","2x",1400,TRUE,"4x",4,-0.00190009424981235,0.156950439632518,0.875,0.75,0.139000000817453,1213.27379608154
10,"ok","2x",1400,TRUE,"4x",4,-0.0335918053198373,0.180950088916195,1,0.75,0.301622186420828,1455.94940423965
11,"ok","2x",1400,TRUE,"4x",4,-0.00692530667532555,0.161595952532189,1,0.625,0.188434928834004,1468.97619509697
12,"ok","2x",1400,TRUE,"4x",4,0.0124568250779093,0.280185203419196,0.75,0.375,0.224657185643552,1129.68122386932
13,"ok","2x",1400,TRUE,"4x",4,-0.00533881625791951,0.169943664037428,0.875,0.75,0.204917748274349,1415.89604473114
14,"ok","2x",1400,TRUE,"4x",4,-0.00139025725636988,0.132401278159645,1,0.625,0.173351560526021,1493.63921570778
15,"ok","2x",1400,TRUE,"4x",4,-0.0307201782292388,0.119500328092721,1,0.75,0.219592149661757,1432.28722643852
16,"ok","2x",1400,TRUE,"4x",4,-0.00761084395745716,0.165391398130113,0.875,0.875,0.0959411224225578,1474.09878516197
17,"ok","2x",1400,TRUE,"4x",4,-0.0121696692822872,0.174519778372863,1,0.5,0.220786069113957,932.745661258698
18,"ok","2x",1400,TRUE,"4x",4,-0.00437368898847705,0.153440036596477,1,0.875,0.213012064881864,1429.17300367355
19,"ok","2x",1400,TRUE,"4x",4,-0.00128914075293746,0.169297925126493,0.75,0.875,0.0885264770035343,1506.42967557907
20,"ok","2x",1400,TRUE,"4x",4,0.00472347394788218,0.195833420207884,0.875,0.5,0.164004482507771,1433.19089889526
21,"ok","2x",1400,TRUE,"4x",4,-0.00126502209532651,0.141478554183562,1,0.75,0.188144941258492,1490.9924621582
22,"ok","2x",1400,TRUE,"4x",4,0.0241108260225051,0.154358607069417,1,0.5,0.168798630602649,1506.2787334919
23,"ok","2x",1400,TRUE,"4x",4,0.022336191287463,0.144784579216205,1,0.75,0.210709493511783,1470.11786437035
24,"ok","2x",1400,TRUE,"4x",4,-0.024703873780531,0.26439195058374,0.875,0.625,0.392417934178498,1507.89069104195
25,"ok","2x",1400,TRUE,"4x",4,0.0106806379911559,0.167525467705003,0.875,0.75,0.125188365701682,939.14545750618
26,"ok","2x",1400,TRUE,"4x",4,0.00306726755305163,0.172482693723364,0.75,0.625,0.109225402631076,1428.46439862251
27,"ok","2x",1400,TRUE,"4x",4,0.00136037754193157,0.163221254564155,0.875,0.75,0.115153379051217,1483.68254303932
28,"ok","2x",1400,TRUE,"4x",4,-0.0577186257077767,0.182887200332689,1,0.75,0.398740784944352,1508.16049647331
29,"ok","2x",1400,TRUE,"4x",4,-0.00422629122734998,0.159053425727885,0.875,0.875,0.132198515417978,1459.49488639832
30,"ok","2x",1400,TRUE,"4x",4,0.00173187977404488,0.178585396847039,0.875,0.5,0.136519742004993,1516.66996431351
1,"ok","4x",2800,TRUE,"0.25x",0.25,0.00495801043709931,0.20151676056621,1,0.625,0.328592555722016,1022.03697681427
2,"ok","4x",2800,TRUE,"0.25x",0.25,-0.0413672624387956,0.269628277830013,1,0.625,0.334364465755483,1589.97894716263
3,"ok","4x",2800,TRUE,"0.25x",0.25,0.00374956941343255,0.219768373819017,1,0.375,0.261446859876026,1679.99590039253
4,"ok","4x",2800,TRUE,"0.25x",0.25,0.000845470081683001,0.174870110738225,1,0.75,0.165942075426305,1681.93332576752
5,"ok","4x",2800,TRUE,"0.25x",0.25,-0.0324969636212463,0.215182015422424,1,0.375,0.274691592031471,1689.54998159409
6,"ok","4x",2800,TRUE,"0.25x",0.25,-0.0148981408476337,0.18343952730206,1,0.625,0.228832812039656,1644.64819860458
7,"ok","4x",2800,TRUE,"0.25x",0.25,-0.00269256121721635,0.213423063382603,1,0.25,0.217072069421347,1637.59308552742
8,"ok","4x",2800,TRUE,"0.25x",0.25,-0.0176952827753331,0.180867861582432,1,0.625,0.259281015614035,1660.51533079147
9,"ok","4x",2800,TRUE,"0.25x",0.25,-0.00342857351206693,0.201383344189672,1,0.5,0.212014506562274,1645.65201377869
10,"ok","4x",2800,TRUE,"0.25x",0.25,0.019754997426824,0.180732187230611,1,0.5,0.13754554521999,1659.74041557312
11,"ok","4x",2800,TRUE,"0.25x",0.25,-0.00284753721989834,0.178114540412415,1,0.75,0.17819409232196,1632.18375492096
12,"ok","4x",2800,TRUE,"0.25x",0.25,0.00615499958990203,0.208920788328311,1,0.375,0.256801804863259,1565.12407016754
13,"ok","4x",2800,TRUE,"0.25x",0.25,-0.0230740739971157,0.201805118281985,1,0.5,0.29922809471885,1562.16215896606
14,"ok","4x",2800,TRUE,"0.25x",0.25,-0.0376393912256247,0.216028816649699,1,0.625,0.442381337155335,1613.12629437447
15,"ok","4x",2800,TRUE,"0.25x",0.25,-0.0370212958322967,0.208276455971958,1,0.625,0.38275584148924,1615.74980545044
16,"ok","4x",2800,TRUE,"0.25x",0.25,-0.0256475558947646,0.205502465895035,1,0.75,0.275223332038629,1608.75506782532
17,"ok","4x",2800,TRUE,"0.25x",0.25,0.0123072879593314,0.325986689591595,0.875,0.5,0.443892729051602,1609.98408484459
18,"ok","4x",2800,TRUE,"0.25x",0.25,-0.00299750856316936,0.197966128173888,1,0.5,0.18314805913093,1638.84076905251
19,"ok","4x",2800,TRUE,"0.25x",0.25,-0.0115120059764077,0.180850918938781,1,0.75,0.124233582152233,1654.12677717209
20,"ok","4x",2800,TRUE,"0.25x",0.25,-0.0129368725040958,0.183594927056655,1,0.75,0.208642026299338,1671.49874329567
21,"ok","4x",2800,TRUE,"0.25x",0.25,-0.0123122884256363,0.192692302183159,1,0.375,0.208977316378791,1646.61929655075
22,"ok","4x",2800,TRUE,"0.25x",0.25,-0.00291981162250102,0.212903922080065,1,0.5,0.235326215884595,1647.0018093586
23,"ok","4x",2800,TRUE,"0.25x",0.25,0.00356536745789142,0.174718245896407,1,0.75,0.269527790141809,1681.93339252472
24,"ok","4x",2800,TRUE,"0.25x",0.25,-0.0579791053381489,0.268784928251449,1,0.375,0.418773941167616,1704.42734408379
25,"ok","4x",2800,TRUE,"0.25x",0.25,0.00397121227386941,0.186029626589891,1,0.625,0.333040478765482,1656.43673062325
26,"ok","4x",2800,TRUE,"0.25x",0.25,-0.00217237742330438,0.291676933952231,1,0.375,0.353809330735537,1703.33807229996
27,"ok","4x",2800,TRUE,"0.25x",0.25,0.00712238105813334,0.208296791965116,1,0.125,0.167946777747223,1659.51589298248
28,"ok","4x",2800,TRUE,"0.25x",0.25,0.00898432791686387,0.357261122586675,1,0.5,0.53201387321312,1658.43586730957
29,"ok","4x",2800,TRUE,"0.25x",0.25,-0.00892894914413432,0.172399479349595,1,0.75,0.218175438212228,1618.01028394699
30,"ok","4x",2800,TRUE,"0.25x",0.25,-0.0186534245802242,0.26089200283439,0.875,0.5,0.304496867545661,1606.1463778019
1,"ok","4x",2800,TRUE,"16x",16,-0.0174159945051261,0.156305356659503,0.875,0.625,0.150770946130303,1656.97277379036
2,"ok","4x",2800,TRUE,"16x",16,-0.00625150505340281,0.120291484140398,1,0.75,0.203419092316089,1651.04575681686
3,"ok","4x",2800,TRUE,"16x",16,1.94545098416783,3.44949113800988,0.875,0.5,3.12679218845711,1589.18894290924
4,"ok","4x",2800,TRUE,"16x",16,-0.00494641904675119,0.162295956176446,0.75,0.75,0.115939261639759,1432.03112959862
5,"ok","4x",2800,TRUE,"16x",16,-0.00100808367291618,0.167419721079559,0.75,0.625,0.0581190335042295,1602.50979042053
6,"ok","4x",2800,TRUE,"16x",16,2.4039907311166,3.21431169196358,1,0.5,3.02457288779072,1618.74484086037
7,"ok","4x",2800,TRUE,"16x",16,-0.0170920564972621,0.151464706078384,0.875,0.75,0.148368420065235,1639.29579687119
8,"ok","4x",2800,TRUE,"16x",16,0.00588520274806956,0.146550618993455,1,0.75,0.230643253905481,1652.72923350334
9,"ok","4x",2800,TRUE,"16x",16,-0.011170278334302,0.158855006762054,0.75,0.875,0.103140478474849,1676.96051311493
10,"ok","4x",2800,TRUE,"16x",16,0.00177085341619846,0.152699441072941,0.875,0.875,0.132259109596648,1692.18346786499
11,"ok","4x",2800,TRUE,"16x",16,1.88600872603754,3.16202899596094,0.875,0.625,2.92597353221022,1679.13485908508
12,"ok","4x",2800,TRUE,"16x",16,-0.0231441209260141,0.212102314672958,0.875,0.625,0.246665370503918,1669.90956020355
13,"ok","4x",2800,TRUE,"16x",16,3.44850602905197,5.3238135580515,0.875,0.5,4.29167001306975,1692.26295948029
14,"ok","4x",2800,TRUE,"16x",16,-0.0102127010104635,0.120304503667002,1,0.75,0.204646084330521,1690.80152177811
15,"ok","4x",2800,TRUE,"16x",16,1.22834799631941,1.69345858948918,0.75,0.5,1.60562672838649,1698.39780044556
16,"ok","4x",2800,TRUE,"16x",16,0.0104588992170141,0.133665013827587,0.875,0.625,0.190865227127521,1612.22031474113
17,"ok","4x",2800,TRUE,"16x",16,-0.000972075917731617,0.182689806512182,0.5,0.375,0.0773724324515727,1646.17140817642
18,"ok","4x",2800,TRUE,"16x",16,0.00861076773686868,0.109373483586295,1,0.875,0.181463125813011,1653.94179940224
19,"ok","4x",2800,TRUE,"16x",16,0.00664526008615671,0.149271258966126,0.875,0.75,0.165787113787056,1648.58143019676
20,"ok","4x",2800,TRUE,"16x",16,0.017408819367179,0.148355421330251,1,0.625,0.253619503864648,1646.43627667427
21,"ok","4x",2800,TRUE,"16x",16,0.00787272302896081,0.140888734238456,1,0.875,0.119165177345351,1629.89608311653
22,"ok","4x",2800,TRUE,"16x",16,2.30905314888946,3.01041428826912,1,0.625,2.89087879728206,1632.62672615051
23,"ok","4x",2800,TRUE,"16x",16,-0.0172641739448164,0.135743092675358,1,0.75,0.194738600179841,1627.9532058239
24,"ok","4x",2800,TRUE,"16x",16,-0.047685045700094,0.131656160053032,1,0.625,0.23177760148719,1621.99399900436
25,"ok","4x",2800,TRUE,"16x",16,-0.00575935157124802,0.133320405798945,1,0.875,0.197406395883771,1639.90760374069
26,"ok","4x",2800,TRUE,"16x",16,-0.0492623595107248,0.0951500854221026,1,0.875,0.22782322845734,1618.05608463287
27,"ok","4x",2800,TRUE,"16x",16,0.108516847349169,0.223215237149358,1,0.875,0.424168114305929,1633.84720659256
28,"ok","4x",2800,TRUE,"16x",16,-0.00388119233117688,0.142593119368218,1,0.75,0.118440904071186,1618.98805069923
29,"ok","4x",2800,TRUE,"16x",16,1.29606409363245,1.98840218193046,1,0.5,1.75128878931022,1631.21470189095
30,"ok","4x",2800,TRUE,"16x",16,0.00190999310637724,0.134405283221747,1,0.625,0.16277212056864,1579.68600225449
1,"ok","4x",2800,TRUE,"1x",1,-0.00564581185607809,0.189860239249843,1,0.375,0.148918706570828,1602.02666258812
2,"ok","4x",2800,TRUE,"1x",1,0.00281776223313517,0.174212314871349,0.875,0.875,0.121393768802268,1579.1566491127
3,"ok","4x",2800,TRUE,"1x",1,-0.00274863670877875,0.161779639180224,1,0.75,0.144245546792423,1594.88111805916
4,"ok","4x",2800,TRUE,"1x",1,-0.00579045905119382,0.231858259477284,1,0.625,0.319934745609716,1591.6448931694
5,"ok","4x",2800,TRUE,"1x",1,-0.00145792849507362,0.198415191447542,0.75,0.375,0.160487081516618,1456.8293659687
6,"ok","4x",2800,TRUE,"1x",1,0.00230069481845843,0.17248714715401,1,0.875,0.119772683076565,1588.85601449013
7,"ok","4x",2800,TRUE,"1x",1,0.0016826054370966,0.159127656126555,1,0.75,0.309140819594621,1545.68653559685
8,"ok","4x",2800,TRUE,"1x",1,0.0109183523301328,0.125403419288331,1,0.75,0.277534206161585,1605.4374859333
9,"ok","4x",2800,TRUE,"1x",1,0.00608000641012866,0.354966946359078,0.875,0.5,0.413228860658195,1608.88708281517
10,"ok","4x",2800,TRUE,"1x",1,-0.0245531527343183,0.164361019655133,1,0.875,0.199689536261157,1613.03343391418
11,"ok","4x",2800,TRUE,"1x",1,-0.00799404190855243,0.183554997113661,1,0.5,0.17349871873881,1604.52123117447
12,"ok","4x",2800,TRUE,"1x",1,-0.00850049546432323,0.152930742994234,1,0.75,0.284169795693082,1598.22518754005
13,"ok","4x",2800,TRUE,"1x",1,-0.00993943153298871,0.174131535983646,0.875,0.75,0.205749852512175,1610.74330186844
14,"ok","4x",2800,TRUE,"1x",1,-0.0111567885502926,0.182653660450512,1,0.375,0.162337817467223,1601.72150301933
15,"ok","4x",2800,TRUE,"1x",1,0.00271925005780563,0.202092148854833,0.875,0.375,0.166153391190893,1590.38329792023
16,"ok","4x",2800,TRUE,"1x",1,-0.0176653197911027,0.13545629718063,1,0.625,0.224142867017253,1521.40796852112
17,"ok","4x",2800,TRUE,"1x",1,-0.014421664862156,0.180881261523434,1,0.375,0.203260280198033,1609.00877308846
18,"ok","4x",2800,TRUE,"1x",1,-0.00515636883478803,0.190802295230444,0.75,0.625,0.143487002593123,1561.47996973991
19,"ok","4x",2800,TRUE,"1x",1,-0.0113054831027667,0.1862307648343,1,0.5,0.194493032829319,1616.57650589943
20,"ok","4x",2800,TRUE,"1x",1,0.0246297379991915,0.163620999391327,1,0.5,0.223783384936602,1628.17775058746
21,"ok","4x",2800,TRUE,"1x",1,-0.0579616312162528,0.176794403597653,0.875,0.625,0.132606737747251,1608.40649294853
22,"ok","4x",2800,TRUE,"1x",1,-0.00393713792813598,0.14927758175822,1,0.875,0.154141949641064,1604.46154522896
23,"ok","4x",2800,TRUE,"1x",1,-0.00318884138276067,0.195549938356199,0.75,0.5,0.124141389399868,1616.74467086792
24,"ok","4x",2800,TRUE,"1x",1,-0.00845684945422022,0.177411235409183,1,0.375,0.135071591478303,1549.01754331589
25,"ok","4x",2800,TRUE,"1x",1,-0.0109691627992944,0.146525572993055,1,0.75,0.293755097314975,1539.60136246681
26,"ok","4x",2800,TRUE,"1x",1,-0.0116169503728507,0.235014881745963,0.75,0.5,0.237296324341476,1608.8962264061
27,"ok","4x",2800,TRUE,"1x",1,-0.00598272937132054,0.163180758477398,1,0.875,0.164694562522474,1563.53579998016
28,"ok","4x",2800,TRUE,"1x",1,0.00379298599680733,0.159667716386151,1,0.75,0.128887592573889,1593.41685509682
29,"ok","4x",2800,TRUE,"1x",1,-0.00675720710017001,0.180517332083251,0.875,0.5,0.142271932754584,1577.77543473244
30,"ok","4x",2800,TRUE,"1x",1,-0.0492663389085437,0.316924645411085,0.75,0.375,0.358911188908403,1582.3274409771
1,"ok","4x",2800,TRUE,"4x",4,-0.0305883896781766,0.271146995356256,0.875,0.5,0.308834583590198,1565.77661466599
2,"ok","4x",2800,TRUE,"4x",4,-0.00640765273409894,0.148000978035707,1,0.625,0.203858944378817,1585.42274975777
3,"ok","4x",2800,TRUE,"4x",4,0.00659921877503525,0.141718350126809,1,1,0.14736925687899,1574.22016859055
4,"ok","4x",2800,TRUE,"4x",4,-0.00487498461625269,0.16052953813998,1,0.875,0.12069215126014,1570.91089987755
5,"ok","4x",2800,TRUE,"4x",4,-0.019234244094094,0.0965955000995547,1,0.875,0.235363166893454,1081.44199776649
6,"ok","4x",2800,TRUE,"4x",4,3.16910256671159,5.46870986891494,0.625,0.75,5.09014704053159,1457.9890229702
7,"ok","4x",2800,TRUE,"4x",4,0.00110159884926572,0.154295571129706,0.875,0.875,0.11968066771644,1080.63388514519
8,"ok","4x",2800,TRUE,"4x",4,-0.0107300495618567,0.161959762259073,1,0.875,0.149268353701034,1233.60904455185
9,"ok","4x",2800,TRUE,"4x",4,0.0250948847670917,0.275387824427142,0.875,0.5,0.339470517807403,1273.10275292397
10,"ok","4x",2800,TRUE,"4x",4,0.00535531226884097,0.180672655050554,0.875,0.625,0.0954129257289018,1272.02131462097
11,"ok","4x",2800,TRUE,"4x",4,-0.00473814116278749,0.17033003598793,0.75,0.625,0.072023413557021,1277.82116651535
12,"ok","4x",2800,TRUE,"4x",4,0.00440652851263223,0.169842504411785,1,0.75,0.245072463685004,1280.2110619545
13,"ok","4x",2800,TRUE,"4x",4,-0.00674422614032785,0.176519010632346,0.75,0.75,0.0801867343581819,1297.91325736046
14,"ok","4x",2800,TRUE,"4x",4,0.00293210863034053,0.143719588019064,0.875,0.75,0.202823094381832,1259.8407292366
15,"ok","4x",2800,TRUE,"4x",4,-0.0135354057392302,0.123924644953969,1,0.75,0.198789351934361,1288.64579033852
16,"ok","4x",2800,TRUE,"4x",4,-0.0202977483192962,0.172491306785705,1,0.75,0.177440948086212,1372.8993062973
17,"ok","4x",2800,TRUE,"4x",4,0.000396685100879555,0.17126421247401,0.875,0.625,0.0941995436945423,1489.42923593521
18,"ok","4x",2800,TRUE,"4x",4,-0.00408935691832104,0.167067320072837,0.875,0.75,0.0878533817247493,1167.29812312126
19,"ok","4x",2800,TRUE,"4x",4,-0.0164464684442973,0.1978497059441,0.875,0.75,0.287176814770177,1189.24443936348
20,"ok","4x",2800,TRUE,"4x",4,0.00330994642382713,0.167065868941449,0.875,0.75,0.122788559132891,1192.35544157028
21,"ok","4x",2800,TRUE,"4x",4,0.00397855902567668,0.153499739242796,0.875,0.75,0.136420040037714,1172.18827724457
22,"ok","4x",2800,TRUE,"4x",4,-0.00651660379572506,0.118637743466882,1,0.75,0.237909065123034,1163.36357855797
23,"ok","4x",2800,TRUE,"4x",4,-0.004778230720815,0.176722965895753,0.75,0.5,0.104921990774558,1480.71370410919
24,"ok","4x",2800,TRUE,"4x",4,-0.00162444754110601,0.158366774202785,1,0.75,0.116217148480809,1484.54386258125
25,"ok","4x",2800,TRUE,"4x",4,0.0010692790361204,0.133543478590595,1,0.75,0.157355401431165,1552.82561135292
26,"ok","4x",2800,TRUE,"4x",4,-0.00422892405837921,0.14845134529645,1,0.875,0.173528439897986,1504.48909163475
27,"ok","4x",2800,TRUE,"4x",4,-0.0139206349114248,0.176577663759966,0.875,0.75,0.130123135615336,1520.80591464043
28,"ok","4x",2800,TRUE,"4x",4,0.00141168153991486,0.172223209439467,0.875,0.75,0.0879836913655919,1563.76670265198
29,"ok","4x",2800,TRUE,"4x",4,-0.00391175032211824,0.173465399299438,0.75,1,0.0967207727312795,1467.05886507034
30,"ok","4x",2800,TRUE,"4x",4,0.00982139914415868,0.169321442572574,0.875,0.5,0.131929780086984,1513.91798639297
